StockCode,TotalInvoices,InvoicesWithRecommended,AttachmentRate,Description,Category,UnitPrice
90175A,25,25,1.0,WHITE GLASS CHUNKY CHARM BRACELET,Accessories & Jewellery,9.34
85130A,10,10,1.0,BEADED PEARL HEART WHITE LARGE,Decor & Gifts,1.65
23093,142,142,1.0,SMALL PARISIENNE HEART PHOTO FRAME ,Decor & Gifts,2.49
23082,297,297,1.0,SET 6 PAPER TABLE LANTERN HEARTS ,Decor & Gifts,3.29
82616B,73,73,1.0,FRAPPUCINO SCARF KNITTING KIT,Storage & Furniture,2.95
21642,101,101,1.0,ASSORTED TUTTI FRUTTI PEN,Stationery,0.85
23100,257,257,1.0,SILVER BELLS TABLE DECORATION,Decor & Gifts,1.25
20652,80,80,1.0,BLUE POLKADOT LUGGAGE TAG ,Stationery,1.25
20661,33,33,1.0,BLUE POLKADOT PURSE ,Bags & Carriers,2.95
21845,82,82,1.0,DAIRY MAID STRIPE MUG,Kitchen & Tableware,2.95
90198B,17,17,1.0,VINTAGE ROSE BEAD BRACELET BLACK,Accessories & Jewellery,4.25
23281,101,101,1.0,FOLDING MIRROR RED  ,Home Decor & Lighting,0.83
20657,33,33,1.0,TROPICAL LUGGAGE TAG,Stationery,1.25
72130,27,27,1.0,COLUMBIAN CANDLE ROUND,Home Decor & Lighting,0.65
22398,248,248,1.0,MAGNETS PACK OF 4 SWALLOWS,Decor & Gifts,1.25
72128,36,36,1.0,COLUMBIAN CANDLE ROUND,Home Decor & Lighting,0.85
23174,322,322,1.0,REGENCY SUGAR BOWL GREEN,Kitchen & Tableware,4.15
22337,77,77,1.0,ANGEL DECORATION PAINTED ZINC ,Decor & Gifts,0.65
22339,83,83,1.0,CHRISTMAS TREE PAINTED ZINC ,Seasonal / Holiday,0.65
82494l,61,61,1.0,WOODEN FRAME ANTIQUE WHITE ,Decor & Gifts,8.47
47591d,56,56,1.0,PINK FAIRY CAKE CHILDRENS APRON,Kitchen & Tableware,5.06
85049e,42,42,1.0,SCANDINAVIAN REDS RIBBONS,Craft & Hobby,3.36
84030e,41,41,1.0,ENGLISH ROSE HOT WATER BOTTLE,Kitchen & Tableware,8.47
85129C,15,15,1.0,BEADED CRYSTAL HEART BLUE SMALL,Decor & Gifts,1.25
22892,199,199,1.0,SET OF SALT AND PEPPER TOADSTOOLS,Utility & DIY,1.25
84849A,53,53,1.0,HELLO SAILOR BLUE SOAP HOLDER,Utility & DIY,1.69
22306,111,111,1.0,SILVER MUG BONE CHINA TREE OF LIFE,Kitchen & Tableware,1.95
23079,106,106,1.0,TOADSTOOL BEDSIDE LIGHT ,Home Decor & Lighting,8.95
23111,138,138,1.0,PARISIENNE SEWING BOX,Storage & Furniture,12.5
84997c,62,62,1.0,BLUE 3 PIECE POLKADOT CUTLERY SET,Kitchen & Tableware,8.47
48173c,7,7,1.0,DOORMAT BLACK FLOCK ,Decor & Gifts,16.98
84997d,73,73,1.0,PINK 3 PIECE POLKADOT CUTLERY SET,Kitchen & Tableware,8.47
47559b,28,28,1.0,TEA TIME OVEN GLOVE,Decor & Gifts,3.36
20960,10,10,1.0,WATERMELON BATH SPONGE,Kitchen & Tableware,2.51
85099f,10,10,1.0,JUMBO BAG STRAWBERRY,Bags & Carriers,5.06
84997b,67,67,1.0,RED 3 PIECE RETROSPOT CUTLERY SET,Kitchen & Tableware,8.47
85123a,67,67,1.0,WHITE HANGING HEART T-LIGHT HOLDER,Decor & Gifts,6.77
85049a,36,36,1.0,TRADITIONAL CHRISTMAS RIBBONS,Seasonal / Holiday,3.36
23103,365,365,1.0,JINGLE BELL HEART DECORATION,Decor & Gifts,1.65
22701,115,115,1.0,PINK DOG BOWL,Kitchen & Tableware,2.95
22362,137,137,1.0,GLASS JAR PEACOCK BATH SALTS,Storage & Furniture,2.95
21040,8,8,1.0,MODERN VINTAGE COTTON SHOPPING BAG,Bags & Carriers,2.55
90162D,5,5,1.0,ANT SILVER PURPLE BOUDICCA RING,Accessories & Jewellery,2.95
84924A,33,33,1.0,WAKE UP COCKEREL CALENDAR SIGN ,Decor & Gifts,7.62
84859B,11,11,1.0,BLUE DISCO HANDBAG,Bags & Carriers,1.95
22853,116,116,1.0,CAT BOWL VINTAGE CREAM,Kitchen & Tableware,3.25
85034B,120,120,1.0,3 WHITE CHOC MORRIS BOXED CANDLES,Home Decor & Lighting,3.36
84819,62,62,1.0,DANISH ROSE ROUND SEWING BOX,Storage & Furniture,0.85
23043,23,23,1.0,PAPER LANTERN 9 POINT HOLLY STAR L,Home Decor & Lighting,6.25
22079,323,323,1.0,RIBBON REEL HEARTS DESIGN ,Decor & Gifts,1.65
90058A,7,7,1.0,CRYSTAL STUD EARRINGS CLEAR DISPLAY,Accessories & Jewellery,0.38
22671,144,144,1.0,FRENCH LAUNDRY SIGN BLUE METAL,Decor & Gifts,1.65
23151,21,21,1.0,ZINC SWEETHEART SOAP DISH,Decor & Gifts,0.79
22403,125,125,1.0,MAGNETS PACK OF 4 VINTAGE LABELS ,Stationery,2.51
22563,281,281,1.0,HAPPY STENCIL CRAFT,Craft & Hobby,1.25
23070,44,44,1.0,EDWARDIAN HEART PHOTO FRAME,Decor & Gifts,4.15
22799,89,89,1.0,SWEETHEART WIRE FRUIT BOWL,Decor & Gifts,8.5
22305,51,51,1.0,COFFEE MUG PINK PAISLEY DESIGN,Decor & Gifts,5.06
23299,146,146,1.0,FOOD COVER WITH BEADS SET 2 ,Textiles & Covers,3.75
35241,44,44,1.0,ENAMEL BLUE RIM BISCUIT BIN,Other,10.17
21947,152,152,1.0,SET OF 6 HEART CHOPSTICKS,Decor & Gifts,1.25
23172,305,305,1.0,REGENCY TEA PLATE PINK,Kitchen & Tableware,1.65
21287,55,55,1.0,SCENTED VELVET LOUNGE CANDLE ,Home Decor & Lighting,1.25
84865,14,14,1.0,NEW BAROQUE BLACK PHOTO ALBUM,Home Decor & Lighting,8.5
23190,202,202,1.0,BUNDLE OF 3 SCHOOL EXERCISE BOOKS  ,Books & Journals,1.65
23280,157,157,1.0,FOLDING BUTTERFLY MIRROR HOT PINK ,Home Decor & Lighting,0.83
85078,124,124,1.0,SCANDINAVIAN 3 HEARTS NAPKIN RING,Decor & Gifts,0.65
85111,57,57,1.0,SILVER GLITTER FLOWER VOTIVE HOLDER,Garden & Outdoor,1.25
85034C,158,158,1.0,3 ROSE MORRIS BOXED CANDLES,Home Decor & Lighting,4.25
23282,135,135,1.0,FOLDING MIRROR IVORY ,Home Decor & Lighting,0.83
90083,9,9,1.0,CRYSTAL CZECH CROSS PHONE CHARM,Other,1.63
21726,42,42,1.0,MULTI HEARTS  STICKERS,Decor & Gifts,0.85
90036A,4,4,1.0,FLOWER GARLAND NECKLACE RED,Accessories & Jewellery,7.95
23046,36,36,1.0,PAPER LANTERN 9 POINT DELUXE STAR,Home Decor & Lighting,6.65
23047,25,25,1.0,PAPER LANTERN 5 POINT SEQUIN STAR,Home Decor & Lighting,5.75
90010B,7,7,1.0,BLACK/WHITE GLASS/SILVER BRACELET,Accessories & Jewellery,8.95
23072,30,30,1.0,MARIE ANTOINETTE TRINKET BOX SILVER,Storage & Furniture,12.5
90053,4,4,1.0,CRACKED GLAZE EARRINGS IVORY,Accessories & Jewellery,2.55
20829,194,194,1.0,GLITTER HANGING BUTTERFLY STRING,Decor & Gifts,2.1
22116,148,148,1.0,METAL SIGN HIS DINNER IS SERVED,Decor & Gifts,2.95
22414,98,98,1.0,DOORMAT NEIGHBOURHOOD WITCH ,Decor & Gifts,7.95
21906,173,173,1.0,PHARMACIE FIRST AID TIN,Storage & Furniture,13.57
21905,160,160,1.0,MORE BUTTER METAL SIGN ,Decor & Gifts,2.1
21828,84,84,1.0,EIGHT PIECE SNAKE  SET,Other,2.51
79191B,30,30,1.0,RETRO PLASTIC POLKA TRAY,Kitchen & Tableware,1.66
84661B,29,29,1.0,BLACK SQUARE TABLE CLOCK,Home Decor & Lighting,5.06
22251,137,137,1.0,BIRDHOUSE DECORATION MAGIC GARDEN,Decor & Gifts,2.51
21224,165,165,1.0,SET/4 SKULL BADGES,Other,2.51
22546,86,86,1.0,MINI JIGSAW PURDEY,Other,0.85
22908,375,375,1.0,PACK OF 20 NAPKINS RED APPLES,Craft & Hobby,1.66
71143,37,37,1.0,SILVER BOOK MARK WITH BEADS,Craft & Hobby,2.51
90214F,15,15,1.0,"LETTER ""F"" BLING KEY RING",Accessories & Jewellery,0.85
22216,68,68,1.0,T-LIGHT HOLDER WHITE LACE,Home Decor & Lighting,1.66
23099,58,58,1.0,FRENCH CARRIAGE LANTERN,Home Decor & Lighting,6.65
22175,171,171,1.0,PINK OWL SOFT TOY,Toys & Children,5.91
22288,58,58,1.0,HANGING METAL RABBIT DECORATION,Decor & Gifts,2.51
23085,78,78,1.0,ANTIQUE SILVER BAUBLE LAMP  ,Home Decor & Lighting,8.25
90115,31,31,1.0,SUMMER BUTTERFLIES BAG CHARM,Bags & Carriers,2.51
22163,122,122,1.0,HEART STRING MEMO HOLDER HANGING,Decor & Gifts,3.36
23092,135,135,1.0,LARGE ANTIQUE WHITE PHOTO FRAME,Home Decor & Lighting,7.9
21640,78,78,1.0,ASSORTED TUTTI FRUTTI  FOB NOTEBOOK,Stationery,1.66
75131,15,15,1.0,METAL TUBE CHIME ON BAMBOO,Decor & Gifts,3.36
16218,64,64,1.0,CARTOON  PENCIL SHARPENERS,Stationery,2.13
84984A,6,6,1.0,GREEN PEONY CUSHION COVER,Textiles & Covers,4.65
90003E,14,14,1.0,GREEN PAIR HEART HAIR SLIDES,Decor & Gifts,3.81
22105,33,33,1.0,MIRROR MOSAIC GOBLET CANDLE HOLDER,Home Decor & Lighting,4.21
22363,84,84,1.0,GLASS JAR MARMALADE ,Storage & Furniture,5.91
21675,110,110,1.0,BUTTERFLIES STICKERS,Stationery,1.66
90120B,15,15,1.0,BLUE MURANO TWIST BRACELET,Accessories & Jewellery,4.24
22811,108,108,1.0,SET OF 6 T-LIGHTS CACTI ,Home Decor & Lighting,5.91
21446,105,105,1.0,12 RED ROSE PEG PLACE SETTINGS,Storage & Furniture,2.51
23129,172,172,1.0,HEART SHAPED HOLLY WREATH,Decor & Gifts,4.15
21619,164,164,1.0,4 VANILLA BOTANICAL CANDLES,Home Decor & Lighting,7.62
85055,16,16,1.0,FRENCH ENAMEL UTENSIL HOLDER,Utility & DIY,7.62
90028,14,14,1.0,NEW BAROQUE LARGE NECKLACE BLK/WHIT,Kitchen & Tableware,8.49
90214C,33,33,1.0,"LETTER ""C"" BLING KEY RING",Accessories & Jewellery,0.85
85203,127,127,1.0,HANGING WOOD AND FELT BUTTERFLY ,Decor & Gifts,0.84
23086,47,47,1.0,ZINC  STAR T-LIGHT HOLDER ,Home Decor & Lighting,1.25
85169D,50,50,1.0,PINK LOVE BIRD CANDLE,Decor & Gifts,2.51
90214L,37,37,1.0,"LETTER ""L"" BLING KEY RING",Accessories & Jewellery,0.85
82001S,127,127,1.0,VINYL RECORD FRAME SILVER,Home Decor & Lighting,7.62
44234,33,33,1.0,ASSORTED CIRCULAR MOBILE,Other,1.66
22395,33,33,1.0,PAPERWEIGHT VINTAGE PAISLEY,Stationery,5.06
84247N,18,18,1.0,PACK/12 BLUE FOLKART CARDS,Stationery,2.95
90096,26,26,1.0,NECKLACE+BRACELET SET BLUE BLOSSOM,Accessories & Jewellery,2.55
22732,188,188,1.0,3D VINTAGE CHRISTMAS STICKERS ,Seasonal / Holiday,1.25
23107,73,73,1.0,WHITE HEARTS WIRE PLANT POT HOLDER,Decor & Gifts,2.89
17107D,46,46,1.0,"FLOWER FAIRY,5 SUMMER B'DRAW LINERS",Garden & Outdoor,2.55
37489B,12,12,1.0,BLUE/YELLOW FLOWER DESIGN BIG MUG,Decor & Gifts,1.95
21677,119,119,1.0,HEARTS  STICKERS,Decor & Gifts,0.85
21379,50,50,1.0,CAMPHOR WOOD PORTOBELLO MUSHROOM,Other,1.25
23101,213,213,1.0,SILVER STARS TABLE DECORATION,Decor & Gifts,0.83
23106,53,53,1.0,ZINC HEARTS PLANT POT HOLDER,Decor & Gifts,2.89
23165,280,280,1.0,LARGE CERAMIC TOP STORAGE JAR,Storage & Furniture,1.45
21377,41,41,1.0,SMALL CAMPHOR WOOD FIELD  MUSHROOM,Other,1.65
21250,20,20,1.0,SET OF SKULL WALL STICKERS,Decor & Gifts,2.95
37489C,8,8,1.0,GREEN/BLUE FLOWER DESIGN BIG MUG,Decor & Gifts,1.95
23168,337,337,1.0,CLASSIC CAFE SUGAR DISPENSER,Stationery,1.04
37489D,16,16,1.0,PINK/GREEN FLOWER DESIGN BIG MUG,Decor & Gifts,1.95
22072,163,163,1.0,RED RETROSPOT TEA CUP AND SAUCER ,Kitchen & Tableware,3.75
23088,79,79,1.0,ZINC HEART FLOWER T-LIGHT HOLDER,Decor & Gifts,1.25
23087,69,69,1.0,ZINC  HEART T-LIGHT HOLDER,Decor & Gifts,1.25
90214Y,8,8,1.0,"LETTER ""Y"" BLING KEY RING",Accessories & Jewellery,0.85
23302,230,230,1.0,KNEELING MAT HOUSEWORK  DESIGN,Decor & Gifts,3.29
90214B,22,22,1.0,"LETTER ""B"" BLING KEY RING",Accessories & Jewellery,0.85
21263,42,42,1.0,GREEN GOOSE FEATHER TREE 60CM,Seasonal / Holiday,5.91
23090,149,149,1.0,VINTAGE GLASS T-LIGHT HOLDER,Home Decor & Lighting,0.83
22255,77,77,1.0,FELT TOADSTOOL  SMALL,Utility & DIY,1.66
22609,155,155,1.0,PENS ASSORTED SPACEBALL,Stationery,1.66
21903,180,180,1.0,MAN FLU METAL SIGN,Decor & Gifts,4.21
84673B,66,66,1.0,BLUE FLY SWAT,Other,1.28
90000D,14,14,1.0,COPPER/OLIVE GREEN FLOWER NECKLACE,Accessories & Jewellery,6.37
17084R,27,27,1.0,ASSORTED INCENSE PACK,Other,0.16
84927F,44,44,1.0,PSYCHEDELIC TILE HOOK,Storage & Furniture,4.21
90199B,8,8,1.0,5 STRAND GLASS NECKLACE AMETHYST,Accessories & Jewellery,6.37
85025B,38,38,1.0,EAU DE NILE HEART SHAPE PHOTO FRAME,Decor & Gifts,3.36
22250,147,147,1.0,DECORATION  BUTTERFLY  MAGIC GARDEN,Decor & Gifts,1.66
21219,89,89,1.0,SET/4 BADGES BALLOON GIRL,Other,2.51
23083,246,246,1.0,SET 6 PAPER TABLE LANTERN STARS ,Home Decor & Lighting,3.75
17091J,95,95,1.0,VANILLA INCENSE IN TIN,Storage & Furniture,0.85
84898F,19,19,1.0,YELLOW FLOWERS FELT HANDBAG KIT,Bags & Carriers,2.1
22256,50,50,1.0,FELT FARM ANIMAL CHICKEN,Easter & Spring,2.51
47310M,121,121,1.0,"SMALL POP BOX,FUNKY MONKEY",Storage & Furniture,3.36
84508B,30,30,1.0,STRIPES DESIGN TEDDY,Decor & Gifts,2.55
23066,85,85,1.0,SMALL DECO JEWELLERY STAND,Accessories & Jewellery,8.25
23068,136,136,1.0,ALUMINIUM STAMPED HEART,Decor & Gifts,2.49
22461,53,53,1.0,SAVOY ART DECO CLOCK,Home Decor & Lighting,12.75
23253,70,70,1.0,16 PIECE CUTLERY SET PANTRY DESIGN,Decor & Gifts,15.95
21693,50,50,1.0,SMALL HAMMERED SILVER CANDLEPOT ,Home Decor & Lighting,5.79
23060,42,42,1.0,HEART BEADED TRELLIS DECORATION,Decor & Gifts,2.08
23065,99,99,1.0,LARGE DECO JEWELLERY STAND,Accessories & Jewellery,12.5
79190D,47,47,1.0,RETRO PLASTIC DAISY TRAY,Kitchen & Tableware,0.42
85132b,9,9,1.0,CHARLIE AND LOLA TABLE TINS,Storage & Furniture,8.29
21910,8,8,1.0,WAY OUT METAL SIGN ,Decor & Gifts,1.65
23204,583,583,1.0,CHARLOTTE BAG APPLES DESIGN,Decor & Gifts,0.85
21613,42,42,1.0,S/12 VANILLA  BOTANICAL T-LIGHTS,Home Decor & Lighting,2.95
21167,67,67,1.0,WHITE SAGE INCENSE,Other,0.43
84707B,18,18,1.0,PINK JEWELLED MIRROR TRINKET TRAY,Home Decor & Lighting,5.91
84795B,48,48,1.0,SUNSET CHECK HAMMOCK,Other,7.95
23205,467,467,1.0,CHARLOTTE BAG VINTAGE ALPHABET ,Bags & Carriers,0.85
20771,40,40,1.0,CHRYSANTHEMUM  JOURNAL,Books & Journals,2.46
22984,163,163,1.0,CARD GINGHAM ROSE ,Stationery,0.42
85062,159,159,1.0,PEARL CRYSTAL PUMPKIN T-LIGHT HLDR,Home Decor & Lighting,1.65
23075,80,80,1.0,DOUBLE CERAMIC PARLOUR HOOK,Storage & Furniture,4.15
90062,26,26,1.0,CARNIVAL BRACELET,Accessories & Jewellery,12.75
23061,117,117,1.0,VINTAGE EMBOSSED HEART,Decor & Gifts,1.25
23146,227,227,1.0,TRIPLE HOOK ANTIQUE IVORY ROSE,Storage & Furniture,3.29
90159,5,5,1.0,COTE D'AZURE NECKLACE,Accessories & Jewellery,4.98
90036C,5,5,1.0,"FLOWER GLASS GARLAND NECKL.36""BLUE",Garden & Outdoor,7.9
21277,22,22,1.0,FRENCH STYLE EMBOSSED HEART CABINET,Decor & Gifts,21.95
22475,140,140,1.0,SKULL DESIGN TV DINNER TRAY,Decor & Gifts,11.02
90200E,44,44,1.0,GREEN SWEETHEART BRACELET,Decor & Gifts,4.25
21306,44,44,1.0,SET/4 DAISY MIRROR MAGNETS,Home Decor & Lighting,3.36
22346,59,59,1.0,PARTY PIZZA DISH GREEN POLKADOT,Other,1.66
21401,82,82,1.0,BLUE PUDDING SPOON,Kitchen & Tableware,0.42
84597C,13,13,1.0,RETRO PINK BALL ASHTRAY ,Kitchen & Tableware,1.25
20659,62,62,1.0,ECONOMY LUGGAGE TAG,Stationery,1.25
21616,138,138,1.0,4 PEAR BOTANICAL DINNER CANDLES,Home Decor & Lighting,2.51
23153,90,90,1.0,ZINC SWEETHEART WIRE LETTER RACK,Decor & Gifts,3.75
84596F,435,435,1.0,SMALL MARSHMALLOWS PINK BOWL,Kitchen & Tableware,1.25
22344,76,76,1.0,PARTY PIZZA DISH PINK POLKADOT,Other,1.66
23255,158,158,1.0,CHILDRENS CUTLERY CIRCUS PARADE,Kitchen & Tableware,4.15
22052,27,27,1.0,VINTAGE CARAVAN GIFT WRAP,Stationery,0.42
20781,25,25,1.0,GOLD EAR MUFF HEADPHONES,Other,11.02
23156,205,205,1.0,SET OF 5 MINI GROCERY MAGNETS,Utility & DIY,2.08
37447,115,115,1.0,CERAMIC CAKE DESIGN SPOTTED PLATE,Decor & Gifts,3.36
90013C,28,28,1.0,GREEN VINTAGE EARRINGS ,Accessories & Jewellery,4.24
85202,106,106,1.0,HANGING WOOD AND FELT HEART,Decor & Gifts,0.84
20782,27,27,1.0,CAMOUFLAGE EAR MUFF HEADPHONES,Souvenirs & Travel,11.02
35651,58,58,1.0,VINTAGE BEAD PINK SCARF ,Accessories & Jewellery,1.65
46776E,38,38,1.0,WOVEN CANDY CUSHION COVER ,Textiles & Covers,4.95
90141B,5,5,1.0,IVORY PENDANT TRIPLE SHELL NECKLACE,Accessories & Jewellery,4.98
62094B,8,8,1.0,TURQ ICE CREAM BUM BAG ,Bags & Carriers,5.06
23158,255,255,1.0,SET OF 5 LUCKY CAT MAGNETS ,Utility & DIY,1.85
22221,51,51,1.0,CAKE STAND LOVEBIRD 2 TIER PINK,Decor & Gifts,9.95
21291,52,52,1.0,SMALL POLKADOT CHOCOLATE GIFT BAG ,Bags & Carriers,1.63
23154,235,235,1.0,SET OF 4 JAM JAR MAGNETS,Storage & Furniture,2.08
22613,145,145,1.0,PACK OF 20 SPACEBOY NAPKINS,Craft & Hobby,0.85
22108,63,63,1.0,PING! MICROWAVE PLATE,Kitchen & Tableware,3.36
46776C,59,59,1.0,WOVEN FROST CUSHION COVER,Textiles & Covers,4.21
20847,18,18,1.0,ZINC HEART LATTICE CHARGER LARGE,Decor & Gifts,3.75
22329,238,238,1.0,ROUND CONTAINER SET OF 5 RETROSPOT,Storage & Furniture,3.36
84813,38,38,1.0,SET OF 4 DIAMOND NAPKIN RINGS,Accessories & Jewellery,8.29
22389,45,45,1.0,PAPERWEIGHT SAVE THE PLANET,Stationery,2.55
23254,299,299,1.0,KIDS CUTLERY DOLLY GIRL ,Kitchen & Tableware,4.15
21713,157,157,1.0,CITRONELLA CANDLE FLOWERPOT,Home Decor & Lighting,2.1
23256,368,368,1.0,CHILDRENS CUTLERY SPACEBOY ,Kitchen & Tableware,4.15
22073,69,69,1.0,RED RETROSPOT STORAGE JAR,Storage & Furniture,3.75
90014B,15,15,1.0,GOLD M PEARL  ORBIT NECKLACE,Accessories & Jewellery,9.95
22282,99,99,1.0,12 EGG HOUSE PAINTED WOOD,Decor & Gifts,25.49
84712B,20,20,1.0,PINK JEWELLED PHOTO FRAME,Home Decor & Lighting,7.62
90132,3,3,1.0,LIGHT TOPAZ TEAL/AQUA COL NECKLACE,Home Decor & Lighting,5.09
21627,47,47,1.0,ELEPHANT CARNIVAL POUFFE,Other,29.79
90085,10,10,1.0,CRYSTAL STILETTO PHONE CHARM,Other,1.63
84576,17,17,1.0,BLUE CAT BISCUIT BARREL PINK HEART,Decor & Gifts,4.13
90183A,23,23,1.0,AMBER DROP EARRINGS W LONG BEADS,Accessories & Jewellery,2.96
21397,65,65,1.0,BLUE POLKADOT EGG CUP ,Kitchen & Tableware,3.29
85204,104,104,1.0,HANGING WOOD AND FELT FLOWER,Decor & Gifts,0.84
90158,35,35,1.0,ST TROPEZ NECKLACE,Accessories & Jewellery,4.95
35649,35,35,1.0,VINTAGE BEAD COSMETIC BAG ,Bags & Carriers,3.35
90001D,5,5,1.0,ANTIQUE OLIVE GREEN FLOWER EARRINGS,Accessories & Jewellery,4.24
22252,67,67,1.0,BIRDCAGE DECORATION TEALIGHT HOLDER,Decor & Gifts,1.25
16161U,134,134,1.0,WRAP SUKI AND FRIENDS,Stationery,0.42
22817,290,290,1.0,CARD SUKI BIRTHDAY,Stationery,0.42
85130D,62,62,1.0,BEADED CRYSTAL HEART PINK LARGE,Decor & Gifts,1.65
21090,217,217,1.0,SET/6 COLLAGE PAPER PLATES,Kitchen & Tableware,0.85
47341B,11,11,1.0,BLUE TABLE RUN FLOWER,Garden & Outdoor,1.25
23067,78,78,1.0,HANGING ENGRAVED METAL HEART,Decor & Gifts,4.15
23145,169,169,1.0,ZINC T-LIGHT HOLDER STAR LARGE,Home Decor & Lighting,0.95
84569D,98,98,1.0,PACK 6 HEART/ICE-CREAM PATCHES,Decor & Gifts,0.85
23139,27,27,1.0,SINGLE WIRE HOOK PINK HEART,Decor & Gifts,1.45
23138,82,82,1.0,SINGLE WIRE HOOK IVORY HEART,Decor & Gifts,1.45
23142,40,40,1.0,IVORY WIRE KITCHEN ORGANISER,Kitchen & Tableware,10.4
22894,122,122,1.0,TABLECLOTH RED APPLES DESIGN ,Decor & Gifts,8.5
84508C,25,25,1.0,BLUE CIRCLES DESIGN TEDDY,Decor & Gifts,4.96
21650,132,132,1.0,ASSORTED TUTTI FRUTTI BRACELET,Accessories & Jewellery,0.65
21785,5,5,1.0,RAIN PONCHO ,Garden & Outdoor,0.85
90086,28,28,1.0,CRYSTAL FROG PHONE CHARM,Other,1.66
16011,46,46,1.0,ANIMAL STICKERS,Stationery,0.21
84874B,14,14,1.0,BLUE TRAVEL FIRST AID KIT,Craft & Hobby,1.63
23136,49,49,1.0,IVORY WIRE SWEETHEART LETTER TRAY,Decor & Gifts,3.75
21413,17,17,1.0,PERIWINKLE T-LIGHT HOLDER,Home Decor & Lighting,2.51
20838,57,57,1.0,FRENCH LATTICE CUSHION COVER ,Textiles & Covers,3.29
22674,187,187,1.0,FRENCH TOILET SIGN BLUE METAL,Decor & Gifts,1.25
23164,92,92,1.0,REGENCY CAKE SLICE,Kitchen & Tableware,4.95
23143,16,16,1.0,ZINC WIRE KITCHEN ORGANISER,Kitchen & Tableware,20.79
22390,36,36,1.0,PAPERWEIGHT CHILDHOOD MEMORIES,Toys & Children,0.85
72349B,114,114,1.0,SET/6 PURPLE BUTTERFLY T-LIGHTS,Home Decor & Lighting,2.1
84993B,18,18,1.0,75 BLACK PETIT FOUR CASES,Animal & Pet,0.42
23149,21,21,1.0,ANTIQUE IVORY WIRE BOWL SMALL,Kitchen & Tableware,2.49
22021,71,71,1.0,BLUE FELT EASTER EGG BASKET,Storage & Furniture,1.65
23161,98,98,1.0,REGENCY CAKE FORK,Kitchen & Tableware,1.25
20836,17,17,1.0,FRENCH PAISLEY CUSHION COVER,Textiles & Covers,0.83
21209,89,89,1.0,MULTICOLOUR HONEYCOMB FAN,Other,1.66
23160,76,76,1.0,REGENCY TEA SPOON,Kitchen & Tableware,2.46
23130,184,184,1.0,MISTLETOE HEART WREATH GREEN,Decor & Gifts,4.15
22123,122,122,1.0,PING MICROWAVE APRON,Other,5.06
21468,66,66,1.0,BUTTERFLY CROCHET FOOD COVER,Textiles & Covers,3.75
23042,28,28,1.0,PAPER LANTERN 7 POINT SNOW STAR,Home Decor & Lighting,6.65
22532,73,73,1.0,MAGIC DRAWING SLATE LEAP FROG ,Fantasy & Imaginative,0.42
22598,95,95,1.0,CHRISTMAS MUSICAL ZINC TREE,Seasonal / Holiday,1.66
85179A,59,59,1.0,GREEN BITTY LIGHT CHAIN,Home Decor & Lighting,9.32
35953,131,131,1.0,FOLKART STAR CHRISTMAS DECORATIONS,Decor & Gifts,8.47
21819,124,124,1.0,GLITTER CHRISTMAS STAR ,Seasonal / Holiday,1.66
85129B,31,31,1.0,BEADED CRYSTAL HEART GREEN SMALL,Decor & Gifts,2.51
22808,75,75,1.0,SET OF 6 T-LIGHTS EASTER CHICKS,Home Decor & Lighting,2.95
85208,48,48,1.0,SET/12 FUNKY FELT FLOWER PEG IN BAG,Bags & Carriers,4.21
22770,62,62,1.0,MIRROR CORNICE,Home Decor & Lighting,14.95
21683,58,58,1.0,MEDIUM MEDINA STAMPED METAL BOWL ,Decor & Gifts,2.95
84563B,38,38,1.0,BLUE & WHITE BREAKFAST TRAY,Kitchen & Tableware,4.21
20997,34,34,1.0,ROSE DU SUD CUSHION COVER ,Textiles & Covers,4.13
79190A,63,63,1.0,RETRO PLASTIC 70'S TRAY,Kitchen & Tableware,0.42
35924,72,72,1.0,HANGING FAIRY CAKE DECORATION,Decor & Gifts,4.21
23132,152,152,1.0,SMALL IVORY HEART WALL ORGANISER,Decor & Gifts,5.75
23056,39,39,1.0,FLOWERS CHANDELIER T-LIGHT HOLDER,Home Decor & Lighting,6.25
22199,167,167,1.0,FRYING PAN RED RETROSPOT,Garden & Outdoor,8.47
22843,128,128,1.0,BISCUIT TIN VINTAGE GREEN,Storage & Furniture,6.75
47369A,20,20,1.0,PINK GREEN EMBROIDERY COSMETIC BAG,Bags & Carriers,2.95
47369B,22,22,1.0,BLUE GREEN EMBROIDERY COSMETIC BAG,Bags & Carriers,1.63
47367B,43,43,1.0,PAIR PADDED HANGERS PINK CHECK,Organizers & Racks,3.29
21695,41,41,1.0,SMALL SILVER FLOWER CANDLE POT,Home Decor & Lighting,2.95
23141,25,25,1.0,TRIPLE WIRE HOOK PINK HEART,Decor & Gifts,4.15
22129,100,100,1.0,PARTY CONES CANDY TREE DECORATION,Decor & Gifts,0.72
20764,76,76,1.0,ABSTRACT CIRCLES SKETCHBOOK ,Books & Journals,7.62
23140,52,52,1.0,TRIPLE WIRE HOOK IVORY HEART,Decor & Gifts,4.15
21723,59,59,1.0,ALPHABET HEARTS STICKER SHEET,Decor & Gifts,1.66
72051S,13,13,1.0,BAG OF SILVER STONES,Bags & Carriers,0.84
21187,48,48,1.0,WHITE BELL HONEYCOMB PAPER GARLAND ,Stationery,3.36
21696,33,33,1.0,SMALL SILVER TRELLIS CANDLEPOT,Home Decor & Lighting,2.95
23147,261,261,1.0,SINGLE ANTIQUE ROSE HOOK IVORY,Storage & Furniture,3.29
20980,20,20,1.0,36 PENCILS TUBE POSY,Stationery,1.25
23148,247,247,1.0,MINIATURE ANTIQUE ROSE HOOK IVORY,Storage & Furniture,0.83
82011B,21,21,1.0,BATHROOM SCALES RUBBER DUCKS,Textiles & Covers,3.75
22860,107,107,1.0,EASTER TIN CHICKS PINK DAISY,Storage & Furniture,1.65
21630,35,35,1.0,FLOOR CUSHION ELEPHANT CARNIVAL,Textiles & Covers,18.68
22684,103,103,1.0,FRENCH BLUE METAL DOOR SIGN 9,Decor & Gifts,2.51
21580,62,62,1.0,RABBIT  DESIGN  COTTON TOTE BAG,Decor & Gifts,2.25
22231,144,144,1.0,JIGSAW TREE WITH BIRDHOUSE,Decor & Gifts,1.45
22859,158,158,1.0,EASTER TIN BUNNY BOUQUET,Storage & Furniture,1.65
22093,160,160,1.0,MOTORING TISSUE BOX,Storage & Furniture,1.25
85187,69,69,1.0,S/12 MINI RABBIT EASTER,Easter & Spring,1.65
90214N,24,24,1.0,"LETTER ""N"" BLING KEY RING",Accessories & Jewellery,0.85
85169A,88,88,1.0,IVORY LOVE BIRD CANDLE,Decor & Gifts,2.51
21286,30,30,1.0,RETROSPOT CANDLE  LARGE,Home Decor & Lighting,5.06
85124B,39,39,1.0,BLUE JUICY FRUIT PHOTO FRAME,Home Decor & Lighting,5.06
21430,477,477,1.0,SET/3 RED GINGHAM ROSE STORAGE BOX,Storage & Furniture,4.25
22285,120,120,1.0,"DECORATION HEN ON NEST, HANGING",Decor & Gifts,3.36
21159,124,124,1.0,MOODY BOY  DOOR HANGER ,Decor & Gifts,3.36
22070,116,116,1.0,SMALL RED RETROSPOT MUG IN BOX ,Storage & Furniture,3.75
21872,142,142,1.0,GLAMOROUS  MUG,Kitchen & Tableware,3.36
22761,26,26,1.0,CHEST 7 DRAWER MA CAMPAGNE,Storage & Furniture,24.95
85035A,81,81,1.0,GARDENIA 3 WICK MORRIS BOXED CANDLE,Home Decor & Lighting,4.25
21741,40,40,1.0,COSY SLIPPER SHOES LARGE GREEN,Other,5.91
85061W,162,162,1.0,WHITE JEWELLED HEART DECORATION,Decor & Gifts,0.85
23014,209,209,1.0,GLASS APOTHECARY BOTTLE ELIXIR,Kitchen & Tableware,3.95
23234,278,278,1.0,BISCUIT TIN VINTAGE CHRISTMAS,Storage & Furniture,2.89
23249,81,81,1.0,VINTAGE RED ENAMEL TRIM PLATE,Kitchen & Tableware,1.65
84509G,66,66,1.0,SET OF 4 FAIRY CAKE PLACEMATS ,Kitchen & Tableware,3.36
23250,110,110,1.0,VINTAGE RED TRIM ENAMEL BOWL ,Kitchen & Tableware,1.25
16235,168,168,1.0,RECYCLED PENCIL WITH RABBIT ERASER,Stationery,0.43
23292,222,222,1.0,SPACEBOY CHILDRENS CUP,Kitchen & Tableware,1.25
20986,113,113,1.0,BLUE CALCULATOR RULER,Utility & DIY,1.25
21161,43,43,1.0,KEEP OUT BOYS DOOR HANGER ,Decor & Gifts,1.45
21390,212,212,1.0,FILIGRIS HEART WITH BUTTERFLY,Decor & Gifts,2.51
21163,127,127,1.0,DO NOT TOUCH MY STUFF DOOR HANGER ,Decor & Gifts,3.36
22733,197,197,1.0,3D TRADITIONAL CHRISTMAS STICKERS,Seasonal / Holiday,1.25
21428,262,262,1.0,SET3 BOOK BOX GREEN GINGHAM FLOWER ,Storage & Furniture,4.25
23032,199,199,1.0,DRAWER KNOB CRACKLE GLAZE IVORY,Storage & Furniture,1.65
23020,76,76,1.0,GLASS  SONGBIRD STORAGE JAR,Storage & Furniture,12.5
22796,232,232,1.0,PHOTO FRAME 3 CLASSIC HANGING,Decor & Gifts,21.23
79191C,65,65,1.0,RETRO PLASTIC ELEPHANT TRAY,Kitchen & Tableware,0.85
47471,39,39,1.0,RAINBOW PEGS PHOTO CLIP STRING,Home Decor & Lighting,1.49
22896,288,288,1.0,PEG BAG APPLES DESIGN,Decor & Gifts,5.06
23035,191,191,1.0,DRAWER KNOB CERAMIC IVORY,Storage & Furniture,1.45
22284,131,131,1.0,HEN HOUSE DECORATION,Decor & Gifts,3.36
21381,224,224,1.0,MINI WOODEN HAPPY BIRTHDAY GARLAND,Decor & Gifts,3.36
23012,246,246,1.0,GLASS APOTHECARY BOTTLE PERFUME,Kitchen & Tableware,3.95
20983,268,268,1.0,12 PENCILS TALL TUBE RED RETROSPOT,Garden & Outdoor,0.85
22210,187,187,1.0,WOOD STAMP SET BEST WISHES,Other,1.65
22131,291,291,1.0,FOOD CONTAINER SET 3 LOVE HEART ,Decor & Gifts,4.21
22209,173,173,1.0,WOOD STAMP SET HAPPY BIRTHDAY,Other,1.65
21383,167,167,1.0,PACK OF 12 STICKY BUNNIES,Craft & Hobby,0.65
22442,78,78,1.0,GROW YOUR OWN FLOWERS SET OF 3,Garden & Outdoor,16.13
84846A,13,13,1.0,SCENTED CANDLE IN DIGITALIS TIN,Home Decor & Lighting,2.1
23339,76,76,1.0,EGG FRYING PAN BLUE ,Easter & Spring,2.08
21211,103,103,1.0,SET OF 72 SKULL PAPER  DOILIES,Stationery,1.45
23336,85,85,1.0,EGG FRYING PAN PINK ,Easter & Spring,4.13
72133,16,16,1.0,COLUMBIAN CANDLE RECTANGLE,Home Decor & Lighting,1.25
23271,104,104,1.0,CHRISTMAS TABLE SILVER CANDLE SPIKE,Home Decor & Lighting,0.83
22292,112,112,1.0,HANGING CHICK  YELLOW DECORATION,Decor & Gifts,1.45
90001B,3,3,1.0,ANTIQUE MID BLUE FLOWER EARRINGS,Accessories & Jewellery,4.25
22505,311,311,1.0,MEMO BOARD COTTAGE DESIGN,Decor & Gifts,4.95
22596,262,262,1.0,CHRISTMAS STAR WISH LIST CHALKBOARD,Seasonal / Holiday,1.25
21504,115,115,1.0,SKULLS GREETING CARD,Storage & Furniture,0.42
84763,57,57,1.0,ZINC FINISH 15CM PLANTER POTS,Garden & Outdoor,2.51
84519B,126,126,1.0,CARROT CHARLIE+LOLA COASTER SET,Beach & Summer,5.79
23288,185,185,1.0,GREEN VINTAGE SPOT BEAKER,Garden & Outdoor,0.85
21465,79,79,1.0,PINK FLOWER CROCHET FOOD COVER,Garden & Outdoor,3.75
85124C,39,39,1.0,GREEN JUICY FRUIT PHOTO FRAME,Home Decor & Lighting,5.06
20828,241,241,1.0,GLITTER BUTTERFLY CLIPS,Utility & DIY,2.55
22045,208,208,1.0,SPACEBOY GIFT WRAP,Stationery,0.42
23285,191,191,1.0,PINK VINTAGE SPOT BEAKER,Garden & Outdoor,0.85
23287,198,198,1.0,RED VINTAGE SPOT BEAKER,Garden & Outdoor,0.85
17090D,12,12,1.0,VANILLA INCENSE 40 CONES IN TIN,Storage & Furniture,1.25
21561,214,214,1.0,DINOSAUR LUNCH BOX WITH CUTLERY,Storage & Furniture,4.96
21987,171,171,1.0,PACK OF 6 SKULL PAPER CUPS,Kitchen & Tableware,0.65
23290,214,214,1.0,SPACEBOY CHILDRENS BOWL,Kitchen & Tableware,1.25
22215,101,101,1.0,CAKE STAND WHITE TWO TIER LACE,Kitchen & Tableware,16.98
85132B,75,75,1.0,CHARLIE AND LOLA TABLE TINS,Storage & Furniture,1.95
22332,148,148,1.0,SKULLS PARTY BAG + STICKER SET,Bags & Carriers,1.65
21988,193,193,1.0,PACK OF 6 SKULL PAPER PLATES,Kitchen & Tableware,1.66
20675,322,322,1.0,BLUE POLKADOT BOWL,Kitchen & Tableware,1.25
21239,307,307,1.0,PINK  POLKADOT CUP,Kitchen & Tableware,0.85
22316,55,55,1.0,200 BENDY SKULL STRAWS,Other,1.25
23289,191,191,1.0,DOLLY GIRL CHILDRENS BOWL,Kitchen & Tableware,1.25
21989,335,335,1.0,PACK OF 20 SKULL PAPER NAPKINS,Stationery,2.51
21206,109,109,1.0,STRAWBERRY HONEYCOMB  GARLAND ,Other,1.65
20677,333,333,1.0,PINK POLKADOT BOWL,Kitchen & Tableware,1.25
23337,69,69,1.0,EGG FRYING PAN MINT ,Easter & Spring,2.08
22893,142,142,1.0,MINI CAKE STAND T-LIGHT HOLDER,Home Decor & Lighting,0.85
23291,195,195,1.0,DOLLY GIRL CHILDRENS CUP,Kitchen & Tableware,1.25
23335,96,96,1.0,EGG FRYING PAN IVORY ,Easter & Spring,4.13
20674,205,205,1.0,GREEN POLKADOT BOWL,Kitchen & Tableware,1.25
22170,265,265,1.0,PICTURE FRAME WOOD TRIPLE PORTRAIT,Home Decor & Lighting,13.57
22832,76,76,1.0,BROCANTE SHELF WITH HOOKS,Storage & Furniture,21.23
84926A,35,35,1.0,WAKE UP COCKEREL TILE COASTER,Beach & Summer,2.51
20619,99,99,1.0,TROPICAL PASSPORT COVER ,Textiles & Covers,1.63
90013B,31,31,1.0,BLACK VINTAGE EARRINGS,Accessories & Jewellery,4.24
22245,98,98,1.0,"HOOK, 1 HANGER ,MAGIC GARDEN",Storage & Furniture,1.66
20931,68,68,1.0,BLUE POT PLANT CANDLE ,Home Decor & Lighting,7.62
23021,27,27,1.0,GLASS BONNE JAM JAR,Storage & Furniture,4.15
23039,28,28,1.0,T-LIGHT HOLDER SILVER HEART HANDLE,Decor & Gifts,4.13
22524,85,85,1.0,CHILDRENS GARDEN GLOVES BLUE,Decor & Gifts,3.36
21624,95,95,1.0,VINTAGE UNION JACK DOORSTOP,Decor & Gifts,11.87
21547,22,22,1.0,CERAMIC BIRDHOUSE CRESTED TIT SMALL,Decor & Gifts,2.95
21380,290,290,1.0,WOODEN HAPPY BIRTHDAY GARLAND,Decor & Gifts,2.95
23125,38,38,1.0,6PC WOOD PLATE SET DISPOSABLE,Kitchen & Tableware,1.25
22220,86,86,1.0,CAKE STAND LOVEBIRD 2 TIER WHITE,Decor & Gifts,9.95
23124,43,43,1.0,18PC WOODEN CUTLERY SET DISPOSABLE,Decor & Gifts,1.25
21221,54,54,1.0,SET/4 BADGES CUTE CREATURES,Other,2.51
23121,111,111,1.0,PACK OF 6 COCKTAIL PARASOL STRAWS,Craft & Hobby,0.42
21709,59,59,1.0,FOLDING UMBRELLA CHOCOLATE POLKADOT,Garden & Outdoor,3.36
90019B,18,18,1.0,GOLD M.O.P ORBIT BRACELET,Accessories & Jewellery,5.4
20752,148,148,1.0,BLUE POLKADOT WASHING UP GLOVES,Decor & Gifts,4.21
20755,62,62,1.0,BLUE PAISLEY POCKET BOOK,Books & Journals,0.85
20699,41,41,1.0,MOUSEY LONG LEGS SOFT TOY,Toys & Children,2.55
21648,66,66,1.0,ASSORTED TUTTI FRUTTI SMALL PURSE,Bags & Carriers,2.51
90166,15,15,1.0,PINK & WHITE ROSEBUD RING,Accessories & Jewellery,4.25
90161B,37,37,1.0,ANT COPPER TURQ BOUDICCA BRACELET,Accessories & Jewellery,4.98
22350,123,123,1.0,ILLUSTRATED CAT BOWL ,Kitchen & Tableware,5.06
23036,16,16,1.0,T-LIGHT HOLDER SILVER PETIT FOUR ,Home Decor & Lighting,1.25
90211A,8,8,1.0,DIAMOND LAS VEGAS NECKLACE 45CM,Accessories & Jewellery,5.94
85114A,56,56,1.0,BLACK ENCHANTED FOREST PLACEMAT,Textiles & Covers,1.65
21164,282,282,1.0,HOME SWEET HOME METAL SIGN ,Decor & Gifts,2.95
23019,28,28,1.0,SMALL APOTHECARY MEASURING JAR ,Storage & Furniture,8.25
85040B,35,35,1.0,SET/4 BLUE FLOWER CANDLES IN BOWL,Home Decor & Lighting,1.65
22325,93,93,1.0,MOBILE VINTAGE HEARTS ,Decor & Gifts,3.36
23272,44,44,1.0,TREE T-LIGHT HOLDER WILLIE WINKIE,Home Decor & Lighting,1.65
21109,112,112,1.0,"LARGE CAKE TOWEL, CHOCOLATE SPOTS",Kitchen & Tableware,13.57
85131D,206,206,1.0,BEADED CRYSTAL HEART PINK ON STICK,Decor & Gifts,0.85
22673,131,131,1.0,FRENCH GARDEN SIGN BLUE METAL,Decor & Gifts,2.51
21656,47,47,1.0,RIDGED GLASS POSY VASE ,Mirrors & Frames,3.36
23120,100,100,1.0,PACK OF 6 SMALL FRUIT STRAWS,Craft & Hobby,0.42
85035C,130,130,1.0,ROSE 3 WICK MORRIS BOX CANDLE,Home Decor & Lighting,4.25
22924,87,87,1.0,FRIDGE MAGNETS LA VIE EN ROSE,Utility & DIY,0.85
22717,131,131,1.0,CARD DOG AND BALL ,Stationery,0.85
21060,71,71,1.0,PARTY INVITES BALLOON GIRL,Other,0.85
21058,122,122,1.0,PARTY INVITES WOODLAND,Other,0.85
23034,88,88,1.0,DRAWER KNOB CERAMIC BLACK,Storage & Furniture,1.45
22023,146,146,1.0,EMPIRE BIRTHDAY CARD,Stationery,0.85
23031,155,155,1.0,DRAWER KNOB CRACKLE GLAZE PINK,Storage & Furniture,1.65
23029,156,156,1.0,DRAWER KNOB CRACKLE GLAZE GREEN,Storage & Furniture,1.65
21518,38,38,1.0,BANK ACCOUNT  GREETING  CARD ,Storage & Furniture,0.85
22431,336,336,1.0,WATERING CAN BLUE ELEPHANT,Kitchen & Tableware,1.95
23033,74,74,1.0,DRAWER KNOB CERAMIC RED,Storage & Furniture,1.45
21669,425,425,1.0,BLUE STRIPE CERAMIC DRAWER KNOB,Storage & Furniture,3.36
22718,168,168,1.0,CARD CAT AND TREE ,Seasonal / Holiday,0.42
22028,262,262,1.0,PENNY FARTHING BIRTHDAY CARD,Stationery,0.42
22433,227,227,1.0,WATERING CAN GREEN DINOSAUR,Kitchen & Tableware,1.95
22027,362,362,1.0,TEA PARTY BIRTHDAY CARD,Kitchen & Tableware,0.42
22676,207,207,1.0,FRENCH BLUE METAL DOOR SIGN 1,Decor & Gifts,2.51
23028,137,137,1.0,DRAWER KNOB CRACKLE GLAZE BLUE,Storage & Furniture,1.65
21881,79,79,1.0,CUTE CATS TAPE,Utility & DIY,0.19
21215,124,124,1.0,IVORY PAPER CUP CAKE CASES ,Kitchen & Tableware,1.28
23122,133,133,1.0,PARTY CHARMS 50 PIECES,Other,0.83
85071D,84,84,1.0,CHARLIE+LOLA MY ROOM DOOR SIGN,Decor & Gifts,0.85
23123,95,95,1.0,COCKTAIL SWORDS 50 PIECES,Other,0.83
21364,24,24,1.0,PEACE SMALL WOOD LETTERS,Other,13.57
23026,62,62,1.0,DRAWER KNOB VINTAGE GLASS STAR,Storage & Furniture,4.13
21042,131,131,1.0,RED RETROSPOT APRON ,Garden & Outdoor,5.95
22507,459,459,1.0,MEMO BOARD RETROSPOT  DESIGN,Decor & Gifts,4.95
84931B,49,49,1.0,BLUE SCOTTIE DOG W FLOWER PATTERN,Garden & Outdoor,1.66
72760B,153,153,1.0,VINTAGE CREAM 3 BASKET CAKE STAND,Storage & Furniture,9.95
23016,24,24,1.0,GLASS TWIST BON BON JAR,Storage & Furniture,7.85
22434,124,124,1.0,BALLOON PUMP WITH 10 BALLOONS,Other,1.95
22044,36,36,1.0,CHRISTMAS CARD STACK OF PRESENTS,Seasonal / Holiday,0.19
22029,527,527,1.0,SPACEBOY BIRTHDAY CARD,Stationery,0.42
84077,535,535,1.0,WORLD WAR 2 GLIDERS ASSTD DESIGNS,Decor & Gifts,0.29
16254,17,17,1.0,TRANSPARENT ACRYLIC TAPE DISPENSER,Stationery,1.63
23013,223,223,1.0,GLASS APOTHECARY BOTTLE TONIC,Kitchen & Tableware,3.95
22440,154,154,1.0,BALLOON WATER BOMB PACK OF 35,Kitchen & Tableware,0.42
22564,186,186,1.0,ALPHABET STENCIL CRAFT,Craft & Hobby,2.51
22986,155,155,1.0,GINGHAM ROSE WRAP,Stationery,0.42
21470,140,140,1.0,FLOWER VINE RAFFIA FOOD COVER,Garden & Outdoor,3.75
84927A,18,18,1.0,WAKE UP COCKEREL TILE HOOK,Storage & Furniture,4.21
23338,109,109,1.0,EGG FRYING PAN RED ,Easter & Spring,2.08
85039a,29,29,1.0,SET/4 RED MINI ROSE CANDLE IN BOWL,Home Decor & Lighting,3.36
23213,152,152,1.0,STAR WREATH DECORATION WITH BELL,Decor & Gifts,1.25
23210,192,192,1.0,WHITE ROCKING HORSE HAND PAINTED,Other,2.5
47566b,102,102,1.0,TEA TIME PARTY BUNTING,Storage & Furniture,8.47
21361,69,69,1.0,LOVE LARGE WOOD LETTERS ,Decor & Gifts,25.49
22525,75,75,1.0,CHILDRENS GARDEN GLOVES PINK,Decor & Gifts,3.36
22200,140,140,1.0,FRYING PAN PINK POLKADOT,Other,8.47
22167,157,157,1.0, OVAL WALL MIRROR DIAMANTE ,Decor & Gifts,20.38
22412,147,147,1.0,METAL SIGN NEIGHBOURHOOD WITCH ,Decor & Gifts,4.21
84970l,50,50,1.0,SINGLE HEART ZINC T-LIGHT HOLDER,Decor & Gifts,2.13
84970s,66,66,1.0,HANGING HEART ZINC T-LIGHT HOLDER,Decor & Gifts,2.13
15056bl,62,62,1.0,EDWARDIAN PARASOL BLACK,Other,12.72
15056p,26,26,1.0,EDWARDIAN PARASOL PINK,Other,12.72
21882,70,70,1.0,SKULLS TAPE,Utility & DIY,0.65
23212,186,186,1.0,HEART WREATH DECORATION WITH BELL,Decor & Gifts,1.25
90094,13,13,1.0,NECKLACE+BRACELET SET FRUIT SALAD ,Accessories & Jewellery,2.55
84006,105,105,1.0,MAGIC TREE -PAPER FLOWERS,Garden & Outdoor,0.85
72349b,82,82,1.0,SET/6 PURPLE BUTTERFLY T-LIGHTS,Home Decor & Lighting,4.21
21066,54,54,1.0,VINTAGE RED MUG,Kitchen & Tableware,2.51
84872a,21,21,1.0,TEATIME FUNKY FLOWER BACKPACK FOR 2,Kitchen & Tableware,11.02
20615,97,97,1.0,BLUE POLKADOT PASSPORT COVER,Textiles & Covers,4.21
21157,34,34,1.0,RED RETROSPOT WASHBAG,Bags & Carriers,4.21
16161P,248,248,1.0,WRAP ENGLISH ROSE ,Stationery,0.42
23263,445,445,1.0,SET OF 3 WOODEN HEART DECORATIONS,Decor & Gifts,1.25
21531,247,247,1.0,RED RETROSPOT SUGAR JAM BOWL,Kitchen & Tableware,2.55
84247G,32,32,1.0,"DECOUPAGE,GREETING CARD,",Storage & Furniture,0.42
23216,44,44,1.0,LAUREL HEART ANTIQUE GOLD,Decor & Gifts,1.25
21114,138,138,1.0,LAVENDER SCENTED FABRIC HEART,Decor & Gifts,1.25
21528,111,111,1.0,DAIRY MAID TRADITIONAL TEAPOT ,Kitchen & Tableware,13.57
85131A,119,119,1.0,BEADED PEARL HEART WHITE ON STICK,Decor & Gifts,1.25
23225,88,88,1.0,CHERUB HEART DECORATION SILVER ,Decor & Gifts,1.63
22443,90,90,1.0,GROW YOUR OWN HERBS SET OF 3,Craft & Hobby,7.95
21807,30,30,1.0,WHITE CHRISTMAS STAR DECORATION,Decor & Gifts,0.42
23217,97,97,1.0,LAUREL HEART ANTIQUE SILVER,Decor & Gifts,1.25
23224,71,71,1.0,CHERUB HEART DECORATION GOLD,Decor & Gifts,0.83
23219,61,61,1.0,LAUREL STAR ANTIQUE SILVER ,Seasonal / Holiday,1.25
21878,224,224,1.0,PACK OF 6 SANDCASTLE FLAGS ASSORTED,Craft & Hobby,0.85
10120,29,29,1.0,DOGGY RUBBER,Animal & Pet,0.21
20767,79,79,1.0,BLUE PAISLEY JOURNAL ,Books & Journals,2.55
22891,168,168,1.0,TEA FOR ONE POLKADOT,Kitchen & Tableware,8.47
22248,109,109,1.0,DECORATION  PINK CHICK MAGIC GARDEN,Decor & Gifts,1.66
20998,69,69,1.0,ROSE DU SUD OVEN GLOVE,Decor & Gifts,2.95
90018C,9,9,1.0,SILVER BLACK ORBIT DROP EARRINGS,Accessories & Jewellery,4.25
85034a,3,3,1.0,3 GARDENIA MORRIS BOXED CANDLES,Home Decor & Lighting,8.29
21261,45,45,1.0,GREEN GOOSE FEATHER CHRISTMAS TREE ,Seasonal / Holiday,7.62
90214I,13,13,1.0,"LETTER ""I"" BLING KEY RING",Accessories & Jewellery,0.85
90114,88,88,1.0,SUMMER DAISIES BAG CHARM,Bags & Carriers,2.51
22884,36,36,1.0,NUMBER TILE VINTAGE FONT 5,Stationery,4.21
21200,75,75,1.0,MULTICOLOUR HONEYCOMB PAPER GARLAND,Stationery,1.65
23227,117,117,1.0,FILIGREE HEART BUTTERFLY WHITE ,Decor & Gifts,1.25
84984B,5,5,1.0,RED PEONY CUSHION COVER ,Textiles & Covers,4.65
90141A,10,10,1.0,GREEN PENDANT TRIPLE SHELL NECKLACE,Accessories & Jewellery,5.51
22882,42,42,1.0,NUMBER TILE VINTAGE FONT 3,Stationery,4.21
85169C,46,46,1.0,EAU DE NIL LOVE BIRD CANDLE,Decor & Gifts,2.51
90060F,6,6,1.0,FIRE POLISHED GLASS NECKL GREEN,Mirrors & Frames,5.94
21725,50,50,1.0,SWEETIES  STICKERS,Stationery,1.66
22762,112,112,1.0,CUPBOARD 3 DRAWER MA CAMPAGNE,Storage & Furniture,29.79
84993A,55,55,1.0,75 GREEN PETIT FOUR CASES,Animal & Pet,0.42
18098c,12,12,1.0,PORCELAIN BUTTERFLY OIL BURNER,Other,5.06
23214,103,103,1.0,JINGLE BELL HEART ANTIQUE GOLD,Decor & Gifts,4.13
21558,412,412,1.0,SKULL LUNCH BOX WITH CUTLERY ,Storage & Furniture,5.06
22133,133,133,1.0,PINK LOVE HEART SHAPE CUP,Decor & Gifts,1.66
21945,105,105,1.0,STRAWBERRIES  DESIGN FLANNEL ,Decor & Gifts,1.66
23221,145,145,1.0,REINDEER HEART DECORATION SILVER,Decor & Gifts,1.63
85014a,14,14,1.0,BLACK/BLUE POLKADOT UMBRELLA,Garden & Outdoor,12.72
84884a,26,26,1.0,ANT WHITE WIRE HEART SPIRAL,Decor & Gifts,8.47
22518,83,83,1.0,CHILDS GARDEN BRUSH BLUE,Garden & Outdoor,4.21
85014b,23,23,1.0,RED RETROSPOT UMBRELLA,Garden & Outdoor,12.72
21865,106,106,1.0,PINK UNION JACK  PASSPORT COVER ,Textiles & Covers,4.21
20655,99,99,1.0,QUEEN OF SKIES LUGGAGE TAG,Stationery,2.51
22166,87,87,1.0,WALL MIRROR RECTANGLE DIAMANTE PINK,Decor & Gifts,16.13
22132,154,154,1.0,RED LOVE HEART SHAPE CUP,Decor & Gifts,1.66
84596e,6,6,1.0,SMALL LICORICE DES PINK BOWL,Kitchen & Tableware,2.51
21201,101,101,1.0,TROPICAL  HONEYCOMB PAPER GARLAND ,Stationery,5.06
84509c,27,27,1.0,SET OF 4 POLKADOT PLACEMATS ,Textiles & Covers,7.62
84559a,22,22,1.0,3D SHEET OF DOG STICKERS,Stationery,1.69
20667,16,16,1.0,CHERRY BLOSSOM PURSE,Bags & Carriers,2.46
23309,407,407,1.0,SET OF 60 I LOVE LONDON CAKE CASES ,Decor & Gifts,0.42
21039,90,90,1.0,RED RETROSPOT SHOPPING BAG,Bags & Carriers,2.55
23270,126,126,1.0,SET OF 2 CERAMIC PAINTED HEARTS ,Decor & Gifts,1.45
23244,112,112,1.0,ROUND STORAGE TIN VINTAGE LEAF,Storage & Furniture,1.95
23321,629,629,1.0,SMALL WHITE HEART OF WICKER,Decor & Gifts,1.65
21415,46,46,1.0,CLAM SHELL SMALL ,Other,2.1
90195A,10,10,1.0,PURPLE GEMSTONE BRACELET,Accessories & Jewellery,8.95
90082A,18,18,1.0,DIAMANTE BOW BROOCH GREEN COLOUR,Other,6.35
22950,185,185,1.0,36 DOILIES VINTAGE CHRISTMAS,Seasonal / Holiday,1.45
20757,33,33,1.0,RED DAISY POCKET BOOK ,Books & Journals,0.85
21948,153,153,1.0,SET OF 6 CAKE CHOPSTICKS,Kitchen & Tableware,2.51
20759,20,20,1.0,CHRYSANTHEMUM POCKET BOOK ,Books & Journals,0.85
23220,103,103,1.0,REINDEER HEART DECORATION GOLD,Decor & Gifts,0.83
21902,210,210,1.0,"KEY FOB , FRONT  DOOR ",Decor & Gifts,1.66
22439,197,197,1.0,6 ROCKET BALLOONS ,Other,1.28
23242,214,214,1.0,TREASURE TIN BUFFALO BILL ,Storage & Furniture,2.08
23241,363,363,1.0,TREASURE TIN GYMKHANA DESIGN,Decor & Gifts,2.08
23236,327,327,1.0,DOILEY STORAGE TIN,Storage & Furniture,2.89
22821,139,139,1.0,GIFT BAG PSYCHEDELIC APPLES,Bags & Carriers,1.28
23239,178,178,1.0,SET OF 4 KNICK KNACK TINS POPPIES,Storage & Furniture,4.15
90199A,6,6,1.0,5 STRAND GLASS NECKLACE BLACK,Accessories & Jewellery,6.37
23266,319,319,1.0,SET OF 3 WOODEN STOCKING DECORATION,Decor & Gifts,1.25
20901,15,15,1.0,VINTAGE KEEPSAKE BOX PINK FLOWER,Storage & Furniture,4.13
23265,293,293,1.0,SET OF 3 WOODEN TREE DECORATIONS,Decor & Gifts,1.25
16012,35,35,1.0,FOOD/DRINK SPONGE STICKERS,Stationery,0.21
21849,66,66,1.0,SILVER DIAMANTE PEN IN GIFT BOX,Storage & Furniture,4.21
16156S,167,167,1.0,WRAP PINK FAIRY CAKES ,Kitchen & Tableware,0.42
85049F,88,88,1.0,BABY BOOM RIBBONS ,Toys & Children,1.25
22426,210,210,1.0,ENAMEL WASH BOWL CREAM,Kitchen & Tableware,8.47
90195B,4,4,1.0,BLACK GEMSTONE BRACELET,Accessories & Jewellery,8.95
23252,138,138,1.0,VINTAGE RED ENAMEL TRIM JUG ,Stationery,3.75
22343,94,94,1.0,PARTY PIZZA DISH RED RETROSPOT,Garden & Outdoor,0.21
90186A,9,9,1.0,AMETHYST HOOP EARRING FLORAL LEAF,Accessories & Jewellery,2.96
90204,18,18,1.0,PAIR OF ENAMEL BUTTERFLY HAIRCLIP,Utility & DIY,3.35
90082D,5,5,1.0,DIAMANTE BOW BROOCH BLACK COLOUR,Other,6.79
90196A,5,5,1.0,PURPLE GEMSTONE NECKLACE 45CM,Accessories & Jewellery,12.75
22474,134,134,1.0,SPACEBOY TV DINNER TRAY,Kitchen & Tableware,4.95
23264,299,299,1.0,SET OF 3 WOODEN SLEIGH DECORATIONS,Decor & Gifts,1.25
90185B,12,12,1.0,AMETHYST DIAMANTE EXPANDABLE RING,Accessories & Jewellery,4.24
21417,68,68,1.0,COCKLE SHELL DISH,Other,4.21
23243,470,470,1.0,SET OF TEA COFFEE SUGAR TINS PANTRY,Storage & Furniture,4.95
72801C,19,19,1.0,4 ROSE PINK DINNER CANDLES,Home Decor & Lighting,1.25
22334,101,101,1.0,DINOSAUR PARTY BAG + STICKER SET,Bags & Carriers,1.65
22406,84,84,1.0,MONEY BOX KINGS CHOICE DESIGN,Decor & Gifts,1.25
20751,198,198,1.0,FUNKY WASHING UP GLOVES ASSORTED,Decor & Gifts,2.1
22636,198,198,1.0,CHILDS BREAKFAST SET CIRCUS PARADE,Toys & Children,8.5
21032,30,30,1.0,SPACE CADET WHITE,Other,0.85
23273,112,112,1.0,HEART T-LIGHT HOLDER WILLIE WINKIE,Decor & Gifts,1.65
21392,7,7,1.0,RED POLKADOT PUDDING BOWL,Kitchen & Tableware,4.13
21900,373,373,1.0,"KEY FOB , SHED",Other,1.66
22031,80,80,1.0,BOTANICAL LAVENDER BIRTHDAY CARD,Stationery,0.85
22408,29,29,1.0,MONEY BOX CONFECTIONERY DESIGN,Decor & Gifts,1.25
21581,79,79,1.0,SKULLS  DESIGN  COTTON TOTE BAG,Decor & Gifts,2.25
21788,85,85,1.0,KIDS RAIN MAC BLUE,Garden & Outdoor,0.85
22042,39,39,1.0,CHRISTMAS CARD SINGING ANGEL,Seasonal / Holiday,0.43
22089,273,273,1.0,PAPER BUNTING VINTAGE PAISLEY,Storage & Furniture,2.95
21059,94,94,1.0,PARTY INVITES DINOSAURS,Other,0.85
21240,325,325,1.0,BLUE POLKADOT CUP,Kitchen & Tableware,1.66
21925,65,65,1.0,UNION STRIPE CUSHION COVER ,Textiles & Covers,1.25
22763,108,108,1.0,KEY CABINET MA CAMPAGNE,Storage & Furniture,20.38
21031,19,19,1.0,SPACE CADET BLACK,Other,0.83
23274,119,119,1.0,STAR T-LIGHT HOLDER WILLIE WINKIE,Home Decor & Lighting,1.65
21735,83,83,1.0,TWO DOOR CURIO CABINET,Decor & Gifts,12.75
85144,41,41,1.0,JARDIN ETCHED GLASS CHEESE DISH,Storage & Furniture,1.95
21500,213,213,1.0,PINK POLKADOT WRAP ,Stationery,0.42
22341,78,78,1.0,LOVE GARLAND PAINTED ZINC ,Decor & Gifts,1.64
22452,144,144,1.0,MEASURING TAPE BABUSHKA PINK,Accessories & Jewellery,2.95
21508,213,213,1.0,VINTAGE KID DOLLY CARD ,Stationery,0.85
84952B,29,29,1.0,BLACK LOVE BIRD T-LIGHT HOLDER,Decor & Gifts,1.66
21373,47,47,1.0,MIRRORED WALL ART SNOWFLAKES,Decor & Gifts,5.79
22264,96,96,1.0,FELT FARM ANIMAL WHITE BUNNY ,Animal & Pet,0.19
22562,211,211,1.0,MONSTERS STENCIL CRAFT,Craft & Hobby,1.25
21026,68,68,1.0,SPACE OWL,Other,1.25
21426,46,46,1.0,WOODLAND STORAGE BOX SMALL,Storage & Furniture,2.1
22181,57,57,1.0,SNOWSTORM PHOTO FRAME FRIDGE MAGNET,Home Decor & Lighting,0.85
21030,33,33,1.0,SPACE CADET RED,Other,0.85
21714,225,225,1.0,CITRONELLA CANDLE GARDEN POT,Home Decor & Lighting,1.25
20766,57,57,1.0,GARDEN PATH SKETCHBOOK,Garden & Outdoor,7.62
21025,56,56,1.0,SPACE FROG,Other,2.51
21399,71,71,1.0,BLUE POLKADOT COFFEE MUG,Kitchen & Tableware,0.39
46118,46,46,1.0,FUNKY MONKEY CUSHION COVER,Textiles & Covers,3.36
35648,128,128,1.0,VINTAGE BEAD PINK PURSE ,Bags & Carriers,2.94
90183B,17,17,1.0,AMETHYST DROP EARRINGS W LONG BEADS,Accessories & Jewellery,2.9
85195,3,3,1.0,HANGING HEART BASKET,Decor & Gifts,2.1
84905,20,20,1.0,PINK BUTTERFLY CUSHION COVER ,Textiles & Covers,4.95
16216,45,45,1.0,LETTER SHAPE PENCIL SHARPENER,Stationery,0.16
84660B,40,40,1.0,BLACK STITCHED WALL CLOCK,Decor & Gifts,1.25
21248,66,66,1.0,DOOR HANGER  MUM + DADS ROOM,Decor & Gifts,1.45
90160A,15,15,1.0,PURPLE BOUDICCA LARGE BRACELET,Accessories & Jewellery,7.07
90036E,11,11,1.0,"FLOWER GLASS GARLD NECKL36""AMETHYST",Garden & Outdoor,7.95
23232,238,238,1.0,WRAP VINTAGE PETALS  DESIGN,Decor & Gifts,0.42
84462,6,6,1.0,3 PINK HEN+CHICKS IN BASKET,Storage & Furniture,1.25
90160B,12,12,1.0,RED BOUDICCA LARGE BRACELET,Accessories & Jewellery,7.07
84461,14,14,1.0,12 PINK HEN+CHICKS IN BASKET,Storage & Furniture,2.55
21461,6,6,1.0,BLUE EASTER EGG HUNT START POST,Seasonal / Holiday,4.13
85183A,86,86,1.0,CHARLIE & LOLA WASTEPAPER BIN BLUE,Stationery,1.25
84231,20,20,1.0,EASTER BUNNY WITH BASKET ON BACK,Storage & Furniture,0.65
90190B,7,7,1.0,GOLD/AMBER DROP EARRINGS W LEAF,Accessories & Jewellery,2.96
22281,63,63,1.0,EASTER TREE YELLOW BIRDS,Seasonal / Holiday,5.95
21972,65,65,1.0,SET OF 36 DINOSAUR PAPER DOILIES,Stationery,2.92
22887,23,23,1.0,NUMBER TILE VINTAGE FONT 8,Stationery,4.13
84882,18,18,1.0,GREEN WIRE STANDING CANDLE HOLDER,Home Decor & Lighting,3.75
84806B,20,20,1.0,WHITE CANDYSTUFT ARTIFICIAL FLOWER,Garden & Outdoor,1.45
20666,17,17,1.0,ECONOMY HOLIDAY PURSE,Bags & Carriers,2.95
85032B,133,133,1.0,BLOSSOM IMAGES GIFT WRAP SET,Stationery,2.1
22102,31,31,1.0,MIRROR MOSAIC T-LIGHT HOLDER ,Home Decor & Lighting,1.65
20831,39,39,1.0,GOLD PHOTO FRAME,Home Decor & Lighting,2.1
20795,11,11,1.0,LARGE BLUE PROVENCAL CERAMIC BALL,Kitchen & Tableware,2.1
20830,37,37,1.0,SILVER PHOTO FRAME,Home Decor & Lighting,4.21
85040a,21,21,1.0,S/4 PINK FLOWER CANDLES IN BOWL,Home Decor & Lighting,3.29
90003D,16,16,1.0,CRYSTAL PAIR HEART HAIR SLIDES,Decor & Gifts,3.75
21378,34,34,1.0,SMALL TALL CAMPHOR WOOD TOADSTOOL,Utility & DIY,1.65
22858,136,136,1.0,EASTER TIN KEEPSAKE,Storage & Furniture,1.65
21458,36,36,1.0,2 PICTURE BOOK EGGS EASTER BUNNY,Easter & Spring,1.25
22232,83,83,1.0,JIGSAW TOADSTOOLS 3 PIECE,Utility & DIY,1.65
22861,50,50,1.0,EASTER TIN CHICKS IN GARDEN,Storage & Furniture,1.65
22857,61,61,1.0,ASSORTED EASTER GIFT TAGS,Stationery,11.02
22230,101,101,1.0,JIGSAW TREE WITH WATERING CAN,Kitchen & Tableware,0.85
20845,11,11,1.0,ZINC HEART LATTICE 2 WALL PLANTER,Decor & Gifts,6.35
21946,25,25,1.0,PARTY TIME DESIGN FLANNEL,Decor & Gifts,1.63
20670,11,11,1.0,VIP HOLIDAY PURSE,Bags & Carriers,2.46
21194,65,65,1.0,PINK  HONEYCOMB PAPER FAN,Stationery,1.63
35921,23,23,1.0,EASTER BUNNY HANGING GARLAND,Decor & Gifts,4.96
23233,158,158,1.0,WRAP POPPIES  DESIGN,Decor & Gifts,0.42
84745A,5,5,1.0,PINK HANGING GINGHAM EASTER HEN,Decor & Gifts,0.42
21331,8,8,1.0,MOROCCAN BEATEN METAL DISH LARGE,Decor & Gifts,25.49
22723,295,295,1.0,SET OF 6 HERB TINS SKETCHBOOK,Storage & Furniture,3.95
85231g,6,6,1.0,ORANGE SCENTED SET/9 T-LIGHTS,Home Decor & Lighting,1.63
21460,11,11,1.0,GREEN EASTER EGG HUNT START POST,Seasonal / Holiday,1.95
21459,19,19,1.0,YELLOW EASTER EGG HUNT START POST,Seasonal / Holiday,1.95
90130D,3,3,1.0,RED STONE/CRYSTAL EARRINGS,Accessories & Jewellery,2.9
84745B,5,5,1.0,BLUE HANGING GINGHAM EASTER HEN,Decor & Gifts,0.42
85189,3,3,1.0,HANGING BUTTERFLY  EGG,Decor & Gifts,0.85
20848,8,8,1.0,ZINC HEART LATTICE CHARGER SMALL,Decor & Gifts,2.95
85206B,4,4,1.0,PINK FELT EASTER EGG BASKET,Storage & Furniture,1.65
35912B,20,20,1.0,WHITE/PINK CHICK DECORATION,Decor & Gifts,1.25
22782,74,74,1.0,SET 3 WICKER STORAGE BASKETS ,Storage & Furniture,9.95
21371,38,38,1.0,MIRRORED WALL ART POPPIES,Decor & Gifts,2.55
23231,260,260,1.0,WRAP DOILEY DESIGN,Decor & Gifts,0.42
22721,297,297,1.0,SET OF 3 CAKE TINS SKETCHBOOK,Storage & Furniture,4.95
85160B,16,16,1.0,BLACK BIRD GARDEN DESIGN MUG,Decor & Gifts,0.39
20826,8,8,1.0,SILVER APERITIF GLASS,Mirrors & Frames,2.12
90032,8,8,1.0,IVORY SHELL HEART NECKLACE,Decor & Gifts,6.25
90120D,5,5,1.0,WHITE MURANO TWIST BRACELET,Accessories & Jewellery,4.15
21199,78,78,1.0,PINK  HEART CONFETTI IN TUBE,Decor & Gifts,1.65
71495A,8,8,1.0,CD WALL TIDY BLUE OFFICE,Decor & Gifts,0.84
22289,34,34,1.0,HANGING METAL CHICKEN DECORATION,Decor & Gifts,2.46
20818,5,5,1.0,GOLD TEDDY BEAR,Other,7.62
21368,33,33,1.0,MIRRORED WALL ART LADIES,Decor & Gifts,4.96
85188B,10,10,1.0,PINK METAL SWINGING BUNNY,Decor & Gifts,0.85
84584,30,30,1.0,PINK GINGHAM CAT WITH SCARF,Accessories & Jewellery,2.55
90076,4,4,1.0,MONTANA DIAMOND CLUSTER EARRINGS,Accessories & Jewellery,2.96
90164B,15,15,1.0,WHITE  ROSEBUD PEARL BRACELET,Accessories & Jewellery,7.48
90162C,7,7,1.0,ANT SILVER FUSCHIA BOUDICCA RING,Accessories & Jewellery,2.95
85179C,36,36,1.0,PINK BITTY LIGHT CHAIN,Home Decor & Lighting,9.32
21293,24,24,1.0,MIRRORED DOVE WALL DECORATION,Decor & Gifts,4.21
90164A,14,14,1.0,PINK ROSEBUD PEARL BRACELET,Accessories & Jewellery,7.48
72780,20,20,1.0,BLACK SILOUETTE CANDLE PLATE,Home Decor & Lighting,0.85
22954,40,40,1.0,HEN PARTY CORDON BARRIER TAPE,Kitchen & Tableware,1.25
22047,106,106,1.0,EMPIRE GIFT WRAP,Stationery,0.42
22214,56,56,1.0,CANDLE PLATE LACE WHITE,Home Decor & Lighting,1.66
47590b,9,9,1.0,PINK HAPPY BIRTHDAY BUNTING,Storage & Furniture,10.79
72807a,5,5,1.0,SET/3 ROSE CANDLE IN JEWELLED BOX,Home Decor & Lighting,8.29
35920,15,15,1.0,FOUR RABBIT EASTER DECORATIONS,Decor & Gifts,1.25
46776F,89,89,1.0,WOVEN ROSE GARDEN CUSHION COVER ,Garden & Outdoor,4.21
84356,82,82,1.0,POMPOM CURTAIN,Other,6.95
47578A,45,45,1.0,ENGLISH ROSE SMALL SCENTED FLOWER,Garden & Outdoor,1.63
21562,28,28,1.0,HAWAIIAN GRASS SKIRT ,Other,1.25
22934,78,78,1.0,BAKING MOULD EASTER EGG WHITE CHOC,Easter & Spring,2.95
84974,28,28,1.0,S/2 ZINC HEART DESIGN PLANTERS,Decor & Gifts,9.95
22263,51,51,1.0,FELT EGG COSY LADYBIRD ,Easter & Spring,1.66
84510E,16,16,1.0,SET OF 4 GREEN CAROUSEL COASTERS,Craft & Hobby,2.51
90147,23,23,1.0,CHUNKY SILVER NECKLACE PASTEL FLOWE,Accessories & Jewellery,10.62
21317,34,34,1.0,GLASS SPHERE CANDLE STAND MEDIUM,Home Decor & Lighting,5.45
84509E,23,23,1.0,SET OF 4 CAROUSEL PLACEMATS ,Textiles & Covers,7.62
84748,61,61,1.0,FOLK FELT HANGING MULTICOL GARLAND,Decor & Gifts,7.62
20932,35,35,1.0,PINK POT PLANT CANDLE,Home Decor & Lighting,7.62
90070,14,14,1.0,RUBY GLASS CLUSTER BRACELET,Accessories & Jewellery,6.37
90201C,21,21,1.0,RED ENAMEL FLOWER RING,Accessories & Jewellery,2.96
16048,67,67,1.0,TEATIME ROUND PENCIL SHARPENER ,Kitchen & Tableware,0.85
37475,43,43,1.0,SET/4 COLOURFUL MIXING BOWLS,Kitchen & Tableware,9.95
22885,28,28,1.0,NUMBER TILE VINTAGE FONT 6 ,Stationery,4.13
84510a,40,40,1.0,SET OF 4 ENGLISH ROSE COASTERS,Craft & Hobby,2.46
84951B,82,82,1.0,SET OF 4 BLACK LOVEBIRD COASTERS,Decor & Gifts,2.55
84818,99,99,1.0,DANISH ROSE PHOTO FRAME,Home Decor & Lighting,0.85
84919,29,29,1.0,BLUE CUSHION COVER WITH FLOWER,Garden & Outdoor,6.95
37333,19,19,1.0,"RETRO ""TEA FOR ONE"" ",Kitchen & Tableware,4.95
20898,13,13,1.0,VINTAGE NOTEBOOK TRAVELOGUE,Stationery,2.95
20758,42,42,1.0,ABSTRACT CIRCLES POCKET BOOK,Books & Journals,0.85
90123A,9,9,1.0,PINK HEART OF GLASS BRACELET,Decor & Gifts,5.95
21132,22,22,1.0,SILVER STANDING GNOME   ,Organizers & Racks,4.25
90123D,5,5,1.0,WHITE HEART OF GLASS BRACELET,Decor & Gifts,5.82
90016B,19,19,1.0,GOLD/M.O.P PENDANT ORBIT NECKLACE,Accessories & Jewellery,8.5
84968e,6,6,1.0,SET OF 16 VINTAGE BLACK CUTLERY,Kitchen & Tableware,24.96
90016A,7,7,1.0,SILVER/M.O.P PENDANT ORBIT NECKLACE,Accessories & Jewellery,8.5
85032A,135,135,1.0,ROMANTIC IMAGES GIFT WRAP SET,Stationery,2.1
84843,48,48,1.0,WHITE SOAP RACK WITH 2 BOTTLES,Kitchen & Tableware,5.95
85032C,140,140,1.0,CURIOUS IMAGES GIFT WRAP SET,Stationery,2.1
84968a,3,3,1.0,SET OF 16 VINTAGE ROSE CUTLERY,Kitchen & Tableware,24.96
79066k,10,10,1.0,RETRO MOD TRAY,Kitchen & Tableware,1.63
35809a,9,9,1.0,ENAMEL PINK TEA CONTAINER,Storage & Furniture,4.13
84951A,93,93,1.0,SET OF 4 PISTACHIO LOVEBIRD COASTER,Decor & Gifts,2.55
84997a,65,65,1.0,GREEN 3 PIECE POLKADOT CUTLERY SET,Kitchen & Tableware,8.29
DCGS0003,4,4,1.0,BOXED GLASS ASHTRAY,Storage & Furniture,2.51
21318,49,49,1.0,GLASS CHALICE BLUE SMALL ,Mirrors & Frames,3.36
21454,136,136,1.0,PAINTED PINK RABBIT ,Other,0.85
15058B,97,97,1.0,PINK POLKADOT GARDEN PARASOL,Garden & Outdoor,7.95
22391,29,29,1.0,PAPERWEIGHT HOME SWEET HOME,Decor & Gifts,2.55
90125B,12,12,1.0,AQUA BERTIE GLASS BEAD BAG CHARM,Bags & Carriers,4.21
22287,80,80,1.0,"DECORATION , WOBBLY CHICKEN, METAL ",Decor & Gifts,3.36
90040A,5,5,1.0,MURANO STYLE GLASS BRACELET RED,Accessories & Jewellery,4.24
21418,25,25,1.0,STARFISH SOAP DISH,Seasonal / Holiday,5.06
20756,22,22,1.0,GREEN FERN POCKET BOOK,Books & Journals,0.85
84631,24,24,1.0,FRUIT TREE AND BIRDS WALL PLAQUE,Decor & Gifts,7.95
84931A,51,51,1.0,PINK SCOTTIE DOG W FLOWER PATTERN,Garden & Outdoor,5.06
85130C,46,46,1.0,BEADED CRYSTAL HEART BLUE  LARGE,Decor & Gifts,0.79
22286,115,115,1.0,"DECORATION , WOBBLY RABBIT , METAL ",Decor & Gifts,3.36
46776D,37,37,1.0,WOVEN SUNSET CUSHION COVER ,Textiles & Covers,4.21
90125D,19,19,1.0,PURPLE BERTIE GLASS BEAD BAG CHARM,Bags & Carriers,4.21
84592,22,22,1.0,CROCHET ROSE PURSE WITH SUEDE BACK,Bags & Carriers,2.95
90031,7,7,1.0,BILI NUT AND WOOD NECKLACE,Accessories & Jewellery,5.94
90027C,5,5,1.0,GLASS BEAD HOOP EARRINGS GREEN,Accessories & Jewellery,2.9
22055,220,220,1.0,MINI CAKE STAND  HANGING STRAWBERY,Decor & Gifts,1.45
21131,28,28,1.0,GOLD STANDING GNOME,Organizers & Racks,3.75
21457,25,25,1.0,2 PICTURE BOOK EGGS EASTER DUCKS,Easter & Spring,1.25
72801c,25,25,1.0,4 ROSE PINK DINNER CANDLES,Home Decor & Lighting,2.46
22291,120,120,1.0,HANGING CHICK CREAM DECORATION,Decor & Gifts,1.45
20654,49,49,1.0,FIRST CLASS LUGGAGE TAG ,Stationery,1.25
21456,25,25,1.0,2 PICTURE BOOK EGGS EASTER CHICKS,Easter & Spring,1.25
20868,46,46,1.0,SILVER FABRIC MIRROR,Home Decor & Lighting,1.25
84820,31,31,1.0,DANISH ROSE TRINKET TRAYS,Kitchen & Tableware,5.95
84638,37,37,1.0,SMALL KITCHEN FLOWER POTS PLAQUE,Decor & Gifts,6.95
84821,40,40,1.0,DANISH ROSE DELUXE COASTER,Beach & Summer,0.85
21320,19,19,1.0,GLASS CHALICE GREEN  LARGE ,Mirrors & Frames,4.96
22229,101,101,1.0,BUNNY WOODEN PAINTED WITH FLOWER ,Decor & Gifts,0.85
22228,147,147,1.0,BUNNY WOODEN PAINTED WITH BIRD ,Decor & Gifts,0.85
71101E,22,22,1.0,STANDING FAIRY POLE SUPPORT ,Fantasy & Imaginative,0.85
35915B,50,50,1.0,BLUE KNITTED HEN ,Other,1.65
16054,33,33,1.0,POPART RECT PENCIL SHARPENER ASST,Stationery,0.42
85188A,42,42,1.0,GREEN METAL SWINGING BUNNY,Decor & Gifts,1.63
90202B,10,10,1.0,WHITE ENAMEL FLOWER HAIR TIE,Garden & Outdoor,2.95
22522,129,129,1.0,CHILDS GARDEN FORK BLUE ,Kitchen & Tableware,1.66
22270,53,53,1.0,HAPPY EASTER HANGING DECORATION,Decor & Gifts,7.46
16008,70,70,1.0,SMALL FOLDING SCISSOR(POINTED EDGE),Other,0.25
22103,26,26,1.0,MIRROR MOSAIC T-LIGHT HOLDER ROUND,Home Decor & Lighting,1.45
90165A,15,15,1.0,PINK ROSEBUD PEARL EARRINGS,Accessories & Jewellery,2.54
47585A,83,83,1.0,PINK FAIRY CAKE CUSHION COVER,Kitchen & Tableware,10.17
90141C,8,8,1.0,TURQ PENDANT TRIPLE SHELL NECKLACE,Accessories & Jewellery,5.51
90177B,7,7,1.0,DROP DIAMANTE EARRINGS BLACK DIAMON,Accessories & Jewellery,2.96
90202D,11,11,1.0,PINK ENAMEL FLOWER HAIR TIE,Garden & Outdoor,2.96
90011D,3,3,1.0,PURPLE CRYSTAL DROP EARRINGS,Accessories & Jewellery,2.96
90041,4,4,1.0,PEARL AND CHERRY QUARTZ BRACLET,Other,3.73
90014A,21,21,1.0,SILVER/MOP ORBIT NECKLACE,Accessories & Jewellery,9.95
90199D,6,6,1.0,5 STRAND GLASS NECKLACE AMBER,Accessories & Jewellery,6.35
22268,158,158,1.0,EASTER DECORATION SITTING BUNNY,Decor & Gifts,0.85
90037B,5,5,1.0,TINY CRYSTAL BRACELET GREEN,Storage & Furniture,2.48
84218,41,41,1.0,BOX/12 CHICK & EGG IN BASKET,Storage & Furniture,0.81
85194S,72,72,1.0,HANGING SPRING FLOWER EGG SMALL,Decor & Gifts,0.65
21129,27,27,1.0,SILVER FISHING GNOME ,Other,12.46
84926E,39,39,1.0,FLOWERS TILE COASTER,Garden & Outdoor,1.25
85186C,78,78,1.0,BUNNY EGG GARLAND,Easter & Spring,0.85
21747,54,54,1.0,SMALL SKULL WINDMILL,Other,1.25
90214T,11,11,1.0,"LETTER ""T"" BLING KEY RING",Accessories & Jewellery,0.85
90072,14,14,1.0,RUBY DROP CHANDELIER EARRINGS,Accessories & Jewellery,4.24
90163B,5,5,1.0,WHITE ROSEBUD & PEARL NECKLACE,Accessories & Jewellery,7.48
20694,16,16,1.0,FLORAL PINK MONSTER,Floral & Planters,7.62
90165B,18,18,1.0,WHITE ROSEBUD  PEARL EARRINGS,Accessories & Jewellery,2.54
90155,7,7,1.0,RESIN NECKLACE W PASTEL BEADS,Accessories & Jewellery,7.48
35909A,3,3,1.0,RABBIT EASTER DECORATION,Decor & Gifts,2.95
85232A,29,29,1.0,SET/3 POLKADOT STACKING TINS,Storage & Furniture,10.17
20869,29,29,1.0,GOLD FABRIC MIRROR,Home Decor & Lighting,1.28
90027B,3,3,1.0,GLASS BEAD HOOP EARRINGS MONTANA,Accessories & Jewellery,2.96
35972,16,16,1.0,DAISY FOLKART HEART DECORATION,Decor & Gifts,1.25
22206,5,5,1.0,"MUG , DOTCOMGIFTSHOP.COM ",Kitchen & Tableware,0.85
90163A,9,9,1.0,PINK ROSEBUD & PEARL NECKLACE,Accessories & Jewellery,7.48
16169M,25,25,1.0,WRAP DAISY CARPET ,Stationery,0.42
21455,117,117,1.0,PAINTED YELLOW WOODEN DAISY,Decor & Gifts,1.66
79071B,11,11,1.0,ENGLISH ROSE METAL WASTE BIN,Decor & Gifts,2.95
90197B,27,27,1.0,BLACK GLASS BRACELET W HEART CHARMS,Decor & Gifts,5.09
21424,70,70,1.0,WOODLAND STORAGE BOX LARGE ,Storage & Furniture,2.95
35911B,15,15,1.0,PINK/FLOWER RABBIT EGG WARMER ,Garden & Outdoor,0.83
90125C,7,7,1.0,TURQUOISE BERTIE GLASS BEAD CHARM,Craft & Hobby,1.63
22707,49,49,1.0,WRAP MONSTER FUN ,Stationery,0.42
90125E,10,10,1.0,AMBER BERTIE GLASS BEAD BAG CHARM,Bags & Carriers,1.66
21503,23,23,1.0,TOYBOX  WRAP ,Storage & Furniture,0.42
90024F,4,4,1.0,NEW BAROQUE B'FLY NECKLACE CRYSTAL,Kitchen & Tableware,8.32
82613b,4,4,1.0,"METAL SIGN,CUPCAKE SINGLE HOOK",Decor & Gifts,2.46
82613c,4,4,1.0,"METAL SIGN,CUPCAKE SINGLE HOOK",Decor & Gifts,2.51
84795b,14,14,1.0,SUNSET CHECK HAMMOCK,Other,16.63
47518f,5,5,1.0,ICON PLACEMAT POP ART ELVIS,Textiles & Covers,4.13
85049g,51,51,1.0,CHOCOLATE BOX RIBBONS ,Storage & Furniture,1.63
16045,68,68,1.0,POPART WOODEN PENCILS ASST,Decor & Gifts,0.04
84872A,34,34,1.0,TEATIME FUNKY FLOWER BACKPACK FOR 2,Kitchen & Tableware,10.79
22046,75,75,1.0,TEA PARTY  WRAPPING PAPER ,Kitchen & Tableware,0.42
85231b,3,3,1.0,CINAMMON SET OF 9 T-LIGHTS,Home Decor & Lighting,1.63
84251C,40,40,1.0,"GREETING CARD, TWO SISTERS.",Storage & Furniture,0.43
90152A,5,5,1.0,SILVER/NAT SHELL NECKLACE W PENDANT,Accessories & Jewellery,5.95
21270,36,36,1.0,ANTIQUE CREAM CUTLERY CUPBOARD,Kitchen & Tableware,8.47
90011A,6,6,1.0,MIDNIGHT BLUE CRYSTAL DROP EARRINGS,Accessories & Jewellery,2.9
gift_0001_50,4,4,1.0,Dotcomgiftshop Gift Voucher £50.00,Craft & Hobby,41.67
90013D,3,3,1.0,PURPLE VINTAGE EARRINGS,Accessories & Jewellery,4.24
90103,16,16,1.0,PURPLE FRANGIPANI NECKLACE,Accessories & Jewellery,2.48
85114b,14,14,1.0,IVORY ENCHANTED FOREST PLACEMAT,Textiles & Covers,3.29
15044A,102,102,1.0,PINK PAPER PARASOL ,Stationery,2.95
90108,12,12,1.0,BLUE BLOSSOM HAIR CLIP,Utility & DIY,1.05
gift_0001_40,3,3,1.0,Dotcomgiftshop Gift Voucher £40.00,Craft & Hobby,34.04
84457,26,26,1.0,SET/3 RABBITS FLOWER SKIPPPING ROPE,Garden & Outdoor,0.85
84249A,27,27,1.0,"GREETING CARD,SQUARE, DOUGHNUTS",Storage & Furniture,0.83
90176B,3,3,1.0,DIAMANTE NECKLACE BLACK ,Accessories & Jewellery,7.64
85168B,35,35,1.0,BLACK BAROQUE CARRIAGE CLOCK,Home Decor & Lighting,8.47
90055,5,5,1.0,CRACKED GLAZE EARRINGS BROWN,Accessories & Jewellery,2.55
90011B,7,7,1.0,BLACK CRYSTAL DROP EARRINGS,Accessories & Jewellery,2.95
22148,186,186,1.0,EASTER CRAFT 4 CHICKS ,Craft & Hobby,1.95
90027D,6,6,1.0,GLASS BEAD HOOP EARRINGS AMETHYST,Accessories & Jewellery,3.32
22247,113,113,1.0,BUNNY DECORATION MAGIC GARDEN,Decor & Gifts,0.81
21198,71,71,1.0,WHITE HEART CONFETTI IN TUBE,Decor & Gifts,1.65
35443,6,6,1.0,RASTA IN BATH W SPLIFF ASHTRAY,Kitchen & Tableware,0.85
79191D,16,16,1.0,RETRO PLASTIC DAISY TRAY,Kitchen & Tableware,1.63
20701,18,18,1.0,PINK CAT FLORAL CUSHION COVER ,Textiles & Covers,4.13
84199,31,31,1.0,GLOW IN DARK DOLPHINS,Other,0.21
46138B,12,12,1.0,BLUE CHENILLE SHAGGY CUSHION COVER ,Textiles & Covers,0.85
90205C,15,15,1.0,LARGE CRYSTAL DIAMANTE HAIRSLIDE,Other,1.65
90144,14,14,1.0,SILVER DROP EARRINGS WITH FLOWER,Accessories & Jewellery,3.81
90206A,9,9,1.0,GOLD DIAMANTE STAR BROOCH,Seasonal / Holiday,5.09
90201A,28,28,1.0,PURPLE ENAMEL FLOWER RING,Accessories & Jewellery,2.96
22258,77,77,1.0,FELT FARM ANIMAL RABBIT,Animal & Pet,0.85
85114a,15,15,1.0,BLACK ENCHANTED FOREST PLACEMAT,Textiles & Covers,3.29
72801d,44,44,1.0,4 SKY BLUE DINNER CANDLES,Home Decor & Lighting,2.46
84673A,43,43,1.0,PINK FLY SWAT,Other,0.65
21386,51,51,1.0,IVORY HANGING DECORATION  EGG,Decor & Gifts,0.85
90146,7,7,1.0,FINE SILVER NECKLACE W PASTEL FLOWE,Accessories & Jewellery,7.9
22259,44,44,1.0,FELT FARM ANIMAL HEN,Animal & Pet,0.85
22257,42,42,1.0,FELT FARM ANIMAL SHEEP,Animal & Pet,0.85
90059F,14,14,1.0,DIAMANTE HAIR GRIP PACK/2 LT ROSE,Other,1.65
22303,261,261,1.0,COFFEE MUG APPLES DESIGN,Decor & Gifts,2.55
90181A,7,7,1.0,AMBER GLASS/SHELL/PEARL NECKLACE,Accessories & Jewellery,9.34
22032,60,60,1.0,BOTANICAL LILY GREETING CARD,Storage & Furniture,0.43
90133,13,13,1.0,TEAL/FUSCHIA COL BEAD NECKLACE,Kitchen & Tableware,5.09
90179A,5,5,1.0,AMBER FINE BEAD NECKLACE W TASSEL,Accessories & Jewellery,5.95
90214W,5,5,1.0,"LETTER ""W"" BLING KEY RING",Accessories & Jewellery,0.83
90137,3,3,1.0,PINK COMBO MINI CRYSTALS NECKLACE,Accessories & Jewellery,5.51
90038B,8,8,1.0,GLASS AND PAINTED BEADS BRACELET OL,Accessories & Jewellery,3.81
84796a,12,12,1.0,PINK HAWAIIAN PICNIC HAMPER FOR 2,Cooking & Picnic,8.29
21280,12,12,1.0,VINTAGE KITCHEN PRINT VEGETABLES,Kitchen & Tableware,2.55
84661C,14,14,1.0,PINK SQUARE TABLE CLOCK,Home Decor & Lighting,2.51
90125A,10,10,1.0,PINK BERTIE GLASS BEAD BAG CHARM,Bags & Carriers,0.85
90190A,10,10,1.0,SILVER/CRYSTAL DROP EARRINGS W LEAF,Accessories & Jewellery,2.9
22881,34,34,1.0,NUMBER TILE VINTAGE FONT 2,Stationery,4.21
20705,28,28,1.0,MRS ROBOT SOFT TOY,Toys & Children,1.95
90038A,10,10,1.0,GLASS AND PAINTED BEADS BRACELET TO,Accessories & Jewellery,3.73
22888,21,21,1.0,NUMBER TILE VINTAGE FONT 9 ,Stationery,4.13
85180A,63,63,1.0,RED HEARTS LIGHT CHAIN ,Decor & Gifts,2.51
22879,16,16,1.0,NUMBER TILE VINTAGE FONT 0,Stationery,4.21
75178,13,13,1.0,ASSTD COL BUTTERFLY/CRYSTAL W/CHIME,Other,2.51
90037C,5,5,1.0,TINY CRYSTAL BRACELET BLUE,Storage & Furniture,2.54
90079,4,4,1.0,VINTAGE ENAMEL & CRYSTAL NECKLACE,Accessories & Jewellery,4.98
22886,25,25,1.0,NUMBER TILE VINTAGE FONT 7,Stationery,4.13
85159B,59,59,1.0,"WHITE TEA,COFFEE,SUGAR JARS",Storage & Furniture,1.25
90011E,3,3,1.0,AMBER CRYSTAL DROP EARRINGS,Accessories & Jewellery,2.9
22204,79,79,1.0,MILK PAN BLUE POLKADOT,Other,3.36
20698,8,8,1.0,LITTLE PINK MONSTER SOFT TOY,Toys & Children,2.55
84597B,5,5,1.0,RETRO BROWN BALL ASHTRAY ,Kitchen & Tableware,1.25
35923,62,62,1.0,CANDY HEART HANGING DECORATION,Decor & Gifts,0.83
21332,13,13,1.0,MOROCCAN BEATEN METAL MIRROR,Decor & Gifts,12.75
90182C,9,9,1.0,BLACK 3 BEAD DROP EARRINGS,Accessories & Jewellery,2.95
47518F,28,28,1.0,ICON PLACEMAT POP ART ELVIS,Textiles & Covers,0.12
21084,181,181,1.0,SET/6 COLLAGE PAPER CUPS,Kitchen & Tableware,0.65
21425,30,30,1.0,SKULLS STORAGE BOX LARGE,Storage & Furniture,2.95
72800C,35,35,1.0,4 PINK DINNER CANDLE SILVER FLOCK,Home Decor & Lighting,2.55
35810A,75,75,1.0,ENAMEL PINK COFFEE CONTAINER,Storage & Furniture,4.21
21088,103,103,1.0,SET/6 FRUIT SALAD PAPER CUPS,Kitchen & Tableware,0.65
21096,105,105,1.0,SET/6 FRUIT SALAD  PAPER PLATES,Kitchen & Tableware,0.85
22410,58,58,1.0,MONEY BOX HOUSEKEEPING DESIGN,Decor & Gifts,1.25
84859A,35,35,1.0,SILVER DISCO HANDBAG,Bags & Carriers,1.95
21043,90,90,1.0,APRON MODERN VINTAGE COTTON,Stationery,4.13
22249,145,145,1.0,DECORATION WHITE CHICK MAGIC GARDEN,Decor & Gifts,0.85
22407,24,24,1.0,MONEY BOX FIRST ADE DESIGN,Decor & Gifts,1.25
85205B,29,29,1.0,PINK FELT EASTER RABBIT GARLAND,Easter & Spring,2.55
90118,19,19,1.0,PINK DAISY BAG CHARM,Bags & Carriers,2.51
84661A,20,20,1.0,WHITE SQUARE TABLE CLOCK,Home Decor & Lighting,2.46
85163B,36,36,1.0,BLACK BAROQUE WALL CLOCK ,Decor & Gifts,12.75
90202A,15,15,1.0,PURPLE ENAMEL FLOWER HAIR TIE,Garden & Outdoor,2.96
90119,36,36,1.0,METALIC LEAVES BAG CHARMS,Decor & Gifts,2.51
22266,92,92,1.0,EASTER DECORATION HANGING BUNNY,Decor & Gifts,0.65
22878,33,33,1.0,NUMBER TILE COTTAGE GARDEN No,Garden & Outdoor,2.1
47594B,56,56,1.0,SCOTTIES DESIGN WASHBAG,Decor & Gifts,1.95
22868,20,20,1.0,NUMBER TILE COTTAGE GARDEN 0 ,Garden & Outdoor,1.95
22877,19,19,1.0,NUMBER TILE COTTAGE GARDEN 9,Garden & Outdoor,1.95
22871,25,25,1.0,NUMBER TILE COTTAGE GARDEN 3 ,Garden & Outdoor,1.95
22874,21,21,1.0,NUMBER TILE COTTAGE GARDEN 6,Garden & Outdoor,4.21
22872,30,30,1.0,NUMBER TILE COTTAGE GARDEN 4,Garden & Outdoor,1.95
22869,44,44,1.0,NUMBER TILE COTTAGE GARDEN 1,Garden & Outdoor,1.95
22302,212,212,1.0,COFFEE MUG PEARS  DESIGN,Decor & Gifts,2.55
21196,13,13,1.0,ROUND WHITE CONFETTI IN TUBE,Other,3.29
21003,46,46,1.0,ROSE DU SUD CUSHION COVER,Textiles & Covers,6.35
90123B,5,5,1.0,TURQUOISE HEART OF GLASS BRACELET,Decor & Gifts,5.82
90156,3,3,1.0,RESIN BRACELET W PASTEL BEADS,Accessories & Jewellery,4.95
90122C,11,11,1.0,TURQUOISE CRYSTAL+GLASS BRACELET,Accessories & Jewellery,4.98
84877B,21,21,1.0,GREEN ROUND COMPACT MIRROR,Home Decor & Lighting,3.29
84926F,28,28,1.0,PSYCHEDELIC TILE COASTER,Beach & Summer,0.29
21400,72,72,1.0,RED PUDDING SPOON,Kitchen & Tableware,0.42
22267,83,83,1.0,EASTER DECORATION EGG BUNNY ,Decor & Gifts,1.25
84907,23,23,1.0,PINK YELLOW PATCH CUSHION COVER,Textiles & Covers,5.79
90214O,5,5,1.0,"LETTER ""O"" BLING KEY RING",Accessories & Jewellery,0.29
22416,76,76,1.0,SET OF 36 DOILIES SPACEBOY DESIGN ,Decor & Gifts,1.45
16052,13,13,1.0,TEATIME PUSH DOWN RUBBER,Kitchen & Tableware,0.83
37462E,12,12,1.0,"PET MUG, GOLDFISH",Kitchen & Tableware,0.84
90025D,3,3,1.0,BAROQUE BUTTERFLY EARRINGS PINK,Kitchen & Tableware,3.73
90161D,34,34,1.0,ANT COPPER PINK BOUDICCA BRACELET,Accessories & Jewellery,5.09
90073,18,18,1.0,VINTAGE ENAMEL & CRYSTAL EARRINGS,Accessories & Jewellery,5.09
15044D,84,84,1.0,RED PAPER PARASOL,Stationery,2.55
90129E,14,14,1.0,PURPLE GLASS TASSLE BAG CHARM,Bags & Carriers,1.66
90177D,14,14,1.0,DROP DIAMANTE EARRINGS PURPLE,Accessories & Jewellery,2.95
90208,37,37,1.0,PAIR OF PINK FLOWER CLUSTER SLIDE,Garden & Outdoor,2.54
21028,58,58,1.0,NINJA RABBIT BLACK,Other,0.85
21222,73,73,1.0,SET/4 BADGES BEETLES,Other,0.85
21204,85,85,1.0,DAISIES  HONEYCOMB GARLAND ,Other,3.36
90013A,32,32,1.0,MIDNIGHT BLUE VINTAGE EARRINGS,Accessories & Jewellery,3.81
84509C,51,51,1.0,SET OF 4 POLKADOT PLACEMATS ,Textiles & Covers,7.62
90129C,16,16,1.0,GREEN GLASS TASSLE BAG CHARM,Bags & Carriers,1.66
47481,23,23,1.0,50CM METAL STRING WITH  7 CLIPS,Decor & Gifts,2.13
84422,15,15,1.0,PINK/BLUE DISC/MIRROR STRING,Home Decor & Lighting,1.66
16020C,17,17,1.0,CLEAR STATIONERY BOX SET ,Storage & Furniture,0.83
90129D,7,7,1.0,AMBER GLASS TASSLE BAG CHARM,Bags & Carriers,1.66
90016C,3,3,1.0,SILVER/BLACK PENDANT ORBIT NECKLACE,Accessories & Jewellery,8.32
90185A,13,13,1.0,AMBER DIAMANTE EXPANDABLE RING,Accessories & Jewellery,4.24
22085,97,97,1.0,PAPER CHAIN KIT SKULLS ,Stationery,2.95
23049,186,186,1.0,RECYCLED ACAPULCO MAT RED,Textiles & Covers,8.25
23180,49,49,1.0,MUM'S KITCHEN CLOCK,Home Decor & Lighting,4.95
22681,131,131,1.0,FRENCH BLUE METAL DOOR SIGN 6,Decor & Gifts,1.25
21746,226,226,1.0,SMALL RED RETROSPOT WINDMILL,Garden & Outdoor,1.25
84916,29,29,1.0,HAND TOWEL PALE BLUE W FLOWERS,Garden & Outdoor,1.25
22981,105,105,1.0,PANTRY APPLE CORER,Other,1.45
18094C,42,42,1.0,WHITE AND BLUE CERAMIC OIL BURNER,Kitchen & Tableware,2.51
23183,84,84,1.0,MOTHER'S KITCHEN SPOON REST ,Kitchen & Tableware,3.75
21375,27,27,1.0,LARGE CAMPHOR WOOD FIELD MUSHROOM ,Other,5.45
21336,10,10,1.0,GOLD WASHBAG,Bags & Carriers,2.95
23178,68,68,1.0,JAM CLOCK MAGNET,Home Decor & Lighting,2.89
23179,53,53,1.0,CLOCK MAGNET MUM'S KITCHEN,Home Decor & Lighting,2.89
20819,27,27,1.0,SILVER TEDDY BEAR,Other,2.46
21680,103,103,1.0,WOODLAND  STICKERS,Stationery,1.66
22535,134,134,1.0,MAGIC DRAWING SLATE BUNNIES ,Fantasy & Imaginative,0.85
23128,139,139,1.0,DOLLCRAFT BOY JEAN-PAUL ,Craft & Hobby,4.95
84510C,54,54,1.0,SET OF 4 POLKADOT COASTERS,Craft & Hobby,1.25
23126,291,291,1.0,DOLLCRAFT GIRL AMELIE KIT,Craft & Hobby,4.95
22101,69,69,1.0,MIRROR MOSAIC VOTIVE HOLDER,Home Decor & Lighting,2.51
90177A,9,9,1.0,CLASSIC DIAMANTE EARRINGS JET,Accessories & Jewellery,2.95
20857,8,8,1.0,BLUE ROSE PATCH PURSE PINK BUTTERFL,Bags & Carriers,1.65
23182,433,433,1.0,TOILET SIGN OCCUPIED OR VACANT,Decor & Gifts,0.83
22516,63,63,1.0,CHILDS GARDEN RAKE BLUE,Garden & Outdoor,4.21
22679,159,159,1.0,FRENCH BLUE METAL DOOR SIGN 4,Decor & Gifts,2.51
22520,116,116,1.0,CHILDS GARDEN TROWEL BLUE ,Garden & Outdoor,1.66
20796,9,9,1.0,SMALL BLUE PROVENCAL CERAMIC BALL,Kitchen & Tableware,1.65
90001A,4,4,1.0,ANTIQUE RASPBERRY FLOWER EARRINGS,Accessories & Jewellery,4.15
17038,34,34,1.0,PORCELAIN BUDAH INCENSE HOLDER,Utility & DIY,0.1
47574A,114,114,1.0,ENGLISH ROSE SCENTED HANGING FLOWER,Decor & Gifts,2.46
90157,5,5,1.0,RIVIERA NECKLACE,Accessories & Jewellery,4.98
72140E,8,8,1.0,BEST DAD CANDLE LETTERS,Home Decor & Lighting,0.85
84968D,55,55,1.0,SET OF 16 VINTAGE RED CUTLERY,Kitchen & Tableware,25.49
22026,160,160,1.0,BANQUET BIRTHDAY  CARD  ,Stationery,0.42
22903,59,59,1.0,CALENDAR FAMILY FAVOURITES,Other,2.95
37340,135,135,1.0,MULTICOLOUR SPRING FLOWER MUG,Kitchen & Tableware,8.29
22211,196,196,1.0,WOOD STAMP SET FLOWERS,Garden & Outdoor,3.36
22979,381,381,1.0,PANTRY WASHING UP BRUSH,Cleaning Supplies,1.45
23193,175,175,1.0,BUFFALO BILL TREASURE BOOK BOX,Storage & Furniture,2.25
21251,46,46,1.0,DINOSAUR HEIGHT CHART STICKER SET,Stationery,5.91
90175B,9,9,1.0,PINK GLASS CHUNKY CHARM BRACELET,Accessories & Jewellery,8.95
85094,90,90,1.0,CANDY SPOT EGG WARMER RABBIT,Garden & Outdoor,0.85
90074,3,3,1.0,BLACK DIAMOND CLUSTER NECKLACE,Accessories & Jewellery,9.77
90184C,17,17,1.0,BLACK CHUNKY BEAD BRACELET W STRAP,Accessories & Jewellery,9.15
22982,212,212,1.0,PANTRY PASTRY BRUSH,Cleaning Supplies,1.25
21001,50,50,1.0,ROSE DU SUD WASHBAG ,Bags & Carriers,4.21
90059A,27,27,1.0,DIAMANTE HAIR GRIP PACK/2 CRYSTAL,Other,1.69
23194,214,214,1.0,GYMKHANNA TREASURE BOOK BOX,Storage & Furniture,2.08
21171,73,73,1.0,BATHROOM METAL SIGN ,Decor & Gifts,1.45
23177,267,267,1.0,TREASURE ISLAND BOOK BOX,Storage & Furniture,2.25
84313B,39,39,1.0,BLUE TV TRAY TABLE ,Kitchen & Tableware,5.91
84429A,21,21,1.0,MEDIUM PINK BUDDHA HEAD ,Other,5.91
85087,125,125,1.0,CANDY SPOT CUSHION COVER,Garden & Outdoor,3.36
84707A,45,45,1.0,SILVER JEWELLED MIRROR TRINKET TRAY,Home Decor & Lighting,5.91
21617,102,102,1.0,4 LILY  BOTANICAL DINNER CANDLES,Home Decor & Lighting,2.51
23176,226,226,1.0,ABC TREASURE BOOK BOX ,Storage & Furniture,2.25
35646,94,94,1.0,VINTAGE BEAD PINK EVENING BAG,Bags & Carriers,2.51
23053,164,164,1.0,RECYCLED ACAPULCO MAT PINK,Textiles & Covers,8.25
22700,52,52,1.0,BLACK AND WHITE DOG BOWL,Kitchen & Tableware,2.95
23051,162,162,1.0,RECYCLED ACAPULCO MAT BLUE,Textiles & Covers,8.25
22521,105,105,1.0,CHILDS GARDEN TROWEL PINK,Garden & Outdoor,0.85
46776A,70,70,1.0,WOVEN BUBBLE GUM CUSHION COVER,Textiles & Covers,4.21
90039C,6,6,1.0,FIRE POLISHED GLASS BRACELET BLACK,Accessories & Jewellery,3.81
21847,33,33,1.0,GREEN  DIAMANTE PEN IN GIFT BOX,Storage & Furniture,4.21
21534,155,155,1.0,DAIRY MAID LARGE MILK JUG,Other,10.17
90182B,5,5,1.0,AMETHYST 3 BEAD DROP EARRINGS,Accessories & Jewellery,2.9
22377,207,207,1.0,BOTTLE BAG RETROSPOT ,Kitchen & Tableware,2.1
90101,17,17,1.0,WHITE FRANGIPANI NECKLACE,Accessories & Jewellery,2.48
22104,59,59,1.0,MIRROR MOSAIC CANDLE PLATE,Home Decor & Lighting,1.66
21812,100,100,1.0,GARLAND WITH HEARTS AND BELLS,Decor & Gifts,4.95
22682,119,119,1.0,FRENCH BLUE METAL DOOR SIGN 7,Decor & Gifts,1.25
22715,130,130,1.0,CARD WEDDING DAY,Stationery,0.85
21943,50,50,1.0,CAKES AND RABBITS DESIGN FLANNEL ,Decor & Gifts,1.66
85039C,67,67,1.0,S/4 BLACK MINI ROSE CANDLE IN BOWL,Home Decor & Lighting,1.66
84459A,91,91,1.0,PINK METAL CHICKEN HEART ,Decor & Gifts,3.36
90130C,13,13,1.0,GREEN STONE/CRYSTAL EARRINGS,Accessories & Jewellery,2.96
21265,19,19,1.0,PINK GOOSE FEATHER TREE 60CM,Seasonal / Holiday,1.95
22495,98,98,1.0,SET OF 2 ROUND TINS CAMEMBERT ,Storage & Furniture,5.91
90056,4,4,1.0,CHUNKY CRACKED GLAZE NECKLACE IVORY,Accessories & Jewellery,11.05
20803,40,40,1.0,SMALL PINK GLASS SUNDAE DISH,Mirrors & Frames,0.42
22280,95,95,1.0,POCKET BAG PINK PAISELY BROWN SPOT,Bags & Carriers,0.85
85093,88,88,1.0,CANDY SPOT EGG WARMER HARE,Garden & Outdoor,2.51
22223,78,78,1.0,CAKE PLATE LOVEBIRD PINK,Decor & Gifts,10.17
23159,223,223,1.0,SET OF 5 PANCAKE DAY MAGNETS,Kitchen & Tableware,2.08
23078,257,257,1.0,ICE CREAM PEN LIP GLOSS ,Stationery,1.25
90201B,23,23,1.0,BLACK ENAMEL FLOWER RING,Accessories & Jewellery,2.96
84228,27,27,1.0,HEN HOUSE W CHICK STANDING,Decor & Gifts,0.42
22279,128,128,1.0,POCKET BAG BLUE PAISLEY RED SPOT,Bags & Carriers,2.51
22677,193,193,1.0,FRENCH BLUE METAL DOOR SIGN 2,Decor & Gifts,2.51
21618,91,91,1.0,4 WILDFLOWER BOTANICAL CANDLES,Home Decor & Lighting,2.51
84637,83,83,1.0,KITCHEN FLOWER POTS WALL PLAQUE,Decor & Gifts,5.95
22340,128,128,1.0,NOEL GARLAND PAINTED ZINC ,Seasonal / Holiday,3.36
85039B,172,172,1.0,S/4 IVORY MINI ROSE CANDLE IN BOWL,Home Decor & Lighting,1.66
15044C,88,88,1.0,PURPLE PAPER PARASOL,Stationery,5.91
90130B,31,31,1.0,TURQ STONE/CRYSTAL EARRINGS,Accessories & Jewellery,2.96
85131C,50,50,1.0,BEADED CRYSTAL HEART BLUE ON STICK,Decor & Gifts,0.85
21253,62,62,1.0,SET OF PICTURE FRAME  STICKERS,Home Decor & Lighting,5.91
20762,56,56,1.0,GREEN FERN SKETCHBOOK ,Books & Journals,3.75
90081C,15,15,1.0,LILY BROOCH OLIVE COLOUR,Other,4.95
79051A,41,41,1.0,SMOKEY GREY COLOUR D.O.F. GLASS,Mirrors & Frames,0.65
90038C,4,4,1.0,GLASS AND BEADS BRACELET IVORY,Accessories & Jewellery,3.73
84086B,7,7,1.0,YELLOW/BLUE RETRO RADIO,Retro & Vintage,2.95
23187,74,74,1.0,FRENCH STYLE STORAGE JAR BONBONS,Storage & Furniture,0.29
47480,86,86,1.0,HANGING PHOTO CLIP ROPE LADDER,Decor & Gifts,3.36
23181,82,82,1.0,BULL DOG BOTTLE TOP WALL CLOCK,Decor & Gifts,8.25
21226,20,20,1.0,POCKET MIRROR WOODLAND,Home Decor & Lighting,0.83
84596B,522,522,1.0,SMALL DOLLY MIX DESIGN ORANGE BOWL,Decor & Gifts,1.25
79160,49,49,1.0,HEART SHAPE WIRELESS DOORBELL,Decor & Gifts,1.69
85036A,60,60,1.0,GARDENIA 1 WICK MORRIS BOXED CANDLE,Home Decor & Lighting,4.25
20769,34,34,1.0,DAISY JOURNAL ,Books & Journals,2.55
72122,61,61,1.0,COFFEE SCENT PILLAR CANDLE,Home Decor & Lighting,1.91
21089,25,25,1.0,SET/6 GREEN SPRING PAPER CUPS,Kitchen & Tableware,0.19
23185,30,30,1.0,FRENCH STYLE STORAGE JAR JAM,Storage & Furniture,1.25
20775,63,63,1.0,DAISY NOTEBOOK ,Stationery,1.65
84569A,65,65,1.0,PACK 3 IRON ON DOG PATCHES,Animal & Pet,0.85
23054,130,130,1.0,RECYCLED ACAPULCO MAT LAVENDER,Textiles & Covers,8.25
85020,22,22,1.0,ROUND PINK HEART MIRROR,Decor & Gifts,4.21
23010,111,111,1.0,CIRCUS PARADE BABY GIFT SET,Toys & Children,16.95
22486,25,25,1.0,PLASMATRONIC LAMP,Home Decor & Lighting,8.29
21389,128,128,1.0,IVORY HANGING DECORATION  BIRD,Decor & Gifts,0.85
84842,9,9,1.0,HELLO SAILOR BATHROOM SET,Textiles & Covers,3.75
72351B,186,186,1.0,SET/6 PINK  BUTTERFLY T-LIGHTS,Home Decor & Lighting,1.69
35916A,29,29,1.0,YELLOW FELT HANGING HEART W FLOWER,Decor & Gifts,0.85
85030,6,6,1.0,FRENCH CHATEAU OVAL PLATTER,Kitchen & Tableware,1.95
21720,8,8,1.0,CAKE SHOP  STICKER SHEET,Kitchen & Tableware,0.85
16259,31,31,1.0,PIECE OF CAMO STATIONERY SET,Other,0.08
85132c,3,3,1.0,CHARLIE AND LOLA FIGURES TINS,Storage & Furniture,8.29
37482P,47,47,1.0,CUBIC MUG PINK POLKADOT,Kitchen & Tableware,16.98
21395,90,90,1.0,BLUE POLKADOT BEAKER ,Other,1.63
22233,105,105,1.0,JIGSAW RABBIT AND BIRDHOUSE,Decor & Gifts,1.65
20903,56,56,1.0,VINTAGE KEEPSAKE BOX TRAVELOGUE,Storage & Furniture,12.72
20897,24,24,1.0,VINTAGE NOTEBOOK PARIS DAYS,Stationery,5.91
71403,33,33,1.0,"PINK/WHITE ""KEEP CLEAN"" BULLET BIN",Other,5.79
22685,104,104,1.0,FRENCH BLUE METAL DOOR SIGN 0,Decor & Gifts,2.46
22683,127,127,1.0,FRENCH BLUE METAL DOOR SIGN 8,Decor & Gifts,1.25
23007,184,184,1.0, SPACEBOY BABY GIFT SET,Toys & Children,16.95
84926D,34,34,1.0,LA PALMIERA TILE COASTER,Beach & Summer,1.25
22889,33,33,1.0,NUMBER TILE VINTAGE FONT No ,Stationery,4.21
84687,31,31,1.0,BEACH HUT SHELF W 3 DRAWERS,Storage & Furniture,5.95
90030C,11,11,1.0,BROWN KUKUI COCONUT SEED NECKLACE,Accessories & Jewellery,5.94
90087,25,25,1.0,CRYSTAL SEA HORSE PHONE CHARM,Other,1.63
71495B,8,8,1.0,CD WALL TIDY RED FLOWERS,Decor & Gifts,0.83
90064A,6,6,1.0,WHITE VINTAGE CRYSTAL EARRINGS,Accessories & Jewellery,3.75
21750,24,24,1.0,LARGE SKULL WINDMILL,Other,2.1
90089,9,9,1.0,PINK CRYSTAL SKULL PHONE CHARM,Other,1.66
71510,8,8,1.0,SQUARE METAL CANDLEHOLDER BASE,Decor & Gifts,0.85
22541,35,35,1.0,MINI JIGSAW LEAP FROG,Other,0.42
21285,43,43,1.0,RETROSPOT CANDLE  MEDIUM,Home Decor & Lighting,2.1
90120A,3,3,1.0,PINK MURANO TWIST BRACELET,Accessories & Jewellery,4.24
21442,59,59,1.0,GREEN BIRDHOUSE DECORATION,Decor & Gifts,0.72
79403,15,15,1.0,FROSTED WHITE BASE ,Other,1.66
84251G,53,53,1.0,"GREETING CARD, OVERCROWDED POOL.",Storage & Furniture,0.43
22647,46,46,1.0,CERAMIC LOVE HEART MONEY BANK,Decor & Gifts,0.42
90059D,19,19,1.0,DIAMANTE HAIR GRIP PACK/2 PERIDOT,Other,1.69
21636,73,73,1.0,MADRAS NOTEBOOK MEDIUM,Stationery,0.75
22538,40,40,1.0,MINI JIGSAW GO TO THE FAIR,Other,0.85
90201D,31,31,1.0,GREEN ENAMEL FLOWER RING,Accessories & Jewellery,2.96
17013D,13,13,1.0,ORIGAMI ROSE INCENSE IN TUBE,Other,1.65
90063B,6,6,1.0,BLACK VINT ART DEC CRYSTAL NECKLACE,Accessories & Jewellery,8.5
90029,4,4,1.0,NEW BAROQUE SMALL NECKLACE BLACK,Kitchen & Tableware,8.5
90024B,6,6,1.0,NEW BAROQUE B'FLY NECKLACE RED,Kitchen & Tableware,8.5
47420,13,13,1.0,ASSORTED COLOUR SUCTION CUP HOOK,Storage & Furniture,0.19
22994,218,218,1.0,TRAVEL CARD WALLET RETROSPOT,Decor & Gifts,0.83
23004,221,221,1.0,TRAVEL CARD WALLET PANTRY,Decor & Gifts,0.83
22980,291,291,1.0,PANTRY SCRUBBING BRUSH,Cleaning Supplies,1.65
84910A,17,17,1.0,PINK PAISLEY CUSHION COVER ,Textiles & Covers,8.29
21246,96,96,1.0,RED RETROSPOT BIG BOWL,Kitchen & Tableware,4.95
21376,17,17,1.0,LARGE  TALL CAMPHOR WOOD TOADSTOOL ,Utility & DIY,5.45
20618,76,76,1.0,QUEEN OF THE SKIES PASSPORT COVER ,Textiles & Covers,4.21
84859C,22,22,1.0,PINK DISCO HANDBAG,Bags & Carriers,1.95
90184B,21,21,1.0,AMETHYST CHUNKY BEAD BRACELET W STR,Accessories & Jewellery,8.95
22510,42,42,1.0,GINGHAM BABUSHKA DOORSTOP,Decor & Gifts,1.25
90180B,5,5,1.0,PURPLE AMETHYST NECKLACE W TASSEL,Accessories & Jewellery,9.95
72132,12,12,1.0,COLUMBIAN CUBE CANDLE,Home Decor & Lighting,1.95
85118,10,10,1.0,HEART T-LIGHT HOLDER,Decor & Gifts,1.25
82095,30,30,1.0,HEART BUTTONS JEWELLERY BOX,Decor & Gifts,4.96
22063,120,120,1.0,CERAMIC BOWL WITH STRAWBERRY DESIGN,Decor & Gifts,5.91
90184A,9,9,1.0,AMBER CHUNKY BEAD BRACELET W STRAP,Accessories & Jewellery,9.34
90040C,10,10,1.0,MURANO STYLE GLASS BRACELET GOLD,Accessories & Jewellery,3.73
82001s,27,27,1.0,VINYL RECORD FRAME SILVER,Home Decor & Lighting,7.46
72812,11,11,1.0,LARGE ZINC GLASS CANDLEHOLDER,Home Decor & Lighting,4.13
22201,88,88,1.0,FRYING PAN BLUE POLKADOT,Other,4.25
35637C,9,9,1.0,PINK STRING CURTAIN WITH POLE,Accessories & Jewellery,1.95
90036D,5,5,1.0,"FLOWER GLASS GARLAND NECKL.36""BLACK",Garden & Outdoor,7.9
84012,115,115,1.0,MAGIC SHEEP WOOL GROWING FROM PAPER,Stationery,0.85
90188,7,7,1.0,DROP EARRINGS W FLOWER & LEAF,Accessories & Jewellery,2.55
85180B,48,48,1.0,PINK HEARTS LIGHT CHAIN ,Decor & Gifts,1.25
90030B,25,25,1.0,RED KUKUI COCONUT SEED NECKLACE,Accessories & Jewellery,5.94
90174,21,21,1.0,BUTTERFLY HAIR BAND,Other,2.48
85024B,12,12,1.0,EAU DE NILE JEWELLED PHOTOFRAME,Home Decor & Lighting,1.65
84993a,19,19,1.0,75 GREEN PETIT FOUR CASES,Animal & Pet,0.83
22269,125,125,1.0,EGG CUP NATURAL CHICKEN,Kitchen & Tableware,2.51
90093,10,10,1.0,CLEAR CRYSTAL STAR PHONE CHARM,Seasonal / Holiday,1.63
90039B,6,6,1.0,FIRE POLISHED GLASS BRACELET MONTAN,Accessories & Jewellery,3.81
90161C,50,50,1.0,ANT COPPER LIME BOUDICCA BRACELET,Accessories & Jewellery,5.09
90039D,9,9,1.0,FIRE POLISHED GLASS BRACELET GREEN,Accessories & Jewellery,3.73
21264,48,48,1.0,WHITE GOOSE FEATHER TREE 60CM ,Seasonal / Holiday,5.91
21284,42,42,1.0,RETROSPOT CANDLE  SMALL,Home Decor & Lighting,1.69
17084A,7,7,1.0,TRANQUILITY MASALA INCENSE,Other,0.21
44235,13,13,1.0,ASS COL CIRCLE MOBILE ,Other,0.36
22820,77,77,1.0,GIFT BAG BIRTHDAY,Bags & Carriers,0.65
84876D,16,16,1.0,BLUE HEART COMPACT MIRROR,Decor & Gifts,3.75
84952A,26,26,1.0,CLEAR LOVE BIRD T-LIGHT HOLDER,Decor & Gifts,1.66
84536a,4,4,1.0,ENGLISH ROSE NOTEBOOK A7 SIZE,Stationery,0.79
DCGSSGIRL,13,13,1.0,GIRLS PARTY BAG,Bags & Carriers,3.29
DCGSSBOY,11,11,1.0,BOYS PARTY BAG,Bags & Carriers,3.29
22703,123,123,1.0,PINK CAT BOWL,Kitchen & Tableware,4.13
84509a,68,68,1.0,SET OF 4 ENGLISH ROSE PLACEMATS,Textiles & Covers,7.46
84968d,3,3,1.0,SET OF 16 VINTAGE RED CUTLERY,Kitchen & Tableware,24.96
84875B,20,20,1.0,GREEN SQUARE COMPACT MIRROR,Home Decor & Lighting,1.25
21382,128,128,1.0,SET/4 SPRING FLOWER DECORATION,Decor & Gifts,5.79
21628,33,33,1.0,TRIANGULAR POUFFE VINTAGE ,Stationery,29.79
22254,61,61,1.0,FELT TOADSTOOL LARGE,Utility & DIY,1.25
21615,135,135,1.0,4 LAVENDER BOTANICAL DINNER CANDLES,Home Decor & Lighting,2.51
15058C,72,72,1.0,ICE CREAM DESIGN GARDEN PARASOL,Decor & Gifts,3.95
84708B,19,19,1.0,PINK JEWELLED PHOTO FRAME ,Home Decor & Lighting,9.96
84509b,4,4,1.0,SET OF 4 FAIRY CAKE PLACEMATS,Kitchen & Tableware,7.46
72807b,4,4,1.0,SET/3 OCEAN SCENT CANDLE JEWEL BOX,Home Decor & Lighting,8.29
22936,50,50,1.0,BAKING MOULD ROSE WHITE CHOCOLATE,Other,3.25
22935,65,65,1.0,BAKING MOULD ROSE MILK CHOCOLATE,Other,3.25
23003,53,53,1.0,TRAVEL CARD WALLET VINTAGE ROSE ,Decor & Gifts,0.42
15056n,84,84,1.0,EDWARDIAN PARASOL NATURAL,Other,12.46
21666,43,43,1.0,RIDGED GLASS T-LIGHT HOLDER,Home Decor & Lighting,0.65
90000B,7,7,1.0,MIDNIGHT BLUE COPPER FLOWER NECKLAC,Garden & Outdoor,6.23
20763,27,27,1.0,DAISY SKETCHBOOK ,Books & Journals,3.75
90187B,8,8,1.0,GREEN DROP EARRINGS W BEAD CLUSTER,Accessories & Jewellery,3.32
35833P,22,22,1.0,4 PINK FLOCK CHRISTMAS BALLS,Seasonal / Holiday,3.36
47341A,5,5,1.0,FUSCHIA TABLE RUN FLOWER ,Garden & Outdoor,1.25
84989a,25,25,1.0,75 GREEN FAIRY CAKE CASES,Kitchen & Tableware,2.08
84660c,16,16,1.0,PINK STITCHED WALL CLOCK,Decor & Gifts,7.46
37500,113,113,1.0,TEA TIME TEAPOT IN GIFT BOX,Storage & Furniture,9.95
85114c,35,35,1.0,RED ENCHANTED FOREST PLACEMAT,Textiles & Covers,3.29
84559b,20,20,1.0,3D SHEET OF CAT STICKERS,Stationery,1.66
85173,86,86,1.0,SET/6 FROG PRINCE T-LIGHT CANDLES,Home Decor & Lighting,5.06
84596b,5,5,1.0,SMALL DOLLY MIX DESIGN ORANGE BOWL,Decor & Gifts,2.51
84510c,23,23,1.0,SET OF 4 POLKADOT COASTERS,Craft & Hobby,2.46
72351a,12,12,1.0,SET/6 TURQUOISE BUTTERFLY T-LIGHTS,Home Decor & Lighting,4.13
85132a,8,8,1.0,CHARLIE + LOLA BISCUITS TINS,Storage & Furniture,8.29
90003B,10,10,1.0,ROSE COLOUR PAIR HEART HAIR SLIDES,Decor & Gifts,3.75
22293,122,122,1.0,HANGING CHICK GREEN DECORATION,Decor & Gifts,1.45
22875,25,25,1.0,NUMBER TILE COTTAGE GARDEN 7,Garden & Outdoor,1.95
22880,32,32,1.0,NUMBER TILE VINTAGE FONT 1,Stationery,4.21
90019C,11,11,1.0,SILVER BLACK ORBIT BRACELET,Accessories & Jewellery,5.4
90210C,10,10,1.0,RED   ACRYLIC FACETED BANGLE,Other,2.95
85130B,62,62,1.0,BEADED CRYSTAL HEART GREEN LARGE,Decor & Gifts,3.29
79144C,51,51,1.0,PAINTED LIGHTBULB RAINBOW DESIGN,Decor & Gifts,0.84
20892,3,3,1.0,SET/3 TALL GLASS CANDLE HOLDER PINK,Home Decor & Lighting,25.49
21316,15,15,1.0,SMALL CHUNKY GLASS ROMAN  BOWL,Kitchen & Tableware,2.95
22608,144,144,1.0,PENS ASSORTED FUNKY JEWELED ,Stationery,0.19
90169,11,11,1.0,DAISY HAIR COMB,Other,2.55
90168,12,12,1.0,2 DAISIES HAIR COMB,Other,2.9
35809A,62,62,1.0,ENAMEL PINK TEA CONTAINER,Storage & Furniture,4.21
90202C,14,14,1.0,GREEN ENAMEL FLOWER HAIR TIE,Garden & Outdoor,2.96
84466,10,10,1.0,TOP SECRET PEN SET,Stationery,1.25
84796A,43,43,1.0,PINK HAWAIIAN PICNIC HAMPER FOR 2,Cooking & Picnic,8.29
90000A,8,8,1.0,RASPBERRY ANT COPPER FLOWER NECKLAC,Garden & Outdoor,6.23
21087,16,16,1.0,SET/6 POSIES PAPER CUPS,Kitchen & Tableware,0.83
22883,32,32,1.0,NUMBER TILE VINTAGE FONT 4,Stationery,4.13
22997,222,222,1.0,TRAVEL CARD WALLET UNION JACK,Decor & Gifts,0.42
84558a,5,5,1.0,3D DOG PICTURE PLAYING CARDS,Toys & Children,5.79
22051,39,39,1.0,BLUE SCANDINAVIAN PAISLEY WRAP,Stationery,0.42
90214Z,10,10,1.0,"LETTER ""Z"" BLING KEY RING",Accessories & Jewellery,0.85
20794,27,27,1.0,BLUE  TILE HOOK,Storage & Furniture,2.55
90023,9,9,1.0,FILIGREE DIAMANTE EARRINGS,Accessories & Jewellery,4.24
90198A,44,44,1.0,VINTAGE ROSE BEAD BRACELET RASPBERR,Accessories & Jewellery,4.24
23002,192,192,1.0,TRAVEL CARD WALLET SKULLS,Decor & Gifts,0.42
90214K,38,38,1.0,"LETTER ""K"" BLING KEY RING",Accessories & Jewellery,0.85
84927D,14,14,1.0,LA PALMIERA TILE HOOK,Storage & Furniture,2.1
90211B,6,6,1.0,JET BLACK LAS VEGAS NECKLACE 45CM,Accessories & Jewellery,5.94
84251B,53,53,1.0,"GREETING CARD, STICKY GORDON",Storage & Furniture,0.85
84596f,12,12,1.0,SMALL MARSHMALLOWS PINK BOWL,Kitchen & Tableware,2.46
23006,173,173,1.0,TRAVEL CARD WALLET FLOWER MEADOW,Decor & Gifts,0.83
22048,32,32,1.0,BIRTHDAY BANQUET GIFT WRAP,Stationery,0.42
22708,100,100,1.0,WRAP DOLLY GIRL,Stationery,0.42
23000,278,278,1.0,TRAVEL CARD WALLET TRANSPORT,Decor & Gifts,0.83
22931,129,129,1.0,BAKING MOULD HEART WHITE CHOCOLATE,Decor & Gifts,2.55
22937,160,160,1.0,BAKING MOULD CHOCOLATE CUPCAKES,Kitchen & Tableware,2.55
22932,72,72,1.0,BAKING MOULD TOFFEE CUP CHOCOLATE,Kitchen & Tableware,5.06
22998,534,534,1.0,TRAVEL CARD WALLET KEEP CALM,Decor & Gifts,0.42
85040A,164,164,1.0,S/4 PINK FLOWER CANDLES IN BOWL,Home Decor & Lighting,3.36
22978,238,238,1.0,PANTRY ROLLING PIN,Other,3.75
90186B,15,15,1.0,CRYSTAL HOOP EARRING FLORAL LEAF,Accessories & Jewellery,2.96
21689,26,26,1.0,SILVER VANILLA  FLOWER CANDLE POT,Home Decor & Lighting,3.75
85170B,39,39,1.0,SET/6 BLACK BIRD T-LIGHT CANDLES,Home Decor & Lighting,4.21
85059,128,128,1.0,FRENCH ENAMEL WATER BASIN,Kitchen & Tableware,7.62
22996,408,408,1.0,TRAVEL CARD WALLET VINTAGE TICKET,Decor & Gifts,0.83
22995,266,266,1.0,TRAVEL CARD WALLET SUKI,Decor & Gifts,0.83
90175D,20,20,1.0,TIGRIS EYE CHUNKY CHARM BRACELET,Accessories & Jewellery,9.15
90214P,16,16,1.0,"LETTER ""P"" BLING KEY RING",Accessories & Jewellery,0.85
90001C,5,5,1.0,ANTIQUE OPAL WHITE FLOWER EARRINGS,Accessories & Jewellery,4.25
22873,26,26,1.0,NUMBER TILE COTTAGE GARDEN 5,Garden & Outdoor,1.95
22512,38,38,1.0,DOORSTOP RACING CAR DESIGN,Decor & Gifts,1.25
22999,222,222,1.0,TRAVEL CARD WALLET RETRO PETALS,Decor & Gifts,0.83
20663,20,20,1.0,QUEEN OF THE SKIES HOLIDAY PURSE ,Bags & Carriers,2.46
22991,274,274,1.0,GIRAFFE WOODEN RULER,Decor & Gifts,1.95
90019A,27,27,1.0,SILVER M.O.P ORBIT BRACELET,Accessories & Jewellery,5.4
90170,37,37,1.0,DAISY HAIR BAND,Other,1.69
90027A,3,3,1.0,GLASS BEAD HOOP EARRINGS BLACK,Accessories & Jewellery,2.95
23027,30,30,1.0,DRAWER KNOB VINTAGE GLASS HEXAGON,Storage & Furniture,2.08
22365,182,182,1.0,DOORMAT RESPECTABLE HOUSE,Decor & Gifts,14.43
21820,90,90,1.0,GLITTER HEART GARLAND WITH BELLS ,Decor & Gifts,3.75
23510,120,120,1.0,MINI PLAYING CARDS GYMKHANA,Toys & Children,0.42
23115,45,45,1.0,RED APPLES CHOPPING BOARD   ,Other,4.95
23484,35,35,1.0,HEART TRELLISTRIPLE T-LIGHT HOLDER,Decor & Gifts,2.89
21370,9,9,1.0,MIRRORED WALL ART FOXY,Decor & Gifts,1.65
21367,43,43,1.0,MIRRORED WALL ART GENTS,Decor & Gifts,5.06
70007,107,107,1.0,HI TEC ALPINE HAND WARMER,Other,3.36
22372,150,150,1.0,AIRLINE BAG VINTAGE WORLD CHAMPION ,Bags & Carriers,4.21
23469,72,72,1.0,CARD HOLDER LOVE BIRD SMALL,Decor & Gifts,4.15
23466,27,27,1.0,TUSCAN VILLA DOVECOTE,Other,8.25
22024,213,213,1.0,RAINY LADIES BIRTHDAY CARD,Garden & Outdoor,0.85
22712,312,312,1.0,CARD DOLLY GIRL ,Stationery,0.85
21441,62,62,1.0,BLUE BIRDHOUSE DECORATION,Decor & Gifts,1.66
23650,4,4,1.0,SET 10 CARDS FILIGREE BAUBLE 16961,Stationery,2.49
22583,111,111,1.0,PACK OF 6 HANDBAG GIFT BOXES,Storage & Furniture,5.06
22905,110,110,1.0,CALENDAR IN SEASON DESIGN,Decor & Gifts,5.91
22754,266,266,1.0,SMALL RED BABUSHKA NOTEBOOK ,Stationery,1.66
22376,123,123,1.0,AIRLINE BAG VINTAGE JET SET WHITE,Bags & Carriers,8.47
23114,45,45,1.0,VINTAGE LEAF CHOPPING BOARD  ,Stationery,4.95
84558A,81,81,1.0,3D DOG PICTURE PLAYING CARDS,Toys & Children,5.91
22573,221,221,1.0,STAR WOODEN CHRISTMAS DECORATION,Decor & Gifts,0.85
22295,250,250,1.0,HEART FILIGREE DOVE LARGE,Decor & Gifts,1.65
21584,146,146,1.0,RETROSPOT SMALL TUBE MATCHES,Garden & Outdoor,1.65
85231B,151,151,1.0,CINAMMON SET OF 9 T-LIGHTS,Home Decor & Lighting,1.66
22603,171,171,1.0,CHRISTMAS RETROSPOT TREE WOOD,Garden & Outdoor,1.66
22945,172,172,1.0,CHRISTMAS METAL TAGS ASSORTED ,Decor & Gifts,0.85
23644,5,5,1.0,SET 10 CARDS CHRISTMAS TREE 16955,Seasonal / Holiday,3.33
23116,22,22,1.0,VEGETABLE GARDEN CHOPPING BOARD,Garden & Outdoor,4.95
22713,217,217,1.0,CARD I LOVE LONDON ,Decor & Gifts,0.85
22571,254,254,1.0,ROCKING HORSE RED CHRISTMAS ,Seasonal / Holiday,1.66
20977,185,185,1.0,36 PENCILS TUBE WOODLAND,Stationery,1.25
23471,27,27,1.0,SIX DRAWER OFFICE TIDY,Storage & Furniture,9.95
47563A,105,105,1.0,RETRO LONGBOARD IRONING BOARD COVER,Textiles & Covers,5.91
23117,45,45,1.0,POPPY FIELDS CHOPPING BOARD,Other,4.95
21577,175,175,1.0,SAVE THE PLANET COTTON TOTE BAG,Bags & Carriers,5.06
22604,125,125,1.0,SET OF 4 NAPKIN CHARMS CUTLERY,Kitchen & Tableware,2.55
22107,179,179,1.0,PIZZA PLATE IN BOX,Storage & Furniture,7.62
22919,240,240,1.0,HERB MARKER MINT,Other,0.65
22918,238,238,1.0,HERB MARKER PARSLEY,Other,1.66
23601,4,4,1.0,SET 10 CARDS SNOWY SNOWDROPS  17100,Seasonal / Holiday,2.49
23632,10,10,1.0,SET 10 CARDS CHEERFUL ROBIN 17065,Stationery,2.08
23610,3,3,1.0,SET 10 CARDS CHRISTMAS ROBIN 17095,Seasonal / Holiday,2.08
22092,91,91,1.0,BLUE PAISLEY TISSUE BOX,Storage & Furniture,1.25
23624,4,4,1.0,SET 10 CARD PERFECT NATIVITY 17089,Stationery,2.49
22653,250,250,1.0,BUTTON BOX ,Storage & Furniture,1.95
23513,70,70,1.0,EMBROIDERED RIBBON REEL SUSIE ,Craft & Hobby,2.08
22241,239,239,1.0,GARLAND WOODEN HAPPY EASTER,Decor & Gifts,2.51
21486,11,11,1.0,PINK HEART DOTS HOT WATER BOTTLE,Decor & Gifts,4.21
21292,28,28,1.0,SMALL STRIPES CHOCOLATE GIFT BAG ,Bags & Carriers,0.64
22917,240,240,1.0,HERB MARKER ROSEMARY,Other,1.66
21427,41,41,1.0,SKULLS STORAGE BOX SMALL,Storage & Furniture,5.06
23508,120,120,1.0,MINI PLAYING CARDS DOLLY GIRL ,Toys & Children,0.42
21197,27,27,1.0,MULTICOLOUR  CONFETTI IN TUBE,Other,1.65
22921,209,209,1.0,HERB MARKER CHIVES ,Other,0.65
20707,149,149,1.0,CRAZY DAISY HEART DECORATION,Decor & Gifts,2.51
71406C,21,21,1.0,BLACK ORANGE SQUEEZER,Other,0.42
21358,108,108,1.0,TOAST ITS - HAPPY BIRTHDAY,Other,1.25
23516,42,42,1.0,EMBROIDERED RIBBON REEL SOPHIE  ,Craft & Hobby,3.75
22642,51,51,1.0,SET OF 4 NAPKIN CHARMS STARS   ,Seasonal / Holiday,2.55
84985A,18,18,1.0,SET OF 72 GREEN PAPER DOILIES,Stationery,1.45
22643,48,48,1.0,SET OF 4 NAPKIN CHARMS LEAVES   ,Craft & Hobby,1.66
23519,24,24,1.0,EMBROIDERED RIBBON REEL CLAIRE,Craft & Hobby,3.75
20772,65,65,1.0,GARDEN PATH JOURNAL,Garden & Outdoor,5.06
22588,175,175,1.0,CARD HOLDER GINGHAM HEART,Decor & Gifts,5.06
22099,153,153,1.0,CARAVAN SQUARE TISSUE BOX,Storage & Furniture,2.51
22904,271,271,1.0,CALENDAR PAPER CUT DESIGN,Decor & Gifts,5.91
22096,117,117,1.0,PINK PAISLEY SQUARE TISSUE BOX ,Storage & Furniture,2.51
21123,154,154,1.0,SET/10 IVORY POLKADOT PARTY CANDLES,Home Decor & Lighting,1.25
21588,132,132,1.0,RETROSPOT GIANT TUBE MATCHES,Garden & Outdoor,2.55
22955,135,135,1.0,36 FOIL STAR CAKE CASES ,Kitchen & Tableware,2.1
22575,90,90,1.0,METAL MERRY CHRISTMAS WREATH,Decor & Gifts,1.95
21815,29,29,1.0,STAR  T-LIGHT HOLDER ,Home Decor & Lighting,2.98
20866,90,90,1.0,BLUE ROSE FABRIC MIRROR,Home Decor & Lighting,2.51
16258A,59,59,1.0,SWIRLY CIRCULAR RUBBERS IN BAG,Bags & Carriers,0.42
10133,196,196,1.0,COLOURING PENCILS BROWN TUBE,Accessories & Jewellery,1.66
22645,352,352,1.0,CERAMIC HEART FAIRY CAKE MONEY BANK,Decor & Gifts,3.36
22511,54,54,1.0,RETROSPOT BABUSHKA DOORSTOP,Decor & Gifts,1.25
23538,32,32,1.0,WALL ART VINTAGE HEART,Decor & Gifts,4.95
21154,451,451,1.0,RED RETROSPOT OVEN GLOVE ,Decor & Gifts,3.36
22059,173,173,1.0,CERAMIC STRAWBERRY DESIGN MUG,Decor & Gifts,3.36
17021,47,47,1.0,NAMASTE SWAGAT INCENSE,Other,0.3
23521,44,44,1.0,WALL ART CAT AND BIRD ,Decor & Gifts,5.79
23523,41,41,1.0,TREASURE AHOY WALL ART,Decor & Gifts,3.75
20773,23,23,1.0,BLUE PAISLEY NOTEBOOK,Stationery,1.65
85172,43,43,1.0,HYACINTH BULB T-LIGHT CANDLES,Home Decor & Lighting,0.42
20777,80,80,1.0,CHRYSANTHEMUM NOTEBOOK,Stationery,1.63
23522,32,32,1.0,WALL ART DOG AND BALL ,Decor & Gifts,5.79
23528,50,50,1.0,WALL ART SPACEBOY,Decor & Gifts,3.75
72800E,136,136,1.0,4 IVORY DINNER CANDLES SILVER FLOCK,Home Decor & Lighting,3.36
22585,395,395,1.0,PACK OF 6 BIRDY GIFT TAGS,Stationery,1.25
23527,48,48,1.0,ANIMALS AND NATURE WALL ART,Decor & Gifts,3.75
22152,105,105,1.0,PLACE SETTING WHITE STAR,Storage & Furniture,1.66
22534,261,261,1.0,MAGIC DRAWING SLATE SPACEBOY ,Fantasy & Imaginative,0.85
23540,14,14,1.0,WALL ART THE MAGIC FOREST ,Decor & Gifts,6.95
22942,152,152,1.0,CHRISTMAS LIGHTS 10 SANTAS ,Home Decor & Lighting,8.5
22739,318,318,1.0,RIBBON REEL CHRISTMAS SOCK BAUBLE,Seasonal / Holiday,3.36
22952,619,619,1.0,60 CAKE CASES VINTAGE CHRISTMAS,Kitchen & Tableware,1.28
22695,123,123,1.0,WICKER WREATH SMALL,Other,1.45
23536,85,85,1.0,WALL ART VILLAGE SHOW ,Decor & Gifts,5.95
22593,198,198,1.0,CHRISTMAS GINGHAM STAR,Seasonal / Holiday,1.66
22650,144,144,1.0,CERAMIC PIRATE CHEST MONEY BANK,Kitchen & Tableware,1.45
21494,313,313,1.0,ROTATING LEAVES T-LIGHT HOLDER,Home Decor & Lighting,5.06
21892,412,412,1.0,TRADITIONAL WOODEN CATCH CUP GAME ,Decor & Gifts,1.25
21715,231,231,1.0,GIRLS VINTAGE TIN SEASIDE BUCKET,Storage & Furniture,2.55
23529,37,37,1.0,WALL ART DOLLY GIRL ,Decor & Gifts,3.75
22115,228,228,1.0,METAL SIGN EMPIRE TEA,Decor & Gifts,2.95
21481,490,490,1.0,FAWN BLUE HOT WATER BOTTLE,Kitchen & Tableware,6.77
22480,73,73,1.0,RED TEA TOWEL CLASSIC DESIGN,Decor & Gifts,1.25
23542,89,89,1.0,WALL ART 70'S ALPHABET ,Decor & Gifts,8.25
85095,48,48,1.0,THREE CANVAS LUGGAGE TAGS,Stationery,1.28
90200D,78,78,1.0,PINK SWEETHEART BRACELET,Decor & Gifts,4.24
23470,84,84,1.0,CARD HOLDER LOVE BIRD LARGE ,Decor & Gifts,6.25
22731,143,143,1.0,3D CHRISTMAS STAMPS STICKERS ,Seasonal / Holiday,2.51
90200A,50,50,1.0,PURPLE SWEETHEART BRACELET,Decor & Gifts,4.24
90059C,10,10,1.0,DIAMANTE HAIR GRIP PACK/2 MONTANA,Other,1.65
22312,131,131,1.0,OFFICE MUG WARMER POLKADOT,Kitchen & Tableware,5.91
23472,33,33,1.0, NINE DRAWER OFFICE TIDY,Storage & Furniture,14.95
22737,259,259,1.0,RIBBON REEL CHRISTMAS PRESENT ,Seasonal / Holiday,1.65
22582,102,102,1.0,PACK OF 6 SWEETIE GIFT BOXES,Storage & Furniture,2.55
90185C,10,10,1.0,BLACK DIAMANTE EXPANDABLE RING,Accessories & Jewellery,4.15
90059B,10,10,1.0,DIAMANTE HAIR GRIP PACK/2 BLACK DIA,Other,1.65
21329,287,287,1.0,DINOSAURS  WRITING SET ,Storage & Furniture,1.65
22742,101,101,1.0,MAKE YOUR OWN PLAYTIME CARD KIT,Toys & Children,5.91
21814,15,15,1.0,HEART T-LIGHT HOLDER ,Decor & Gifts,1.45
90059E,15,15,1.0,DIAMANTE HAIR GRIP PACK/2 RUBY,Other,1.69
22735,136,136,1.0,RIBBON REEL SOCKS AND MITTENS,Craft & Hobby,3.36
10125,91,91,1.0,MINI FUNKY DESIGN TAPES,Decor & Gifts,1.66
23533,36,36,1.0,WALL ART GARDEN HAVEN ,Decor & Gifts,5.95
23532,31,31,1.0,WALL ART WORK REST AND PLAY  ,Decor & Gifts,4.15
84754,62,62,1.0,S/15 SILVER GLASS BAUBLES IN BAG,Bags & Carriers,2.51
21591,146,146,1.0,COSY HOUR CIGAR BOX MATCHES ,Storage & Furniture,1.25
23526,143,143,1.0,WALL ART DOG LICENCE ,Decor & Gifts,5.95
23539,41,41,1.0,"WALL ART , LOVES' SECRET ",Decor & Gifts,5.95
22670,301,301,1.0,FRENCH WC SIGN BLUE METAL,Decor & Gifts,1.25
84849B,76,76,1.0,FAIRY SOAP SOAP HOLDER,Utility & DIY,1.69
21259,285,285,1.0,VICTORIAN SEWING BOX SMALL ,Storage & Furniture,12.72
22500,96,96,1.0,SET OF 2 TINS JARDIN DE PROVENCE,Storage & Furniture,11.02
22956,198,198,1.0,36 FOIL HEART CAKE CASES,Decor & Gifts,2.1
22744,172,172,1.0,MAKE YOUR OWN MONSOON CARD KIT,Stationery,2.95
90200B,47,47,1.0,BLACK SWEETHEART BRACELET,Decor & Gifts,4.25
22577,538,538,1.0,WOODEN HEART CHRISTMAS SCANDINAVIAN,Decor & Gifts,1.66
21327,252,252,1.0,SKULLS WRITING SET ,Storage & Furniture,3.36
21816,7,7,1.0,CHRISTMAS TREE T-LIGHT HOLDER,Home Decor & Lighting,1.45
23509,65,65,1.0,MINI PLAYING CARDS FUN FAIR ,Toys & Children,0.42
21742,91,91,1.0,LARGE ROUND WICKER PLATTER ,Other,5.95
22530,233,233,1.0,MAGIC DRAWING SLATE DOLLY GIRL ,Fantasy & Imaginative,0.85
47599A,165,165,1.0,PINK PARTY BAGS,Bags & Carriers,4.21
23416,25,25,1.0,CHAMBRE HOOK,Storage & Furniture,1.65
22801,220,220,1.0,ANTIQUE GLASS PEDESTAL BOWL,Kitchen & Tableware,7.62
22800,203,203,1.0,ANTIQUE TALL SWIRLGLASS TRINKET POT,Garden & Outdoor,3.75
22781,232,232,1.0,GUMBALL MAGAZINE RACK,Organizers & Racks,7.65
21688,57,57,1.0,SILVER PLATE CANDLE BOWL SMALL,Home Decor & Lighting,5.91
20867,62,62,1.0,PINK ROSE FABRIC MIRROR,Home Decor & Lighting,2.51
22277,100,100,1.0,COSMETIC BAG VINTAGE ROSE PAISLEY,Bags & Carriers,4.21
23388,154,154,1.0,WOODLAND MINI BACKPACK,Other,4.15
22600,193,193,1.0,CHRISTMAS RETROSPOT STAR WOOD,Garden & Outdoor,1.66
23074,48,48,1.0,EMBOSSED HEART TRINKET BOX,Decor & Gifts,2.08
22574,222,222,1.0,HEART WOODEN CHRISTMAS DECORATION,Decor & Gifts,0.85
85199L,95,95,1.0,LARGE HANGING IVORY & RED WOOD BIRD,Decor & Gifts,0.65
22601,200,200,1.0,CHRISTMAS RETROSPOT ANGEL WOOD,Garden & Outdoor,1.66
21524,480,480,1.0,DOORMAT SPOTTY HOME SWEET HOME,Decor & Gifts,14.43
21466,112,112,1.0,RED FLOWER CROCHET FOOD COVER,Garden & Outdoor,3.75
23611,16,16,1.0,SET 10 CARDS RED RIDING HOOD 17214,Stationery,2.49
23607,7,7,1.0,SET 10 CARDS HATS & STOCKINGS 17081,Stationery,1.66
23058,48,48,1.0,CHRISTMAS HANGING SNOWFLAKE,Decor & Gifts,2.46
22094,200,200,1.0,RED RETROSPOT TISSUE BOX,Storage & Furniture,2.51
21984,212,212,1.0,PACK OF 12 PINK PAISLEY TISSUES ,Craft & Hobby,0.85
22095,143,143,1.0,LADS ONLY TISSUE BOX,Storage & Furniture,1.25
15060b,3,3,1.0,FAIRY CAKE DESIGN UMBRELLA,Decor & Gifts,8.29
22842,163,163,1.0,BISCUIT TIN VINTAGE RED,Storage & Furniture,6.75
84692,587,587,1.0,BOX OF 24 COCKTAIL PARASOLS,Storage & Furniture,0.42
21520,58,58,1.0,BOOZE & WOMEN GREETING CARD ,Storage & Furniture,0.42
21870,163,163,1.0,I CAN ONLY PLEASE ONE PERSON MUG,Kitchen & Tableware,1.25
22118,89,89,1.0,JOY WOODEN BLOCK LETTERS,Decor & Gifts,11.87
22814,235,235,1.0,CARD PARTY GAMES ,Toys & Children,0.85
22614,219,219,1.0,PACK OF 12 SPACEBOY TISSUES,Craft & Hobby,0.85
22680,159,159,1.0,FRENCH BLUE METAL DOOR SIGN 5,Decor & Gifts,2.51
23625,4,4,1.0,SET 6 CARDS SPARKLY REINDEER 17262,Seasonal / Holiday,4.99
23639,4,4,1.0,SET 10 CARDS MAGICAL TREE 17086,Seasonal / Holiday,3.33
23420,32,32,1.0,PANTRY HOOK TEA STRAINER ,Storage & Furniture,2.08
23390,163,163,1.0,DOLLY GIRL MINI BACKPACK,Other,4.15
21471,163,163,1.0,STRAWBERRY RAFFIA FOOD COVER,Textiles & Covers,7.62
21467,104,104,1.0,CHERRY CROCHET FOOD COVER,Textiles & Covers,7.62
20676,448,448,1.0,RED RETROSPOT BOWL,Kitchen & Tableware,3.36
85136C,36,36,1.0,RED SHARK HELICOPTER,Other,7.95
23613,6,6,1.0,SET 10 XMAS CARDS & BADGES 17070,Seasonal / Holiday,2.49
23422,47,47,1.0,PANTRY HOOK BALLOON WHISK ,Storage & Furniture,4.13
23646,5,5,1.0,SET 10 CARDS JINGLE BELLS 16957,Stationery,2.49
85071A,111,111,1.0,BLUE CHARLIE+LOLA PERSONAL DOORSIGN,Decor & Gifts,0.83
20711,523,523,1.0,JUMBO BAG TOYS ,Bags & Carriers,4.21
79030G,67,67,1.0,"TUMBLER, NEW ENGLAND",Other,1.65
21056,72,72,1.0,DOCTOR'S BAG SOFT TOY,Bags & Carriers,8.95
90161A,21,21,1.0,ANT COPPER RED BOUDICCA BRACELET,Accessories & Jewellery,4.95
22069,146,146,1.0,BROWN  PIRATE TREASURE CHEST ,Other,3.36
23401,83,83,1.0,RUSTIC MIRROR WITH LACE HEART,Decor & Gifts,6.25
22067,70,70,1.0,CHOC TRUFFLE GOLD TRINKET POT ,Garden & Outdoor,1.65
22437,227,227,1.0,SET OF 9 BLACK SKULL BALLOONS,Craft & Hobby,0.85
82613B,111,111,1.0,"METAL SIGN,CUPCAKE SINGLE HOOK",Decor & Gifts,2.51
21579,50,50,1.0,LOLITA  DESIGN  COTTON TOTE BAG,Decor & Gifts,2.25
21576,78,78,1.0,LETS GO SHOPPING COTTON TOTE BAG,Bags & Carriers,5.06
85199S,261,261,1.0,SMALL HANGING IVORY/RED WOOD BIRD,Decor & Gifts,0.85
37495,92,92,1.0,FAIRY CAKE BIRTHDAY CANDLE SET,Home Decor & Lighting,3.75
37343,13,13,1.0,POLKADOT MUG PINK ,Kitchen & Tableware,1.65
23391,87,87,1.0, I LOVE LONDON MINI BACKPACK,Decor & Gifts,4.15
21469,89,89,1.0,POLKA DOT RAFFIA FOOD COVER,Textiles & Covers,3.75
23434,199,199,1.0,3 RAFFIA RIBBONS 50'S CHRISTMAS ,Seasonal / Holiday,0.79
23418,79,79,1.0,LAVENDER TOILETTE BOTTLE,Kitchen & Tableware,2.08
23419,86,86,1.0,HOME SWEET HOME BOTTLE ,Decor & Gifts,2.08
23435,99,99,1.0,3 RAFFIA RIBBONS VINTAGE CHRISTMAS,Seasonal / Holiday,4.13
21055,105,105,1.0,TOOL BOX SOFT TOY ,Storage & Furniture,8.95
20902,56,56,1.0,VINTAGE KEEPSAKE BOX PARIS DAYS,Storage & Furniture,12.72
85019A,33,33,1.0,ROMANTIC IMAGES NOTEBOOK SET,Stationery,8.47
23423,66,66,1.0,PANTRY 3 HOOK ROLLING PIN HANGER,Storage & Furniture,7.46
23421,33,33,1.0,PANTRY HOOK SPATULA,Storage & Furniture,4.13
23559,124,124,1.0,WOODLAND BUNNIES LOLLY MAKERS,Other,2.08
23410,18,18,1.0,CURIO CABINET LINEN AND LACE ,Storage & Furniture,8.15
22665,361,361,1.0,RECIPE BOX BLUE SKETCHBOOK DESIGN,Decor & Gifts,5.91
22489,443,443,1.0,PACK OF 12 TRADITIONAL CRAYONS,Craft & Hobby,0.42
22555,515,515,1.0,PLASTERS IN TIN STRONGMAN,Storage & Furniture,4.21
84569B,19,19,1.0,PACK 3 FIRE ENGINE/CAR PATCHES,Other,1.25
15044B,60,60,1.0,BLUE PAPER PARASOL ,Stationery,2.55
22429,376,376,1.0,ENAMEL MEASURING JUG CREAM,Accessories & Jewellery,8.47
23520,32,32,1.0,EMBROIDERED RIBBON REEL RUBY ,Craft & Hobby,3.75
22244,159,159,1.0,3 HOOK HANGER MAGIC GARDEN,Storage & Furniture,4.21
22973,144,144,1.0,CHILDREN'S CIRCUS PARADE MUG,Kitchen & Tableware,3.36
47421,55,55,1.0,ASSORTED COLOUR LIZARD SUCTION HOOK,Storage & Furniture,0.42
22815,268,268,1.0,CARD PSYCHEDELIC APPLES,Stationery,0.42
21107,97,97,1.0,CREAM SLICE FLANNEL PINK SPOT ,Garden & Outdoor,5.91
22453,78,78,1.0,MEASURING TAPE BABUSHKA BLUE,Accessories & Jewellery,2.55
22445,130,130,1.0,PENCIL CASE LIFE IS BEAUTIFUL,Stationery,2.95
22635,194,194,1.0,CHILDS BREAKFAST SET DOLLY GIRL ,Toys & Children,9.95
23511,98,98,1.0,EMBROIDERED RIBBON REEL EMILY ,Craft & Hobby,2.08
22584,196,196,1.0,PACK OF 6 PANNETONE GIFT BOXES,Storage & Furniture,2.55
22974,204,204,1.0,CHILDRENS DOLLY GIRL MUG,Kitchen & Tableware,3.36
23505,115,115,1.0,PLAYING CARDS I LOVE LONDON ,Decor & Gifts,1.25
21106,53,53,1.0,CREAM SLICE FLANNEL CHOCOLATE SPOT ,Garden & Outdoor,5.79
23517,63,63,1.0,EMBROIDERED RIBBON REEL REBECCA ,Craft & Hobby,2.89
23515,71,71,1.0,EMBROIDERED RIBBON REEL DAISY ,Craft & Hobby,2.08
20972,616,616,1.0,PINK CREAM FELT CRAFT TRINKET BOX ,Storage & Furniture,2.51
84563A,35,35,1.0,PINK & WHITE BREAKFAST TRAY,Kitchen & Tableware,4.13
23507,119,119,1.0,MINI PLAYING CARDS BUFFALO BILL ,Toys & Children,0.42
47599B,118,118,1.0,BLUE PARTY BAGS ,Bags & Carriers,1.69
21041,255,255,1.0,RED RETROSPOT OVEN GLOVE DOUBLE,Decor & Gifts,5.91
47504H,118,118,1.0,ENGLISH ROSE SPIRIT LEVEL ,Other,0.85
23512,57,57,1.0,EMBROIDERED RIBBON REEL ROSIE,Craft & Hobby,2.08
22697,1015,1015,1.0,GREEN REGENCY TEACUP AND SAUCER,Kitchen & Tableware,2.95
22907,670,670,1.0,PACK OF 20 NAPKINS PANTRY DESIGN,Decor & Gifts,0.85
84997D,473,473,1.0,PINK 3 PIECE POLKADOT CUTLERY SET,Kitchen & Tableware,3.75
23514,74,74,1.0,EMBROIDERED RIBBON REEL SALLY ,Craft & Hobby,2.08
23518,44,44,1.0,EMBROIDERED RIBBON REEL RACHEL ,Craft & Hobby,2.89
23372,147,147,1.0,SET 36 COLOUR PENCILS DOLLY GIRL,Stationery,1.25
22227,289,289,1.0,HANGING HEART MIRROR DECORATION ,Decor & Gifts,1.28
85114C,75,75,1.0,RED ENCHANTED FOREST PLACEMAT,Textiles & Covers,3.36
22454,41,41,1.0,MEASURING TAPE BABUSHKA RED,Accessories & Jewellery,2.95
23629,10,10,1.0,SET 10 CARDS DRESSING UP 17077,Stationery,2.49
22556,571,571,1.0,PLASTERS IN TIN CIRCUS PARADE ,Storage & Furniture,4.21
23506,146,146,1.0,MINI PLAYING CARDS SPACEBOY ,Toys & Children,0.42
23366,195,195,1.0,SET 12 COLOURING PENCILS DOILY,Accessories & Jewellery,0.65
23504,208,208,1.0,PLAYING CARDS JUBILEE UNION JACK,Toys & Children,1.25
21519,246,246,1.0,GIN & TONIC DIET GREETING CARD ,Storage & Furniture,0.42
23367,282,282,1.0,SET 12 COLOUR PENCILS SPACEBOY ,Stationery,0.65
22543,55,55,1.0,MINI JIGSAW BAKE A CAKE ,Kitchen & Tableware,0.85
22615,102,102,1.0,PACK OF 12 CIRCUS PARADE TISSUES ,Craft & Hobby,0.85
21333,16,16,1.0,CLASSIC WHITE FRAME,Home Decor & Lighting,2.95
22547,101,101,1.0,MINI JIGSAW DINOSAUR ,Other,0.85
22315,172,172,1.0,200 RED + WHITE BENDY STRAWS,Other,1.25
21873,116,116,1.0,IF YOU CAN'T STAND THE HEAT MUG,Kitchen & Tableware,1.25
22539,136,136,1.0,MINI JIGSAW DOLLY GIRL,Other,0.42
21967,232,232,1.0,PACK OF 12 SKULL TISSUES,Craft & Hobby,0.29
22561,433,433,1.0,WOODEN SCHOOL COLOURING SET,Decor & Gifts,1.65
22819,270,270,1.0,"BIRTHDAY CARD, RETRO SPOT",Garden & Outdoor,0.42
20617,43,43,1.0,FIRST CLASS PASSPORT COVER ,Textiles & Covers,1.66
22743,206,206,1.0,MAKE YOUR OWN FLOWERPOWER CARD KIT,Garden & Outdoor,5.91
21654,59,59,1.0,RIDGED GLASS FINGER BOWL,Kitchen & Tableware,1.45
22911,94,94,1.0,PAPER CHAIN KIT LONDON,Stationery,5.91
85114B,77,77,1.0,IVORY ENCHANTED FOREST PLACEMAT,Textiles & Covers,3.36
21452,185,185,1.0,TOADSTOOL MONEY BOX,Storage & Furniture,2.95
23369,126,126,1.0,SET 36 COLOUR PENCILS LOVE LONDON,Decor & Gifts,1.25
72598,93,93,1.0,SET/12 TAPER CANDLES,Home Decor & Lighting,1.66
23365,169,169,1.0,SET 12 COLOUR PENCILS LOVE LONDON,Decor & Gifts,0.65
21657,17,17,1.0,MILK BOTTLE WITH GLASS STOPPER ,Kitchen & Tableware,6.95
23371,185,185,1.0,SET 36 COLOUR PENCILS SPACEBOY ,Stationery,1.25
22364,168,168,1.0,GLASS JAR DIGESTIVE BISCUITS,Storage & Furniture,5.91
21625,169,169,1.0,VINTAGE UNION JACK APRON,Stationery,6.95
21038,23,23,1.0,SET/4 MODERN VINTAGE COTTON NAPKINS,Stationery,0.79
21179,266,266,1.0,NO JUNK MAIL METAL SIGN,Decor & Gifts,1.25
22097,145,145,1.0,SWALLOW SQUARE TISSUE BOX,Decor & Gifts,1.25
22120,188,188,1.0,WELCOME  WOODEN BLOCK LETTERS,Decor & Gifts,20.38
22566,150,150,1.0,FELTCRAFT HAIRBAND PINK AND PURPLE,Craft & Hobby,0.85
22775,237,237,1.0,PURPLE DRAWERKNOB ACRYLIC EDWARDIAN,Storage & Furniture,1.25
21165,449,449,1.0,BEWARE OF THE CAT METAL SIGN ,Decor & Gifts,4.21
23557,32,32,1.0,LANDMARK FRAME BAKER STREET ,Home Decor & Lighting,12.5
22318,142,142,1.0,FIVE HEART HANGING DECORATION,Decor & Gifts,5.91
22922,102,102,1.0,FRIDGE MAGNETS US DINER ASSORTED,Utility & DIY,11.02
21411,241,241,1.0,GINGHAM HEART  DOORSTOP RED,Decor & Gifts,8.47
22191,415,415,1.0,IVORY DINER WALL CLOCK,Decor & Gifts,8.5
85014A,278,278,1.0,BLACK/BLUE POLKADOT UMBRELLA,Garden & Outdoor,5.95
23636,7,7,1.0,SET 10 CARDS WISHING TREE 17116,Seasonal / Holiday,2.91
22193,460,460,1.0,RED DINER WALL CLOCK,Decor & Gifts,8.5
21622,104,104,1.0,VINTAGE UNION JACK CUSHION COVER,Stationery,13.57
22195,373,373,1.0,LARGE HEART MEASURING SPOONS,Decor & Gifts,3.36
22196,472,472,1.0,SMALL HEART MEASURING SPOONS,Decor & Gifts,1.66
35004G,21,21,1.0,SET OF 3 GOLD FLYING DUCKS,Craft & Hobby,6.35
22174,321,321,1.0,PHOTO CUBE,Home Decor & Lighting,3.36
23474,37,37,1.0,WOODLAND SMALL BLUE FELT HEART,Decor & Gifts,0.83
23305,9,9,1.0,SET 4 PICNIC CUTLERY BLUEBERRY,Kitchen & Tableware,1.95
21786,227,227,1.0,POLKADOT RAIN HAT ,Garden & Outdoor,0.42
22923,81,81,1.0,FRIDGE MAGNETS LES ENFANTS ASSORTED,Utility & DIY,0.85
21363,125,125,1.0,HOME SMALL WOOD LETTERS,Decor & Gifts,4.95
22466,209,209,1.0,FAIRY TALE COTTAGE NIGHTLIGHT,Home Decor & Lighting,4.21
23496,31,31,1.0,PANTRY KITCHEN THERMOMETER ,Kitchen & Tableware,1.25
22926,195,195,1.0,IVORY GIANT GARDEN THERMOMETER,Garden & Outdoor,11.87
22798,267,267,1.0,ANTIQUE GLASS DRESSING TABLE POT,Garden & Outdoor,2.95
22381,469,469,1.0,TOY TIDY PINK POLKADOT,Toys & Children,4.21
21832,198,198,1.0,CHOCOLATE CALCULATOR,Other,1.65
22189,524,524,1.0,CREAM HEART CARD HOLDER,Decor & Gifts,8.47
23495,41,41,1.0,SET OF 3 PANTRY WOODEN SPOONS,Decor & Gifts,1.25
23645,4,4,1.0,SET 10 CHRISTMAS CARDS HOHOHO 16956,Seasonal / Holiday,2.49
22780,132,132,1.0,LIGHT GARLAND BUTTERFILES PINK,Home Decor & Lighting,4.25
23615,4,4,1.0,SET 10 CARDS PRINTED GRAPHIC 17219,Stationery,2.49
23654,4,4,1.0,SET 10 CARD SNOWMAN 16965,Seasonal / Holiday,2.49
22464,352,352,1.0,HANGING METAL HEART LANTERN,Decor & Gifts,3.36
23475,31,31,1.0,WOODLAND SMALL PINK FELT HEART,Decor & Gifts,0.83
22663,450,450,1.0,JUMBO BAG DOLLY GIRL DESIGN,Decor & Gifts,1.95
23303,6,6,1.0,SET 4 PICNIC CUTLERY FONDANT,Kitchen & Tableware,1.95
22198,86,86,1.0,LARGE POPCORN HOLDER ,Utility & DIY,3.36
84970S,537,537,1.0,HANGING HEART ZINC T-LIGHT HOLDER,Decor & Gifts,2.13
21485,623,623,1.0,RETROSPOT HEART HOT WATER BOTTLE,Decor & Gifts,4.95
22382,1157,1157,1.0,LUNCH BAG SPACEBOY DESIGN ,Decor & Gifts,1.65
22468,153,153,1.0,BABUSHKA LIGHTS STRING OF 10,Home Decor & Lighting,6.75
22835,657,657,1.0,HOT WATER BOTTLE I AM SO POORLY,Kitchen & Tableware,9.32
21980,297,297,1.0,PACK OF 12 RED RETROSPOT TISSUES ,Garden & Outdoor,0.29
21844,156,156,1.0,RED RETROSPOT MUG,Kitchen & Tableware,5.91
21328,346,346,1.0,BALLOONS  WRITING SET ,Storage & Furniture,1.65
82580,631,631,1.0,BATHROOM METAL SIGN,Decor & Gifts,1.28
84509A,230,230,1.0,SET OF 4 ENGLISH ROSE PLACEMATS,Textiles & Covers,7.62
22449,143,143,1.0,SILK PURSE BABUSHKA PINK,Bags & Carriers,3.35
23492,28,28,1.0,VINTAGE JINGLE BELLS WREATH,Stationery,8.25
21744,127,127,1.0,SNOWFLAKE PORTABLE TABLE LIGHT ,Home Decor & Lighting,2.95
84510A,239,239,1.0,SET OF 4 ENGLISH ROSE COASTERS,Craft & Hobby,2.51
20963,229,229,1.0,APPLE BATH SPONGE,Textiles & Covers,1.25
21464,105,105,1.0,DISCO BALL ROTATOR BATTERY OPERATED,Other,4.25
23555,50,50,1.0,LANDMARK FRAME NOTTING HILL ,Home Decor & Lighting,12.5
22064,242,242,1.0,PINK DOUGHNUT TRINKET POT ,Garden & Outdoor,3.36
23478,13,13,1.0,WOODLAND LARGE PINK FELT HEART,Decor & Gifts,1.25
84030E,334,334,1.0,ENGLISH ROSE HOT WATER BOTTLE,Kitchen & Tableware,8.47
21889,588,588,1.0,WOODEN BOX OF DOMINOES,Decor & Gifts,1.25
23570,276,276,1.0,TRADITIONAL PICK UP STICKS GAME ,Toys & Children,1.25
22338,180,180,1.0,STAR DECORATION PAINTED ZINC ,Decor & Gifts,1.28
23454,52,52,1.0,SET OF 3 MINI HANGING PORTRAITS,Decor & Gifts,4.15
22127,22,22,1.0,PARTY CONES CARNIVAL ASSORTED,Other,12.72
22150,468,468,1.0,3 STRIPEY MICE FELTCRAFT,Craft & Hobby,5.06
23485,83,83,1.0,BOTANICAL GARDENS WALL CLOCK ,Decor & Gifts,20.8
23499,110,110,1.0,SET 12 VINTAGE DOILY CHALK ,Stationery,0.42
23477,13,13,1.0,WOODLAND LARGE BLUE FELT HEART,Decor & Gifts,1.25
23473,51,51,1.0,WOODLAND SMALL RED FELT HEART,Decor & Gifts,0.83
21506,323,323,1.0,"FANCY FONT BIRTHDAY CARD, ",Stationery,0.85
22349,131,131,1.0,DOG BOWL CHASING BALL DESIGN,Decor & Gifts,7.62
23476,22,22,1.0,WOODLAND LARGE RED FELT HEART,Decor & Gifts,1.25
21314,541,541,1.0,SMALL GLASS HEART TRINKET POT,Decor & Gifts,4.21
22188,189,189,1.0,BLACK HEART CARD HOLDER,Decor & Gifts,8.47
23633,3,3,1.0,SET 10 CARDS WORLD CHILDREN 17067,Toys & Children,2.49
21912,398,398,1.0,VINTAGE SNAKES & LADDERS,Stationery,3.75
23608,3,3,1.0,SET 10 CARDS RUDOLPHS NOSE 17097,Stationery,2.91
23560,26,26,1.0,SET OF 6 RIBBONS COUNTRY STYLE,Craft & Hobby,2.89
21883,133,133,1.0,STARS GIFT TAPE ,Seasonal / Holiday,0.65
21035,394,394,1.0,SET/2 RED RETROSPOT TEA TOWELS ,Kitchen & Tableware,5.91
21791,608,608,1.0,VINTAGE HEADS AND TAILS CARD GAME ,Toys & Children,1.25
21724,81,81,1.0,PANDA AND BUNNIES STICKER SHEET,Stationery,0.85
21913,148,148,1.0,VINTAGE SEASIDE JIGSAW PUZZLES,Toys & Children,3.75
22540,91,91,1.0,MINI JIGSAW CIRCUS PARADE ,Other,0.85
22544,175,175,1.0,MINI JIGSAW SPACEBOY,Other,0.42
22326,732,732,1.0,ROUND SNACK BOXES SET OF4 WOODLAND ,Storage & Furniture,2.95
23580,25,25,1.0,SNACK TRAY HAPPY FOREST  ,Kitchen & Tableware,1.95
22728,783,783,1.0,ALARM CLOCK BAKELIKE PINK,Home Decor & Lighting,3.75
22629,900,900,1.0,SPACEBOY LUNCH BOX ,Storage & Furniture,2.51
20679,326,326,1.0,EDWARDIAN PARASOL RED,Other,12.72
23498,99,99,1.0,CLASSIC BICYCLE CLIPS ,Utility & DIY,1.45
90179B,3,3,1.0,PURPLE FINE BEAD NECKLACE W TASSEL,Accessories & Jewellery,5.82
22661,415,415,1.0,CHARLOTTE BAG DOLLY GIRL DESIGN,Decor & Gifts,0.85
22631,397,397,1.0,CIRCUS PARADE LUNCH BOX ,Storage & Furniture,3.36
22352,482,482,1.0,LUNCH BOX WITH CUTLERY RETROSPOT ,Storage & Furniture,5.06
22623,236,236,1.0,BOX OF VINTAGE JIGSAW BLOCKS ,Storage & Furniture,4.95
22752,380,380,1.0,SET 7 BABUSHKA NESTING BOXES,Storage & Furniture,16.98
23562,43,43,1.0,SET OF 6 RIBBONS PERFECTLY PRETTY  ,Craft & Hobby,2.89
71053,333,333,1.0,WHITE METAL LANTERN,Decor & Gifts,8.47
84969,211,211,1.0,BOX OF 6 ASSORTED COLOUR TEASPOONS,Storage & Furniture,8.47
22748,436,436,1.0,POPPY'S PLAYHOUSE KITCHEN,Decor & Gifts,2.1
22310,109,109,1.0,IVORY KNITTED MUG COSY ,Kitchen & Tableware,3.36
23576,37,37,1.0,SNACK TRAY RED VINTAGE DOILY,Kitchen & Tableware,1.95
23575,32,32,1.0,SNACK TRAY PAISLEY PARK,Kitchen & Tableware,1.95
22749,449,449,1.0,FELTCRAFT PRINCESS CHARLOTTE DOLL,Craft & Hobby,3.75
21755,629,629,1.0,LOVE BUILDING BLOCK WORD,Decor & Gifts,5.95
22745,423,423,1.0,POPPY'S PLAYHOUSE BEDROOM ,Decor & Gifts,2.1
22913,112,112,1.0,RED COAT RACK PARIS FASHION,Organizers & Racks,4.95
22914,154,154,1.0,BLUE COAT RACK PARIS FASHION,Organizers & Racks,4.95
22912,100,100,1.0,YELLOW COAT RACK PARIS FASHION,Organizers & Racks,4.95
21931,1184,1184,1.0,JUMBO STORAGE BAG SUKI,Storage & Furniture,4.21
84519A,88,88,1.0,TOMATO CHARLIE+LOLA COASTER SET,Textiles & Covers,3.36
22261,107,107,1.0,FELT EGG COSY WHITE RABBIT ,Easter & Spring,0.85
22262,137,137,1.0,FELT EGG COSY CHICKEN,Easter & Spring,1.66
82567,291,291,1.0,"AIRLINE LOUNGE,METAL SIGN",Decor & Gifts,4.21
21557,162,162,1.0,SET OF 6 FUNKY BEAKERS,Craft & Hobby,5.74
22083,610,610,1.0,PAPER CHAIN KIT RETROSPOT,Garden & Outdoor,2.95
23616,7,7,1.0,SET 10 CARDS JINGLE BELLS 17217,Stationery,2.49
22438,98,98,1.0,BALLOON ART MAKE YOUR OWN FLOWERS,Garden & Outdoor,1.95
23697,35,35,1.0,A PRETTY THANK YOU CARD,Stationery,0.42
47580,110,110,1.0,TEA TIME DES TEA COSY,Kitchen & Tableware,5.91
21169,450,450,1.0,YOU'RE CONFUSING ME METAL SIGN ,Decor & Gifts,4.21
22646,392,392,1.0,CERAMIC STRAWBERRY CAKE MONEY BANK,Kitchen & Tableware,4.21
84832,269,269,1.0,ZINC WILLIE WINKIE  CANDLE STICK,Home Decor & Lighting,1.66
21533,339,339,1.0,RETROSPOT LARGE MILK JUG,Garden & Outdoor,4.95
71270,49,49,1.0,PHOTO CLIP LINE,Home Decor & Lighting,1.25
23695,57,57,1.0,DOILY THANK YOU CARD,Stationery,0.42
22644,277,277,1.0,CERAMIC CHERRY CAKE MONEY BANK,Kitchen & Tableware,4.21
23598,47,47,1.0,PAPER BUNTING VINTAGE PARTY,Storage & Furniture,2.95
84971S,172,172,1.0,SMALL HEART FLOWERS HOOK ,Decor & Gifts,1.66
84997B,370,370,1.0,RED 3 PIECE RETROSPOT CUTLERY SET,Kitchen & Tableware,3.75
23428,33,33,1.0,IVORY RETRO KITCHEN WALL CLOCK,Decor & Gifts,8.15
21977,869,869,1.0,PACK OF 60 PINK PAISLEY CAKE CASES,Kitchen & Tableware,1.28
21212,1320,1320,1.0,PACK OF 72 RETROSPOT CAKE CASES,Kitchen & Tableware,1.28
84991,828,828,1.0,60 TEATIME FAIRY CAKE CASES,Kitchen & Tableware,0.55
85071B,125,125,1.0,RED CHARLIE+LOLA PERSONAL DOORSIGN,Decor & Gifts,0.83
20723,722,722,1.0,STRAWBERRY CHARLOTTE BAG,Bags & Carriers,2.51
23430,18,18,1.0,BLUE RETRO KITCHEN WALL CLOCK,Decor & Gifts,8.15
21094,527,527,1.0,SET/6 RED SPOTTY PAPER PLATES,Kitchen & Tableware,0.85
22778,144,144,1.0,GLASS CLOCHE SMALL,Mirrors & Frames,3.95
85183B,118,118,1.0,CHARLIE & LOLA WASTEPAPER BIN FLORA,Stationery,1.25
21929,865,865,1.0,JUMBO BAG PINK VINTAGE PAISLEY,Bags & Carriers,4.21
23694,41,41,1.0,PAISLEY PARK CARD,Stationery,0.83
22774,140,140,1.0,RED DRAWER KNOB ACRYLIC EDWARDIAN,Storage & Furniture,1.25
23621,4,4,1.0,SET 10 CARDS DAVID'S MADONNA 17074,Stationery,2.49
23597,31,31,1.0,PAPER BUNTING PAISLEY PARK,Storage & Furniture,5.79
22767,218,218,1.0,TRIPLE PHOTO FRAME CORNICE ,Home Decor & Lighting,9.95
22766,504,504,1.0,PHOTO FRAME CORNICE,Home Decor & Lighting,5.91
22551,673,673,1.0,PLASTERS IN TIN SPACEBOY,Storage & Furniture,3.36
84744,20,20,1.0,S/6 SEW ON CROCHET FLOWERS,Garden & Outdoor,2.51
21065,90,90,1.0,BOOM BOX SPEAKER GIRLS,Storage & Furniture,11.87
22785,74,74,1.0,SQUARECUSHION COVER PINK UNION FLAG,Textiles & Covers,16.98
21739,111,111,1.0,COSY SLIPPER SHOES SMALL GREEN,Other,5.91
22751,290,290,1.0,FELTCRAFT PRINCESS OLIVIA DOLL,Craft & Hobby,3.75
22274,267,267,1.0,FELTCRAFT DOLL EMILY,Craft & Hobby,5.91
23660,42,42,1.0,HENRIETTA HEN MUG ,Kitchen & Tableware,1.65
22273,331,331,1.0,FELTCRAFT DOLL MOLLY,Craft & Hobby,5.91
23661,33,33,1.0,MILK MAIDS MUG ,Kitchen & Tableware,1.65
21711,36,36,1.0,FOLDING UMBRELLA WHITE/RED POLKADOT,Garden & Outdoor,10.17
22077,955,955,1.0,6 RIBBONS RUSTIC CHARM,Craft & Hobby,1.65
21242,304,304,1.0,RED RETROSPOT PLATE ,Kitchen & Tableware,4.21
21245,128,128,1.0,GREEN POLKADOT PLATE ,Kitchen & Tableware,1.69
23446,3,3,1.0,BLUE BUNNY EASTER EGG BASKET,Storage & Furniture,1.65
23635,3,3,1.0,SET 10 CARDS CHRISTMAS HOLLY  17259,Seasonal / Holiday,4.16
85184C,193,193,1.0,S/4 VALENTINE DECOUPAGE HEART BOX,Decor & Gifts,5.91
23564,76,76,1.0,EGG CUP MILKMAID INGRID,Kitchen & Tableware,1.25
22183,129,129,1.0,CAKE STAND VICTORIAN FILIGREE MED,Kitchen & Tableware,5.91
21824,117,117,1.0,PAINTED METAL STAR WITH HOLLY BELLS,Decor & Gifts,1.45
22109,297,297,1.0,FULL ENGLISH BREAKFAST PLATE,Kitchen & Tableware,7.62
23452,87,87,1.0,HEART MINI PORTRAIT FRAME,Decor & Gifts,1.95
85169B,62,62,1.0,BLACK LOVE BIRD CANDLE,Decor & Gifts,2.51
21866,193,193,1.0,UNION JACK FLAG LUGGAGE TAG,Stationery,2.51
21676,61,61,1.0,FLOWERS  STICKERS,Garden & Outdoor,1.66
23490,101,101,1.0,T-LIGHT HOLDER HANGING LOVE BIRD,Decor & Gifts,3.75
22153,131,131,1.0,ANGEL DECORATION STARS ON DRESS,Decor & Gifts,0.42
20717,412,412,1.0,STRAWBERRY SHOPPER BAG,Bags & Carriers,3.36
21955,206,206,1.0,DOORMAT UNION JACK GUNS AND ROSES,Decor & Gifts,14.43
22975,186,186,1.0,SPACEBOY CHILDRENS EGG CUP,Kitchen & Tableware,1.25
21678,32,32,1.0,PAISLEY PATTERN  STICKERS,Stationery,0.85
23453,47,47,1.0,OVAL  MINI PORTRAIT FRAME,Home Decor & Lighting,1.95
16238,134,134,1.0,PARTY TIME PENCIL ERASERS,Stationery,0.21
22074,199,199,1.0,6 RIBBONS SHIMMERING PINKS ,Accessories & Jewellery,0.42
23567,37,37,1.0,EGG CUP HENRIETTA HEN PINK,Kitchen & Tableware,1.25
21710,45,45,1.0,FOLDING UMBRELLA PINKWHITE POLKADOT,Garden & Outdoor,10.17
20750,385,385,1.0,RED RETROSPOT MINI CASES,Garden & Outdoor,7.95
21706,120,120,1.0,FOLDING UMBRELLA RED/WHITE POLKADOT,Garden & Outdoor,3.36
85049H,184,184,1.0,URBAN BLACK RIBBONS ,Craft & Hobby,1.25
23500,98,98,1.0,KEY RING BASEBALL BOOT ASSORTED ,Accessories & Jewellery,1.25
22565,148,148,1.0,FELTCRAFT HAIRBANDS PINK AND WHITE ,Craft & Hobby,0.85
22367,552,552,1.0,CHILDRENS APRON SPACEBOY DESIGN,Decor & Gifts,4.21
22130,110,110,1.0,PARTY CONE CHRISTMAS DECORATION ,Decor & Gifts,0.85
22750,413,413,1.0,FELTCRAFT PRINCESS LOLA DOLL,Craft & Hobby,3.75
22738,275,275,1.0,RIBBON REEL SNOWY VILLAGE,Seasonal / Holiday,3.36
22587,161,161,1.0,FELTCRAFT HAIRBAND RED AND BLUE,Craft & Hobby,0.85
22557,566,566,1.0,PLASTERS IN TIN VINTAGE PAISLEY ,Storage & Furniture,1.65
23626,16,16,1.0,SET 10 CARDS DINKY TREE 17076,Seasonal / Holiday,2.49
22529,70,70,1.0,MAGIC DRAWING SLATE GO TO THE FAIR ,Fantasy & Imaginative,0.85
22594,196,196,1.0,CHRISTMAS GINGHAM TREE,Seasonal / Holiday,0.85
23537,34,34,1.0,WALL ART I LOVE LONDON ,Decor & Gifts,4.95
21986,189,189,1.0,PACK OF 12 PINK POLKADOT TISSUES,Craft & Hobby,0.85
22186,149,149,1.0,RED STAR CARD HOLDER,Seasonal / Holiday,5.91
22321,132,132,1.0,BIRD DECORATION RED RETROSPOT,Decor & Gifts,1.66
22909,610,610,1.0,SET OF 20 VINTAGE CHRISTMAS NAPKINS,Seasonal / Holiday,0.85
22141,457,457,1.0,CHRISTMAS CRAFT TREE TOP ANGEL,Seasonal / Holiday,4.21
22271,301,301,1.0,FELTCRAFT DOLL ROSIE,Craft & Hobby,5.91
22327,289,289,1.0,ROUND SNACK BOXES SET OF 4 SKULLS,Storage & Furniture,6.77
22630,850,850,1.0,DOLLY GIRL LUNCH BOX,Storage & Furniture,4.21
23501,112,112,1.0,KEY RING BASEBALL BOOT UNION JACK,Accessories & Jewellery,1.25
21708,64,64,1.0,FOLDING UMBRELLA CREAM POLKADOT,Garden & Outdoor,4.95
21448,77,77,1.0,12 DAISY PEGS IN WOOD BOX,Storage & Furniture,3.36
21243,210,210,1.0,PINK  POLKADOT PLATE ,Kitchen & Tableware,1.69
22940,321,321,1.0,FELTCRAFT CHRISTMAS FAIRY,Seasonal / Holiday,4.25
21976,393,393,1.0,PACK OF 60 MUSHROOM CAKE CASES,Kitchen & Tableware,2.13
22569,348,348,1.0,FELTCRAFT CUSHION BUTTERFLY,Textiles & Covers,7.62
21880,240,240,1.0,RED RETROSPOT TAPE,Garden & Outdoor,0.19
23465,16,16,1.0,TUSCAN VILLA FEEDING STATION,Other,8.25
22179,289,289,1.0,SET 10 LIGHTS NIGHT OWL,Home Decor & Lighting,13.57
22554,704,704,1.0,PLASTERS IN TIN WOODLAND ANIMALS,Storage & Furniture,1.65
22694,405,405,1.0,WICKER STAR ,Seasonal / Holiday,4.21
22972,229,229,1.0,CHILDREN'S SPACEBOY MUG,Kitchen & Tableware,3.36
23482,39,39,1.0,PEARLISED IVORY HEART LARGE ,Decor & Gifts,1.65
22531,200,200,1.0,MAGIC DRAWING SLATE CIRCUS PARADE  ,Fantasy & Imaginative,0.85
23568,48,48,1.0,EGG CUP HENRIETTA HEN CREAM ,Kitchen & Tableware,1.25
23467,11,11,1.0,VINTAGE ZINC PLANTER  ,Garden & Outdoor,3.29
48129,205,205,1.0,DOORMAT TOPIARY,Decor & Gifts,14.43
21122,344,344,1.0,SET/10 PINK POLKADOT PARTY CANDLES,Home Decor & Lighting,1.25
21743,49,49,1.0,STAR PORTABLE TABLE LIGHT ,Home Decor & Lighting,2.95
23566,83,83,1.0,EGG CUP MILKMAID HEIDI,Kitchen & Tableware,1.25
21062,74,74,1.0,PARTY INVITES SPACEMAN,Other,0.85
22772,254,254,1.0,PINK DRAWER KNOB ACRYLIC EDWARDIAN,Storage & Furniture,2.51
23479,44,44,1.0,WIRE EGG BASKET ,Storage & Furniture,7.85
21125,103,103,1.0,SET 6 FOOTBALL CELEBRATION CANDLES,Home Decor & Lighting,1.25
85049C,224,224,1.0,ROMANTIC PINKS RIBBONS ,Craft & Hobby,1.25
21061,83,83,1.0,PARTY INVITES FOOTBALL,Sports & Fitness,0.85
22964,378,378,1.0,3 PIECE SPACEBOY COOKIE CUTTER SET,Kitchen & Tableware,4.21
21063,102,102,1.0,PARTY INVITES JAZZ HEARTS,Decor & Gifts,0.85
22296,318,318,1.0,HEART IVORY TRELLIS LARGE,Decor & Gifts,1.65
22809,204,204,1.0,SET OF 6 T-LIGHTS SANTA,Home Decor & Lighting,5.91
22100,59,59,1.0,SKULLS SQUARE TISSUE BOX,Storage & Furniture,2.51
85049G,258,258,1.0,CHOCOLATE BOX RIBBONS ,Storage & Furniture,1.25
85049E,409,409,1.0,SCANDINAVIAN REDS RIBBONS,Craft & Hobby,1.25
20992,277,277,1.0,JAZZ HEARTS PURSE NOTEBOOK,Decor & Gifts,1.66
23556,53,53,1.0,LANDMARK FRAME COVENT GARDEN ,Home Decor & Lighting,12.5
22768,260,260,1.0,FAMILY PHOTO FRAME CORNICE,Home Decor & Lighting,20.38
84625A,42,42,1.0,PINK NEW BAROQUECANDLESTICK CANDLE,Home Decor & Lighting,2.95
22441,219,219,1.0,GROW YOUR OWN BASIL IN ENAMEL MUG,Kitchen & Tableware,2.1
82581,405,405,1.0,TOILET METAL SIGN,Decor & Gifts,1.28
21592,216,216,1.0,RETROSPOT CIGAR BOX MATCHES ,Storage & Furniture,1.25
22549,356,356,1.0,PICTURE DOMINOES,Other,1.45
23554,57,57,1.0,LANDMARK FRAME OXFORD STREET,Home Decor & Lighting,12.5
23558,52,52,1.0,LANDMARK FRAME LONDON BRIDGE ,Home Decor & Lighting,10.95
84625C,35,35,1.0,BLUE NEW BAROQUE CANDLESTICK CANDLE,Home Decor & Lighting,5.91
22473,114,114,1.0,TV DINNER TRAY VINTAGE PAISLEY,Kitchen & Tableware,11.02
22068,143,143,1.0,BLACK PIRATE TREASURE CHEST,Other,4.13
23481,29,29,1.0,PEARLISED IVORY HEART SMALL ,Decor & Gifts,1.25
22297,378,378,1.0,HEART IVORY TRELLIS SMALL,Decor & Gifts,2.51
84380,688,688,1.0,SET OF 3 BUTTERFLY COOKIE CUTTERS,Kitchen & Tableware,2.51
90199C,10,10,1.0,5 STRAND GLASS NECKLACE CRYSTAL,Accessories & Jewellery,6.35
23459,19,19,1.0,DOLLY CABINET 2 DRAWERS ,Storage & Furniture,12.5
23464,8,8,1.0,VINTAGE ZINC WATERING CAN SMALL,Kitchen & Tableware,4.95
23456,36,36,1.0,MEDIUM PARLOUR PICTURE FRAME ,Home Decor & Lighting,4.15
21705,141,141,1.0,BAG 500g SWIRLY MARBLES,Bags & Carriers,3.36
23565,63,63,1.0,EGG CUP MILKMAID HELGA ,Kitchen & Tableware,1.25
21914,603,603,1.0,BLUE HARMONICA IN BOX ,Storage & Furniture,2.51
22813,218,218,1.0,PACK 3 BOXES BIRD PANNETONE ,Storage & Furniture,4.21
21116,258,258,1.0,OWL DOORSTOP,Decor & Gifts,8.47
22537,171,171,1.0,MAGIC DRAWING SLATE DINOSAUR,Fantasy & Imaginative,0.42
23603,14,14,1.0,SET 10 CARD KRAFT REINDEER 17084,Seasonal / Holiday,2.49
90129F,16,16,1.0,RED GLASS TASSLE BAG CHARM,Bags & Carriers,1.66
20669,96,96,1.0,RED HEART LUGGAGE TAG,Decor & Gifts,1.25
21867,121,121,1.0,PINK UNION JACK  LUGGAGE TAG,Stationery,2.51
22075,200,200,1.0,6 RIBBONS ELEGANT CHRISTMAS ,Seasonal / Holiday,1.65
23451,52,52,1.0,SQUARE MINI PORTRAIT FRAME,Home Decor & Lighting,1.95
22553,561,561,1.0,PLASTERS IN TIN SKULLS,Storage & Furniture,3.36
20982,256,256,1.0,12 PENCILS TALL TUBE SKULLS,Stationery,0.85
22773,191,191,1.0,GREEN DRAWER KNOB ACRYLIC EDWARDIAN,Storage & Furniture,1.25
21544,174,174,1.0,SKULLS  WATER TRANSFER TATTOOS ,Kitchen & Tableware,1.66
84992,615,615,1.0,72 SWEETHEART FAIRY CAKE CASES,Decor & Gifts,0.55
22417,520,520,1.0,PACK OF 60 SPACEBOY CAKE CASES,Kitchen & Tableware,2.13
22805,195,195,1.0,BLUE DRAWER KNOB ACRYLIC EDWARDIAN,Storage & Furniture,1.25
21126,126,126,1.0,SET OF 6 GIRLS CELEBRATION CANDLES,Home Decor & Lighting,2.51
22736,223,223,1.0,RIBBON REEL MAKING SNOWMEN ,Seasonal / Holiday,3.36
23457,31,31,1.0,LARGE PARLOUR PICTURE FRAME,Home Decor & Lighting,4.95
16237,290,290,1.0,SLEEPING CAT ERASERS,Animal & Pet,0.21
22488,415,415,1.0,NATURAL SLATE RECTANGLE CHALKBOARD,Other,3.36
22706,71,71,1.0,WRAP COWBOYS  ,Stationery,0.42
22418,318,318,1.0,10 COLOUR SPACEBOY PEN,Stationery,1.66
22219,544,544,1.0,LOVEBIRD HANGING DECORATION WHITE ,Decor & Gifts,0.85
20685,697,697,1.0,DOORMAT RED RETROSPOT,Decor & Gifts,14.43
22610,216,216,1.0,PENS ASSORTED FUNNY FACE,Stationery,1.66
22620,484,484,1.0,4 TRADITIONAL SPINNING TOPS,Retro & Vintage,1.25
21721,33,33,1.0,CANDY SHOP  STICKER SHEET,Stationery,0.85
23502,94,94,1.0,PLAYING CARDS VINTAGE DOILY ,Toys & Children,1.25
23349,337,337,1.0,ROLL WRAP VINTAGE CHRISTMAS,Seasonal / Holiday,1.25
22400,150,150,1.0,MAGNETS PACK OF 4 HOME SWEET HOME,Decor & Gifts,1.25
84884A,78,78,1.0,ANT WHITE WIRE HEART SPIRAL,Decor & Gifts,8.47
51014C,174,174,1.0,"FEATHER PEN,COAL BLACK",Stationery,0.85
22366,223,223,1.0,DOORMAT AIRMAIL ,Decor & Gifts,6.75
22402,151,151,1.0,MAGNETS PACK OF 4 VINTAGE COLLAGE,Stationery,2.51
48111,234,234,1.0,DOORMAT 3 SMILEY CATS,Decor & Gifts,14.43
23373,100,100,1.0,VINTAGE CHRISTMAS PAPER GIFT BAG,Bags & Carriers,0.82
22846,278,278,1.0,BREAD BIN DINER STYLE RED ,Bakery & Serveware,16.95
51014A,239,239,1.0,"FEATHER PEN,HOT PINK",Stationery,1.66
23353,327,327,1.0,6 GIFT TAGS VINTAGE CHRISTMAS ,Seasonal / Holiday,0.83
22313,65,65,1.0,OFFICE MUG WARMER PINK,Kitchen & Tableware,2.95
23359,79,79,1.0,SET OF 12 T-LIGHTS VINTAGE DOILEY,Home Decor & Lighting,1.95
84509B,79,79,1.0,SET OF 4 FAIRY CAKE PLACEMATS,Kitchen & Tableware,7.62
21818,163,163,1.0,GLITTER CHRISTMAS HEART ,Decor & Gifts,0.85
21668,437,437,1.0,RED STRIPE CERAMIC DRAWER KNOB,Storage & Furniture,3.36
51014L,149,149,1.0,"FEATHER PEN,LIGHT PINK",Home Decor & Lighting,0.85
23354,322,322,1.0,6 GIFT TAGS 50'S CHRISTMAS ,Seasonal / Holiday,0.83
23360,114,114,1.0,SET 8 CANDLES VINTAGE DOILY,Home Decor & Lighting,1.95
22678,167,167,1.0,FRENCH BLUE METAL DOOR SIGN 3,Decor & Gifts,1.25
79066K,146,146,1.0,RETRO MOD TRAY,Kitchen & Tableware,1.66
84913A,124,124,1.0,SOFT PINK ROSE TOWEL ,Textiles & Covers,3.36
20616,71,71,1.0,CHERRY BLOSSOM PASSPORT COVER,Textiles & Covers,4.21
22686,165,165,1.0,FRENCH BLUE METAL DOOR SIGN No,Decor & Gifts,1.25
22278,178,178,1.0,OVERNIGHT BAG VINTAGE ROSE PAISLEY,Bags & Carriers,11.02
23350,305,305,1.0,ROLL WRAP VINTAGE SPOT ,Garden & Outdoor,1.25
21670,375,375,1.0,BLUE SPOT CERAMIC DRAWER KNOB,Storage & Furniture,3.36
22212,399,399,1.0,FOUR HOOK  WHITE LOVEBIRDS,Decor & Gifts,4.21
23438,109,109,1.0, RED SPOT GIFT BAG LARGE,Bags & Carriers,1.25
46000R,38,38,1.0,POLYESTER FILLER PAD 45x30cm,Other,1.45
22953,98,98,1.0,BIRTHDAY PARTY CORDON BARRIER TAPE,Kitchen & Tableware,2.51
22592,135,135,1.0,CARDHOLDER HOLLY WREATH METAL,Decor & Gifts,3.75
22753,217,217,1.0,SMALL YELLOW BABUSHKA NOTEBOOK ,Stationery,1.66
84920,48,48,1.0,PINK FLOWER FABRIC PONY,Garden & Outdoor,7.62
22576,173,173,1.0,SWALLOW WOODEN CHRISTMAS DECORATION,Decor & Gifts,1.66
23340,151,151,1.0,VINTAGE CHRISTMAS CAKE FRILL,Kitchen & Tableware,1.65
84997A,260,260,1.0,GREEN 3 PIECE POLKADOT CUTLERY SET,Kitchen & Tableware,3.75
21864,184,184,1.0,UNION JACK FLAG PASSPORT COVER ,Textiles & Covers,4.21
23548,43,43,1.0,WRAP MAGIC FOREST ,Stationery,0.42
23545,84,84,1.0,WRAP RED DOILEY,Stationery,0.42
23546,120,120,1.0,WRAP PAISLEY PARK ,Stationery,0.42
35598B,25,25,1.0,BLACK CHRISTMAS TREE 60CM,Seasonal / Holiday,2.95
23549,52,52,1.0,WRAP BIRD GARDEN ,Garden & Outdoor,0.42
90182A,8,8,1.0,AMBER 3 BEAD DROP EARRINGS,Accessories & Jewellery,2.9
15056P,144,144,1.0,EDWARDIAN PARASOL PINK,Other,5.95
21018,6,6,1.0,BIRD BOX CHRISTMAS TREE DECORATION,Decor & Gifts,0.85
85174,157,157,1.0,S/4 CACTI CANDLES,Home Decor & Lighting,11.02
85038,142,142,1.0,6 CHOCOLATE LOVE HEART T-LIGHTS,Decor & Gifts,4.21
22025,130,130,1.0,RING OF ROSES BIRTHDAY CARD,Accessories & Jewellery,0.42
21374,46,46,1.0,MIRRORED WALL ART SKULLS,Decor & Gifts,7.62
21509,274,274,1.0,COWBOYS AND INDIANS BIRTHDAY CARD ,Stationery,0.42
22725,428,428,1.0,ALARM CLOCK BAKELIKE CHOCOLATE,Home Decor & Lighting,8.47
21781,101,101,1.0,MA CAMPAGNE CUTLERY BOX,Storage & Furniture,14.95
23547,62,62,1.0,WRAP FLOWER SHOP  ,Garden & Outdoor,0.42
23347,97,97,1.0,I LOVE LONDON BEAKER,Decor & Gifts,1.25
21351,34,34,1.0,CINAMMON & ORANGE WREATH,Other,6.75
22572,179,179,1.0,ROCKING HORSE GREEN CHRISTMAS ,Seasonal / Holiday,0.85
23346,184,184,1.0,SPACEBOY BEAKER,Other,1.25
22765,5,5,1.0,NEWSPAPER STAND,Stationery,29.79
21817,58,58,1.0,GLITTER CHRISTMAS TREE,Seasonal / Holiday,1.66
22638,52,52,1.0,SET OF 4 NAPKIN CHARMS CROWNS ,Craft & Hobby,2.55
22581,177,177,1.0,WOOD STOCKING CHRISTMAS SCANDISPOT,Garden & Outdoor,1.66
84870C,28,28,1.0,GREEN GEISHA GIRL ,Other,2.51
21813,112,112,1.0,GARLAND WITH STARS AND BELLS,Seasonal / Holiday,10.17
84870B,25,25,1.0,BLUE GEISHA GIRL ,Other,2.51
22496,79,79,1.0,SET OF 2 ROUND TINS DUTCH CHEESE,Storage & Furniture,5.91
23345,174,174,1.0, DOLLY GIRL BEAKER,Other,1.25
22641,37,37,1.0,SET OF 4 NAPKIN CHARMS INSTRUMENT,Craft & Hobby,2.55
16169E,149,149,1.0,WRAP 50'S  CHRISTMAS,Seasonal / Holiday,0.42
22640,57,57,1.0,SET OF 4 NAPKIN CHARMS 3 KEYS ,Craft & Hobby,0.79
22786,47,47,1.0,CUSHION COVER PINK UNION JACK,Textiles & Covers,16.13
23351,354,354,1.0,ROLL WRAP 50'S CHRISTMAS,Seasonal / Holiday,1.04
22597,186,186,1.0,CHRISTMAS MUSICAL ZINC HEART ,Decor & Gifts,1.66
22497,100,100,1.0,SET OF 2 TINS VINTAGE BATHROOM ,Storage & Furniture,8.47
72799E,76,76,1.0,IVORY PILLAR CANDLE SILVER FLOCK,Home Decor & Lighting,2.95
22081,138,138,1.0,RIBBON REEL FLORA + FAUNA ,Craft & Hobby,3.36
20662,20,20,1.0,FIRST CLASS HOLIDAY PURSE ,Bags & Carriers,2.95
22071,86,86,1.0,SMALL WHITE RETROSPOT MUG IN BOX ,Storage & Furniture,3.75
23327,41,41,1.0,HANGING CLEAR MINI BOTTLE,Decor & Gifts,0.63
84031B,143,143,1.0,CHARLIE LOLA BLUE HOT WATER BOTTLE ,Kitchen & Tableware,4.21
22345,71,71,1.0,PARTY PIZZA DISH BLUE POLKADOT,Other,0.21
90214H,30,30,1.0,"LETTER ""H"" BLING KEY RING",Accessories & Jewellery,0.85
72799F,30,30,1.0,IVORY PILLAR CANDLE GOLD FLOCK,Home Decor & Lighting,3.36
84031A,165,165,1.0,CHARLIE+LOLA RED HOT WATER BOTTLE ,Kitchen & Tableware,4.21
21218,394,394,1.0,RED SPOTTY BISCUIT TIN,Storage & Furniture,8.47
22299,80,80,1.0,PIG KEYRING WITH LIGHT & SOUND ,Home Decor & Lighting,2.51
22162,91,91,1.0,HEART GARLAND RUSTIC PADDED,Decor & Gifts,3.36
21262,78,78,1.0,WHITE GOOSE FEATHER CHRISTMAS TREE ,Seasonal / Holiday,7.62
90071,33,33,1.0,RUBY GLASS CLUSTER EARRINGS,Accessories & Jewellery,1.26
22134,162,162,1.0,LADLE LOVE HEART RED ,Decor & Gifts,0.85
22599,123,123,1.0,CHRISTMAS MUSICAL ZINC STAR,Seasonal / Holiday,1.63
21195,80,80,1.0,PINK  HONEYCOMB PAPER BALL ,Stationery,4.21
22356,743,743,1.0,CHARLOTTE BAG PINK POLKADOT,Bags & Carriers,1.66
21949,144,144,1.0,SET OF 6 STRAWBERRY CHOPSTICKS,Craft & Hobby,2.51
35095B,98,98,1.0,RED VICTORIAN FABRIC OVAL BOX,Storage & Furniture,0.84
21802,180,180,1.0,CHRISTMAS TREE HEART DECORATION,Decor & Gifts,0.43
22669,234,234,1.0,RED BABY BUNTING ,Storage & Furniture,5.91
21313,214,214,1.0,GLASS HEART T-LIGHT HOLDER ,Decor & Gifts,1.66
23375,103,103,1.0,50'S CHRISTMAS PAPER GIFT BAG,Bags & Carriers,1.63
22135,179,179,1.0,LADLE LOVE HEART PINK,Decor & Gifts,0.85
22190,116,116,1.0,LOCAL CAFE MUG,Kitchen & Tableware,2.51
20981,249,249,1.0,12 PENCILS TALL TUBE WOODLAND,Stationery,1.66
23358,89,89,1.0,HOT STUFF HOT WATER BOTTLE,Kitchen & Tableware,7.46
82613C,96,96,1.0,"METAL SIGN,CUPCAKE SINGLE HOOK",Decor & Gifts,2.51
23357,102,102,1.0,HOT WATER BOTTLE SEX BOMB,Kitchen & Tableware,4.95
23326,76,76,1.0,HANGING MINI COLOURED BOTTLES,Decor & Gifts,0.63
22477,127,127,1.0,WATERING CAN GARDEN MARKER,Kitchen & Tableware,2.51
22741,233,233,1.0,FUNKY DIVA PEN,Stationery,0.85
21372,33,33,1.0,MIRRORED WALL ART TABLE LAMP,Decor & Gifts,5.91
20969,305,305,1.0,RED FLORAL FELTCRAFT SHOULDER BAG,Bags & Carriers,3.75
23333,233,233,1.0,IVORY WICKER HEART MEDIUM,Decor & Gifts,1.25
16236,136,136,1.0,KITTY PENCIL ERASERS,Stationery,0.21
21231,509,509,1.0,SWEETHEART CERAMIC TRINKET BOX,Decor & Gifts,1.25
85186A,79,79,1.0,EASTER BUNNY GARLAND OF FLOWERS,Garden & Outdoor,0.85
20996,225,225,1.0,JAZZ HEARTS ADDRESS BOOK,Decor & Gifts,0.83
21249,119,119,1.0,WOODLAND  HEIGHT CHART STICKERS ,Stationery,2.95
23332,287,287,1.0,IVORY WICKER HEART LARGE,Decor & Gifts,1.65
21352,77,77,1.0,EUCALYPTUS & PINECONE  WREATH,Other,5.91
23329,233,233,1.0,DECORATIVE WICKER HEART LARGE,Decor & Gifts,1.65
21917,225,225,1.0,SET 12 KIDS  WHITE CHALK STICKS,Toys & Children,0.85
22482,53,53,1.0,BLUE TEA TOWEL CLASSIC DESIGN,Decor & Gifts,1.25
79144B,53,53,1.0,PAINTED LIGHTBULB STAR+ MOON,Home Decor & Lighting,0.83
23324,44,44,1.0,RUSTIC STRAWBERRY JAMPOT LARGE ,Garden & Outdoor,2.08
23352,212,212,1.0,ROLL WRAP 50'S RED CHRISTMAS ,Seasonal / Holiday,1.04
82613D,111,111,1.0,METAL SIGN CUPCAKE SINGLE HOOK,Decor & Gifts,2.51
20856,61,61,1.0,DENIM PATCH PURSE PINK BUTTERFLY,Bags & Carriers,1.66
90214R,25,25,1.0,"LETTER ""R"" BLING KEY RING",Accessories & Jewellery,0.85
35471D,223,223,1.0,SET OF 3 BIRD LIGHT PINK FEATHER ,Home Decor & Lighting,2.51
84598,99,99,1.0,BOYS ALPHABET IRON ON PATCHES,Other,0.43
17012D,97,97,1.0,ORIGAMI ROSE INCENSE/CANDLE SET ,Home Decor & Lighting,2.55
90129A,20,20,1.0,PINK GLASS TASSLE BAG CHARM ,Bags & Carriers,1.66
22154,162,162,1.0,ANGEL DECORATION 3 BUTTONS ,Decor & Gifts,0.42
20724,1034,1034,1.0,RED RETROSPOT CHARLOTTE BAG,Bags & Carriers,2.51
23334,130,130,1.0,IVORY WICKER HEART SMALL,Decor & Gifts,0.63
84032A,313,313,1.0,CHARLIE+LOLA PINK HOT WATER BOTTLE,Kitchen & Tableware,5.91
17012B,85,85,1.0,ORIGAMI JASMINE INCENSE/CANDLE SET,Home Decor & Lighting,2.51
85015,143,143,1.0,SET OF 12  VINTAGE POSTCARD SET,Stationery,2.51
22948,136,136,1.0,METAL DECORATION NAUGHTY CHILDREN ,Decor & Gifts,6.77
84923,98,98,1.0,PINK BUTTERFLY HANDBAG W BOBBLES,Bags & Carriers,4.21
22359,85,85,1.0,GLASS JAR KINGS CHOICE,Storage & Furniture,2.95
21407,138,138,1.0,BROWN CHECK CAT DOORSTOP ,Decor & Gifts,4.25
37448,187,187,1.0,CERAMIC CAKE DESIGN SPOTTED MUG,Decor & Gifts,1.49
23218,40,40,1.0,LAUREL STAR ANTIQUE GOLD,Seasonal / Holiday,1.25
85176,172,172,1.0,SEWING SUSAN 21 NEEDLE SET,Craft & Hobby,1.66
22124,76,76,1.0,SET OF 2 TEA TOWELS PING MICROWAVE,Kitchen & Tableware,2.51
81952V,24,24,1.0,ROUND PURPLE CLOCK WITH SUCKER,Home Decor & Lighting,0.19
22393,71,71,1.0,PAPERWEIGHT VINTAGE COLLAGE,Stationery,2.55
90036F,5,5,1.0,"FLOWER GLASS GARLD NECKL36""TURQUOIS",Garden & Outdoor,8.07
23318,376,376,1.0,BOX OF 6 MINI VINTAGE CRACKERS,Storage & Furniture,2.49
17084P,39,39,1.0,DRAGONS BLOOD INCENSE,Other,0.42
35967,67,67,1.0,FOLK ART METAL STAR T-LIGHT HOLDER,Decor & Gifts,0.38
23025,54,54,1.0,DRAWER KNOB VINTAGE GLASS BALL,Storage & Furniture,2.08
22944,111,111,1.0,CHRISTMAS METAL POSTCARD WITH BELLS,Decor & Gifts,1.25
21288,110,110,1.0,STRIPEY CHOCOLATE NESTING BOXES,Storage & Furniture,5.91
23018,21,21,1.0,LARGE APOTHECARY MEASURING JAR ,Storage & Furniture,12.5
23317,82,82,1.0,BLUE REFECTORY CLOCK ,Home Decor & Lighting,9.95
84559B,55,55,1.0,3D SHEET OF CAT STICKERS,Stationery,0.85
22446,133,133,1.0,PIN CUSHION BABUSHKA PINK,Textiles & Covers,6.77
23037,20,20,1.0,CANDLE HOLDER SILVER MADELINE,Home Decor & Lighting,1.65
22165,146,146,1.0,"DIAMANTE HEART SHAPED WALL MIRROR, ",Decor & Gifts,11.02
85170D,100,100,1.0,SET/6 PINK BIRD T-LIGHT CANDLES,Home Decor & Lighting,4.21
21899,280,280,1.0,"KEY FOB , GARAGE DESIGN",Decor & Gifts,1.66
23319,403,403,1.0,BOX OF 6 MINI 50'S CRACKERS,Storage & Furniture,2.49
90134,45,45,1.0,OLD ROSE COMBO BEAD NECKLACE,Accessories & Jewellery,2.96
84706F,10,10,1.0,RED PEONY TABLE CLOCK,Home Decor & Lighting,2.95
21281,14,14,1.0,VINTAGE KITCHEN PRINT SEAFOOD,Kitchen & Tableware,5.06
72807c,5,5,1.0,SET/3 VANILLA SCENTED CANDLE IN BOX,Home Decor & Lighting,8.29
22602,273,273,1.0,CHRISTMAS RETROSPOT HEART WOOD,Decor & Gifts,1.66
90049,3,3,1.0,IVORY GOLD METAL BAG CHARM,Decor & Gifts,9.96
22331,183,183,1.0,WOODLAND PARTY BAG + STICKER SET,Bags & Carriers,3.36
22897,211,211,1.0,OVEN MITT APPLES DESIGN,Decor & Gifts,2.98
21002,66,66,1.0,ROSE DU SUD DRAWSTRING BAG,Bags & Carriers,3.36
22409,57,57,1.0,MONEY BOX BISCUITS DESIGN,Decor & Gifts,1.25
81950B,8,8,1.0,FLOWER BLUE CLOCK WITH SUCKER,Home Decor & Lighting,0.29
21698,45,45,1.0,MOCK LOBSTER FRIDGE MAGNET,Utility & DIY,1.66
84520B,80,80,1.0,PACK 20 ENGLISH ROSE PAPER NAPKINS,Stationery,0.85
22184,35,35,1.0,CAKE STAND VICTORIAN FILIGREE LARGE,Kitchen & Tableware,8.47
21846,103,103,1.0,PINK DIAMANTE PEN IN GIFT BOX,Storage & Furniture,4.21
90054,9,9,1.0,CRACKED GLAZE EARRINGS RED,Accessories & Jewellery,2.55
21136,370,370,1.0,PAINTED METAL PEARS ASSORTED,Decor & Gifts,1.69
85053,317,317,1.0,FRENCH ENAMEL CANDLEHOLDER,Home Decor & Lighting,4.21
22977,135,135,1.0,DOLLY GIRL CHILDRENS EGG CUP,Kitchen & Tableware,1.25
35964,100,100,1.0,FOLKART CLIP ON STARS,Seasonal / Holiday,1.66
23196,299,299,1.0,RETO LEAVES MAGNETIC SHOPPING LIST,Utility & DIY,1.45
21875,148,148,1.0,KINGS CHOICE MUG,Kitchen & Tableware,1.25
22447,45,45,1.0,PIN CUSHION BABUSHKA BLUE,Textiles & Covers,2.51
23223,88,88,1.0,CHRISTMAS TREE HANGING SILVER ,Decor & Gifts,1.63
22747,227,227,1.0,POPPY'S PLAYHOUSE BATHROOM,Decor & Gifts,2.1
47567B,133,133,1.0,TEA TIME KITCHEN APRON,Kitchen & Tableware,12.72
90018B,17,17,1.0,GOLD M.O.P ORBIT DROP EARRINGS,Accessories & Jewellery,4.15
20653,33,33,1.0,CHERRY BLOSSOM LUGGAGE TAG,Stationery,0.85
22756,123,123,1.0,LARGE YELLOW BABUSHKA NOTEBOOK ,Stationery,1.25
21356,151,151,1.0,TOAST ITS - FAIRY FLOWER,Garden & Outdoor,2.51
22746,328,328,1.0,POPPY'S PLAYHOUSE LIVINGROOM ,Decor & Gifts,2.1
23222,75,75,1.0,CHRISTMAS TREE HANGING GOLD,Decor & Gifts,0.83
21220,89,89,1.0,SET/4 BADGES DOGS,Animal & Pet,2.51
84976,37,37,1.0,RECTANGULAR SHAPED MIRROR,Home Decor & Lighting,0.79
21974,360,360,1.0,SET OF 36 PAISLEY FLOWER DOILIES,Garden & Outdoor,2.98
23323,294,294,1.0,WHITE WICKER STAR ,Seasonal / Holiday,2.1
90024C,3,3,1.0,NEW BAROQUE B'FLY NECKLACE GREEN,Kitchen & Tableware,8.32
23341,121,121,1.0,PINK DINER WALL CLOCK,Decor & Gifts,8.5
17084N,101,101,1.0,FAIRY DREAMS INCENSE ,Fantasy & Imaginative,0.43
85212,79,79,1.0,MINI PAINTED GARDEN DECORATION ,Decor & Gifts,0.21
22841,214,214,1.0,ROUND CAKE TIN VINTAGE GREEN,Storage & Furniture,7.95
23315,86,86,1.0,IVORY REFECTORY CLOCK,Home Decor & Lighting,9.95
47594A,50,50,1.0,CAROUSEL DESIGN WASHBAG,Decor & Gifts,1.95
71496A,12,12,1.0,A4 WALL TIDY BLUE OFFICE,Decor & Gifts,1.49
22448,45,45,1.0,PIN CUSHION BABUSHKA RED,Textiles & Covers,3.35
23267,108,108,1.0,SET OF 4 SANTA PLACE SETTINGS,Storage & Furniture,1.25
90206C,31,31,1.0,CRYSTAL DIAMANTE STAR BROOCH,Seasonal / Holiday,5.09
37491A,4,4,1.0,YELLOW/PINK CERAMIC CANDLE HOLDER,Home Decor & Lighting,3.29
35916B,32,32,1.0,BLUE FELT HANGING HEART W FLOWER,Decor & Gifts,1.63
21015,142,142,1.0,DARK BIRD HOUSE TREE DECORATION,Decor & Gifts,1.28
21671,369,369,1.0,RED SPOT CERAMIC DRAWER KNOB,Storage & Furniture,1.25
85227,223,223,1.0,SET OF 6 3D KIT CARDS FOR KIDS,Toys & Children,1.66
90177E,9,9,1.0,DROP DIAMANTE EARRINGS GREEN,Accessories & Jewellery,2.96
90077,3,3,1.0,BLACK DIAMOND CLUSTER EARRINGS,Accessories & Jewellery,2.96
22405,70,70,1.0,MONEY BOX POCKET MONEY DESIGN,Decor & Gifts,1.25
23314,117,117,1.0,VINTAGE CHRISTMAS TABLECLOTH,Seasonal / Holiday,12.5
82616C,85,85,1.0,MIDNIGHT GLAMOUR SCARF KNITTING KIT,Storage & Furniture,2.51
37450,134,134,1.0,CERAMIC CAKE BOWL + HANGING CAKES,Decor & Gifts,2.55
23311,344,344,1.0,VINTAGE CHRISTMAS STOCKING ,Seasonal / Holiday,2.55
22091,167,167,1.0,EMPIRE TISSUE BOX,Storage & Furniture,2.51
81953P,3,3,1.0,ROUND ARTICULATED PINK CLOCK W/SUCK,Home Decor & Lighting,0.19
90214A,56,56,1.0,"LETTER ""A"" BLING KEY RING",Accessories & Jewellery,0.85
81953B,3,3,1.0,ROUND BLUE CLOCK WITH SUCKER,Home Decor & Lighting,0.19
23297,161,161,1.0,SET 40 HEART SHAPE PETIT FOUR CASES,Decor & Gifts,1.65
90173,17,17,1.0,PAIR BUTTERFLY HAIR CLIPS,Utility & DIY,3.81
84915,23,23,1.0,HAND TOWEL PINK FLOWER AND DAISY,Garden & Outdoor,5.95
22898,365,365,1.0,CHILDRENS APRON APPLES DESIGN,Decor & Gifts,4.21
22208,280,280,1.0,WOOD STAMP SET THANK YOU,Other,1.66
22458,23,23,1.0,CAST IRON HOOK GARDEN FORK,Storage & Furniture,5.06
90177C,14,14,1.0,DROP DIAMANTE EARRINGS CRYSTAL,Accessories & Jewellery,2.95
22246,90,90,1.0,MAGIC GARDEN FELT GARLAND ,Garden & Outdoor,4.21
20978,263,263,1.0,36 PENCILS TUBE SKULLS,Stationery,1.25
23550,64,64,1.0,WRAP ALPHABET POSTER  ,Stationery,0.42
90214S,41,41,1.0,"LETTER ""S"" BLING KEY RING",Accessories & Jewellery,0.85
22260,104,104,1.0,FELT EGG COSY BLUE RABBIT ,Easter & Spring,1.66
20768,55,55,1.0,GREEN FERN JOURNAL ,Books & Journals,2.46
21850,54,54,1.0,BLUE  DIAMANTE PEN IN GIFT BOX,Storage & Furniture,4.95
21398,63,63,1.0,RED POLKADOT COFFEE  MUG,Kitchen & Tableware,4.21
21789,92,92,1.0,KIDS RAIN MAC PINK,Garden & Outdoor,0.85
35916C,20,20,1.0,PINK FELT HANGING HEART W FLOWER,Decor & Gifts,1.63
20780,28,28,1.0,BLACK EAR MUFF HEADPHONES,Other,11.02
22136,84,84,1.0,LOVE HEART SOCK HANGER,Decor & Gifts,3.36
90214M,28,28,1.0,"LETTER ""M"" BLING KEY RING",Accessories & Jewellery,0.85
90214V,14,14,1.0,"LETTER ""V"" BLING KEY RING",Accessories & Jewellery,0.83
21643,60,60,1.0,ASSORTED TUTTI FRUTTI MIRROR,Home Decor & Lighting,2.51
90030A,7,7,1.0,SPOTTED WHITE NATURAL SEED NECKLACE,Accessories & Jewellery,1.0
21775,139,139,1.0,DECORATIVE FLORE BATHROOM BOTTLE,Kitchen & Tableware,2.51
22342,128,128,1.0,HOME GARLAND PAINTED ZINC ,Decor & Gifts,3.36
21684,47,47,1.0,SMALL MEDINA STAMPED METAL BOWL ,Decor & Gifts,0.85
20696,30,30,1.0,FLORAL SOFT CAR TOY,Toys & Children,7.62
21908,468,468,1.0,CHOCOLATE THIS WAY METAL SIGN,Decor & Gifts,4.21
23294,354,354,1.0,SET OF 6 SNACK LOAF BAKING CASES,Craft & Hobby,0.83
22304,61,61,1.0,COFFEE MUG BLUE PAISLEY DESIGN,Decor & Gifts,5.06
72134,11,11,1.0,COLUMBIAN  CUBE CANDLE ,Home Decor & Lighting,0.42
22668,345,345,1.0,PINK BABY BUNTING,Storage & Furniture,5.91
20846,88,88,1.0,ZINC HEART LATTICE T-LIGHT HOLDER,Decor & Gifts,2.51
22863,110,110,1.0,SOAP DISH BROCANTE,Bath & Body,2.95
22324,74,74,1.0,BLUE POLKADOT KIDS BAG,Bags & Carriers,4.21
20718,575,575,1.0,RED RETROSPOT SHOPPER BAG,Bags & Carriers,3.36
23038,8,8,1.0,T-LIGHT HOLDER SILVER SAUCER,Home Decor & Lighting,0.83
21188,50,50,1.0,3D HEARTS  HONEYCOMB PAPER GARLAND,Decor & Gifts,5.91
47590B,393,393,1.0,PINK HAPPY BIRTHDAY BUNTING,Storage & Furniture,5.45
84609,20,20,1.0,TALL ROCOCO CANDLE HOLDER,Home Decor & Lighting,16.98
21537,61,61,1.0,RED RETROSPOT PUDDING BOWL,Kitchen & Tableware,4.25
79067,38,38,1.0,CORONA MEXICAN TRAY,Kitchen & Tableware,7.62
20700,54,54,1.0,GREEN CAT FLORAL CUSHION COVER ,Textiles & Covers,10.17
21896,110,110,1.0,POTTING SHED TWINE,Storage & Furniture,4.21
23295,444,444,1.0,SET OF 12 MINI LOAF BAKING CASES,Craft & Hobby,2.46
20681,46,46,1.0,PINK POLKADOT CHILDRENS UMBRELLA,Garden & Outdoor,6.77
90214E,30,30,1.0,"LETTER ""E"" BLING KEY RING",Accessories & Jewellery,0.85
21208,84,84,1.0,PASTEL COLOUR HONEYCOMB FAN,Other,1.66
84559A,94,94,1.0,3D SHEET OF DOG STICKERS,Stationery,1.69
22788,60,60,1.0,BROCANTE COAT RACK,Organizers & Racks,20.38
46776B,88,88,1.0,WOVEN BERRIES CUSHION COVER ,Textiles & Covers,4.21
90138,7,7,1.0,WHITE/PINK MINI CRYSTALS NECKLACE,Accessories & Jewellery,5.4
84658,22,22,1.0,WHITE STITCHED CUSHION COVER,Textiles & Covers,8.29
22308,105,105,1.0,TEA COSY BLUE STRIPE,Kitchen & Tableware,5.06
22890,165,165,1.0,NOVELTY BISCUITS CAKE STAND 3 TIER,Kitchen & Tableware,9.95
21128,36,36,1.0,GOLD FISHING GNOME,Other,12.72
90181B,14,14,1.0,AMETHYST GLASS/SHELL/PEARL NECKLACE,Accessories & Jewellery,9.15
22870,39,39,1.0,NUMBER TILE COTTAGE GARDEN 2,Garden & Outdoor,1.95
22589,79,79,1.0,CARDHOLDER GINGHAM STAR,Seasonal / Holiday,2.55
85161,20,20,1.0,ACRYLIC GEOMETRIC LAMP,Home Decor & Lighting,12.46
23424,135,135,1.0,GINGHAM RECIPE BOOK BOX,Storage & Furniture,4.95
22043,64,64,1.0,CHRISTMAS CARD SCREEN PRINT ,Seasonal / Holiday,0.43
21158,170,170,1.0,MOODY GIRL DOOR HANGER ,Decor & Gifts,3.36
22792,206,206,1.0,FLUTED ANTIQUE CANDLE HOLDER,Home Decor & Lighting,1.66
84580,165,165,1.0,MOUSE TOY WITH PINK T-SHIRT,Toys & Children,3.75
20622,51,51,1.0,VIPPASSPORT COVER ,Textiles & Covers,4.21
22335,225,225,1.0,HEART DECORATION PAINTED ZINC ,Decor & Gifts,0.65
21207,132,132,1.0,SKULL AND CROSSBONES  GARLAND ,Other,3.36
22928,115,115,1.0,YELLOW GIANT GARDEN THERMOMETER,Garden & Outdoor,11.87
21884,93,93,1.0,CAKES AND BOWS GIFT  TAPE,Kitchen & Tableware,0.65
22182,122,122,1.0,CAKE STAND VICTORIAN FILIGREE SMALL,Kitchen & Tableware,4.21
21879,94,94,1.0,HEARTS GIFT TAPE,Decor & Gifts,0.19
21191,95,95,1.0,LARGE WHITE HONEYCOMB PAPER BELL  ,Stationery,4.21
72816,69,69,1.0,SET/3 CHRISTMAS DECOUPAGE CANDLES,Home Decor & Lighting,2.51
35598D,42,42,1.0,PINK/WHITE CHRISTMAS TREE 60CM,Seasonal / Holiday,2.51
22300,197,197,1.0,COFFEE MUG DOG + BALL DESIGN,Decor & Gifts,2.55
21758,32,32,1.0,VINTAGE SHELLS PRINT,Stationery,12.72
23403,134,134,1.0,LETTER HOLDER HOME SWEET HOME,Decor & Gifts,3.75
17129F,57,57,1.0,BLUE GLASS GEMS IN BAG,Bags & Carriers,1.63
47593B,245,245,1.0,SCOTTIE DOGS BABY BIB,Toys & Children,0.85
22378,293,293,1.0,WALL TIDY RETROSPOT ,Decor & Gifts,4.21
23620,7,7,1.0,SET 10 CARDS PERFECT POST 17090,Stationery,2.49
22336,79,79,1.0,DOVE DECORATION PAINTED ZINC ,Decor & Gifts,1.28
35599D,34,34,1.0,PINK AND WHITE CHRISTMAS TREE 120CM,Seasonal / Holiday,5.91
22276,85,85,1.0,WASH BAG VINTAGE ROSE PAISLEY,Bags & Carriers,2.55
22432,278,278,1.0,WATERING CAN PINK BUNNY,Kitchen & Tableware,1.95
21821,62,62,1.0,GLITTER STAR GARLAND WITH BELLS ,Seasonal / Holiday,7.62
35095A,100,100,1.0,BLUE VICTORIAN FABRIC OVAL BOX,Storage & Furniture,0.84
21641,49,49,1.0,ASSORTED TUTTI FRUTTI KEYRING BALL,Accessories & Jewellery,1.66
85064,31,31,1.0,CREAM SWEETHEART LETTER RACK,Decor & Gifts,5.45
23637,9,9,1.0,SET 10 CARDS OUT OF ORDER 17216,Stationery,2.49
22769,8,8,1.0,CHALKBOARD KITCHEN ORGANISER,Kitchen & Tableware,51.02
22375,170,170,1.0,AIRLINE BAG VINTAGE JET SET BROWN,Bags & Carriers,8.47
23614,11,11,1.0,SET 10 CARDS 12 DAYS WRAP  17058,Stationery,3.33
23426,206,206,1.0,METAL SIGN DROP YOUR PANTS,Decor & Gifts,2.89
21000,52,52,1.0,ROSE DU SUD COSMETICS BAG,Bags & Carriers,3.36
17012A,65,65,1.0,ORIGAMI VANILLA INCENSE/CANDLE SET ,Home Decor & Lighting,2.51
23634,5,5,1.0,SET 10 CARDS XMAS CHOIR 17068,Seasonal / Holiday,2.91
23379,76,76,1.0,PACK OF 12 RED APPLE TISSUES,Craft & Hobby,0.39
22515,87,87,1.0,CHILDS GARDEN SPADE PINK,Garden & Outdoor,4.21
23402,68,68,1.0,HOME SWEEET HOME 3 PEG HANGER ,Decor & Gifts,3.75
22818,244,244,1.0,CARD CHRISTMAS VILLAGE,Seasonal / Holiday,0.85
22639,148,148,1.0,SET OF 4 NAPKIN CHARMS HEARTS,Decor & Gifts,2.55
20735,113,113,1.0,BLACK MINI TAPE MEASURE ,Utility & DIY,2.51
21722,36,36,1.0,SWEET PUDDING STICKER SHEET,Stationery,0.85
23394,150,150,1.0,POSTE FRANCE CUSHION COVER,Textiles & Covers,3.75
23407,133,133,1.0,SET OF 2 TRAYS HOME SWEET HOME,Decor & Gifts,9.95
21990,366,366,1.0,MODERN FLORAL STATIONERY SET,Floral & Planters,2.95
37476,26,26,1.0,CONDIMENT TRAY 4 BOWLS AND 4 SPOONS,Kitchen & Tableware,18.29
23398,69,69,1.0,HANGING HEART BONHEUR,Decor & Gifts,0.85
90018A,37,37,1.0,SILVER M.O.P ORBIT DROP EARRINGS,Accessories & Jewellery,4.24
23411,56,56,1.0, TRELLIS COAT RACK,Organizers & Racks,4.95
23395,210,210,1.0,BELLE JARDINIERE CUSHION COVER,Storage & Furniture,3.75
85177,63,63,1.0,BASKET OF FLOWERS SEWING KIT,Storage & Furniture,0.85
84536A,341,341,1.0,ENGLISH ROSE NOTEBOOK A7 SIZE,Stationery,0.85
35961,244,244,1.0,FOLKART ZINC HEART CHRISTMAS DEC,Decor & Gifts,1.66
21216,430,430,1.0,"SET 3 RETROSPOT TEA,COFFEE,SUGAR",Kitchen & Tableware,11.02
22479,98,98,1.0,DAISY GARDEN MARKER,Garden & Outdoor,2.51
85131B,172,172,1.0,BEADED CRYSTAL HEART GREEN ON STICK,Decor & Gifts,0.85
22545,75,75,1.0,MINI JIGSAW BUNNIES,Other,0.85
23399,225,225,1.0,HOME SWEET HOME HANGING HEART,Decor & Gifts,0.85
85132A,110,110,1.0,CHARLIE + LOLA BISCUITS TINS,Storage & Furniture,8.47
23396,196,196,1.0,LA JARDIN BOTANIQUE CUSHION COVER,Storage & Furniture,3.75
21851,63,63,1.0,LILAC DIAMANTE PEN IN GIFT BOX,Storage & Furniture,4.21
21942,103,103,1.0,SKULLS DESIGN FLANNEL,Decor & Gifts,1.66
21634,28,28,1.0,ASSORTED MINI MADRAS NOTEBOOK,Stationery,2.51
23377,133,133,1.0,PACK OF 12 DOLLY GIRL TISSUES,Craft & Hobby,0.39
23414,64,64,1.0,ZINC BOX SIGN HOME,Decor & Gifts,9.95
22203,146,146,1.0,MILK PAN RED RETROSPOT,Garden & Outdoor,7.62
84536B,178,178,1.0,FAIRY CAKES NOTEBOOK A7 SIZE,Kitchen & Tableware,0.85
21369,16,16,1.0,MIRRORED WALL ART SPLODGES,Decor & Gifts,1.25
21935,530,530,1.0,SUKI  SHOULDER BAG,Bags & Carriers,4.21
21365,52,52,1.0,MIRRORED WALL ART STARS,Decor & Gifts,5.91
21408,117,117,1.0,SPOTTY PINK DUCK DOORSTOP,Decor & Gifts,8.47
23381,80,80,1.0,PACK OF 12 VINTAGE LEAF TISSUES ,Stationery,0.39
21679,138,138,1.0,SKULLS  STICKERS,Stationery,1.66
23393,229,229,1.0,HOME SWEET HOME CUSHION COVER ,Decor & Gifts,3.75
22550,220,220,1.0,HOLIDAY FUN LUDO,Seasonal / Holiday,3.75
22755,251,251,1.0,SMALL PURPLE BABUSHKA NOTEBOOK ,Stationery,1.66
85017A,8,8,1.0,ENVELOPE 50 ROMANTIC IMAGES,Other,0.85
23425,56,56,1.0,STORAGE TIN HOME SWEET HOME,Decor & Gifts,2.49
22976,143,143,1.0,CIRCUS PARADE CHILDRENS EGG CUP ,Kitchen & Tableware,2.51
22519,90,90,1.0,CHILDS GARDEN BRUSH PINK,Garden & Outdoor,4.13
21354,95,95,1.0,TOAST ITS - BEST MUM,Other,2.51
23380,121,121,1.0,PACK OF 12 VINTAGE DOILY TISSUES,Stationery,0.39
23405,70,70,1.0,HOME SWEET HOME 2 DRAWER CABINET,Decor & Gifts,4.95
21774,186,186,1.0,DECORATIVE CATS BATHROOM BOTTLE,Kitchen & Tableware,2.51
21703,294,294,1.0,BAG 125g SWIRLY MARBLES,Bags & Carriers,0.85
35818P,19,19,1.0,"ACRYLIC JEWEL ICICLE, PINK",Other,0.38
22675,164,164,1.0,FRENCH KITCHEN SIGN BLUE METAL,Decor & Gifts,2.51
23623,6,6,1.0,SET 10 CARD CHRISTMAS WELCOME 17112,Seasonal / Holiday,2.91
23445,101,101,1.0,ICE CREAM BUBBLES,Other,1.63
23415,47,47,1.0,HOME SWEET HOME HOOK,Decor & Gifts,1.65
20770,72,72,1.0,ABSTRACT CIRCLE JOURNAL ,Books & Journals,2.51
20840,74,74,1.0,FRENCH FLORAL CUSHION COVER ,Textiles & Covers,3.29
23413,58,58,1.0,VINTAGE COFFEE GRINDER BOX,Storage & Furniture,4.95
35971,88,88,1.0,ROSE FOLKART HEART DECORATIONS,Decor & Gifts,2.51
23417,27,27,1.0,BATHROOM HOOK,Storage & Furniture,3.29
22301,255,255,1.0,COFFEE MUG CAT + BIRD DESIGN,Decor & Gifts,2.55
20839,105,105,1.0,FRENCH PAISLEY CUSHION COVER ,Textiles & Covers,9.13
84581,90,90,1.0,DOG TOY WITH PINK CROCHET SKIRT,Toys & Children,3.75
47559B,287,287,1.0,TEA TIME OVEN GLOVE,Decor & Gifts,2.51
22394,23,23,1.0,PAPERWEIGHT KINGS CHOICE ,Stationery,0.85
22517,69,69,1.0,CHILDS GARDEN RAKE PINK,Garden & Outdoor,2.1
22348,358,358,1.0,TEA BAG PLATE RED RETROSPOT,Kitchen & Tableware,1.66
23432,74,74,1.0,PRETTY HANGING QUILTED HEARTS,Decor & Gifts,10.79
23408,59,59,1.0,PHOTO FRAME LINEN AND LACE SMALL,Home Decor & Lighting,2.08
84206A,3,3,1.0,3 BLACK CATS W HEARTS BLANK CARD,Decor & Gifts,0.19
90214D,32,32,1.0,"LETTER ""D"" BLING KEY RING",Accessories & Jewellery,0.85
72807B,110,110,1.0,SET/3 OCEAN SCENT CANDLE JEWEL BOX,Home Decor & Lighting,4.25
90214G,30,30,1.0,"LETTER ""G"" BLING KEY RING",Accessories & Jewellery,0.85
90176E,3,3,1.0,DIAMANTE NECKLACE GREEN,Accessories & Jewellery,7.48
21217,344,344,1.0,RED RETROSPOT ROUND CAKE TINS,Storage & Furniture,21.23
21773,163,163,1.0,DECORATIVE ROSE BATHROOM BOTTLE,Kitchen & Tableware,2.51
22478,140,140,1.0,BIRDHOUSE GARDEN MARKER ,Decor & Gifts,2.51
20658,105,105,1.0,RED RETROSPOT LUGGAGE TAG,Garden & Outdoor,2.51
22949,105,105,1.0,36 DOILIES DOLLY GIRL,Other,2.98
90116,45,45,1.0,FRUIT SALAD BAG CHARM,Bags & Carriers,2.51
82551,351,351,1.0,LAUNDRY 15C METAL SIGN,Decor & Gifts,1.45
90129B,20,20,1.0,TURQUOISE GLASS TASSLE BAG CHARM ,Bags & Carriers,1.66
23437,131,131,1.0, 50'S CHRISTMAS GIFT BAG LARGE,Bags & Carriers,1.25
23439,397,397,1.0,HAND WARMER RED LOVE HEART,Decor & Gifts,2.1
21993,425,425,1.0,FLORAL FOLK STATIONERY SET,Floral & Planters,2.95
48188,287,287,1.0,DOORMAT WELCOME PUPPIES,Decor & Gifts,14.43
23640,8,8,1.0,SET 10 CARDS SCOTTIE DOG 17211,Stationery,2.49
72586,83,83,1.0,SET OF 6 HALLOWEEN GHOST T-LIGHTS,Home Decor & Lighting,0.85
20854,41,41,1.0,BLUE PATCH PURSE PINK HEART,Decor & Gifts,1.65
23431,72,72,1.0,NATURAL HANGING QUILTED HEARTS ,Decor & Gifts,0.72
85129D,65,65,1.0,BEADED CRYSTAL HEART PINK SMALL,Decor & Gifts,2.46
23433,89,89,1.0,HANGING QUILTED PATCHWORK APPLES,Decor & Gifts,0.83
21012,199,199,1.0,ANTIQUE ALL GLASS CANDLESTICK,Home Decor & Lighting,2.51
22758,178,178,1.0,LARGE PURPLE BABUSHKA NOTEBOOK  ,Stationery,1.25
22169,372,372,1.0,FAMILY ALBUM WHITE PICTURE FRAME,Home Decor & Lighting,8.5
17012E,10,10,1.0,ORIGAMI OPIUM INCENSE/CANDLE SET ,Home Decor & Lighting,2.51
90214J,41,41,1.0,"LETTER ""J"" BLING KEY RING",Accessories & Jewellery,0.85
22419,272,272,1.0,LIPSTICK PEN RED,Stationery,0.85
22314,133,133,1.0,OFFICE MUG WARMER CHOC+BLUE,Kitchen & Tableware,5.91
22422,205,205,1.0,TOOTHPASTE TUBE PEN,Stationery,1.28
17012C,85,85,1.0,ORIGAMI LAVENDER INCENSE/CANDL SET ,Other,2.51
22155,142,142,1.0,STAR DECORATION RUSTIC,Decor & Gifts,0.42
22361,270,270,1.0,GLASS JAR DAISY FRESH COTTON WOOL,Storage & Furniture,5.91
22265,64,64,1.0,EASTER DECORATION NATURAL CHICK,Decor & Gifts,1.28
22380,286,286,1.0,TOY TIDY SPACEBOY  ,Toys & Children,4.21
90099,16,16,1.0,NECKLACE+BRACELET SET BLUE HIBISCUS,Accessories & Jewellery,2.55
23551,136,136,1.0,PACK OF 12 PAISLEY PARK TISSUES ,Craft & Hobby,0.39
22471,105,105,1.0,TV DINNER TRAY AIR HOSTESS ,Kitchen & Tableware,11.02
22161,340,340,1.0,HEART DECORATION RUSTIC HANGING ,Decor & Gifts,0.65
84913B,86,86,1.0,MINT GREEN ROSE TOWEL,Textiles & Covers,3.36
21944,100,100,1.0,KITTENS DESIGN FLANNEL,Decor & Gifts,1.66
90120C,22,22,1.0,GREEN MURANO TWIST BRACELET,Accessories & Jewellery,4.24
21238,387,387,1.0,RED RETROSPOT CUP,Kitchen & Tableware,2.51
23376,155,155,1.0,PACK OF 12 VINTAGE CHRISTMAS TISSUE,Seasonal / Holiday,0.39
22396,128,128,1.0,MAGNETS PACK OF 4 RETRO PHOTO,Home Decor & Lighting,1.25
21507,262,262,1.0,"ELEPHANT, BIRTHDAY CARD, ",Stationery,0.42
84086C,53,53,1.0,PINK/PURPLE RETRO RADIO,Retro & Vintage,4.21
20971,522,522,1.0,PINK BLUE FELT CRAFT TRINKET BOX,Storage & Furniture,2.51
84912B,160,160,1.0,GREEN ROSE WASHBAG,Bags & Carriers,3.36
23378,176,176,1.0,PACK OF 12 50'S CHRISTMAS TISSUES,Seasonal / Holiday,0.39
22757,163,163,1.0,LARGE RED BABUSHKA NOTEBOOK ,Stationery,1.25
21385,317,317,1.0,IVORY HANGING DECORATION  HEART,Decor & Gifts,0.85
20725,1565,1564,0.9993610223642172,LUNCH BAG RED RETROSPOT,Bags & Carriers,5.06
22383,1285,1284,0.9992217898832685,LUNCH BAG SUKI  DESIGN ,Decor & Gifts,1.65
22457,1249,1248,0.9991993594875901,NATURAL SLATE HEART CHALKBOARD ,Decor & Gifts,5.91
22411,1175,1174,0.9991489361702127,JUMBO SHOPPER VINTAGE RED PAISLEY,Bags & Carriers,1.95
20728,1150,1149,0.9991304347826087,LUNCH BAG CARS BLUE,Bags & Carriers,1.45
22384,1090,1089,0.9990825688073395,LUNCH BAG PINK POLKADOT,Bags & Carriers,1.65
22727,1051,1050,0.9990485252140818,ALARM CLOCK BAKELIKE RED ,Home Decor & Lighting,3.75
23206,1036,1035,0.999034749034749,LUNCH BAG APPLE DESIGN,Decor & Gifts,1.65
23199,978,977,0.9989775051124744,JUMBO BAG APPLES,Bags & Carriers,1.79
23301,913,912,0.9989047097480832,GARDENERS KNEELING PAD KEEP CALM ,Garden & Outdoor,1.65
23202,880,879,0.9988636363636364,mailout,Other,0.0
20712,863,862,0.9988412514484357,JUMBO BAG WOODLAND ANIMALS,Bags & Carriers,4.21
20719,835,834,0.9988023952095808,WOODLAND CHARLOTTE BAG,Bags & Carriers,1.66
85099F,816,815,0.9987745098039216,JUMBO BAG STRAWBERRY,Bags & Carriers,4.21
21175,809,808,0.9987639060568603,GIN + TONIC DIET METAL SIGN,Decor & Gifts,4.21
21928,806,805,0.9987593052109182,JUMBO BAG SCANDINAVIAN PAISLEY,Bags & Carriers,1.65
22090,799,798,0.9987484355444305,PAPER BUNTING RETROSPOT,Storage & Furniture,2.95
21754,777,776,0.9987129987129987,HOME BUILDING BLOCK WORD,Decor & Gifts,11.87
22111,771,770,0.9987029831387808,SCOTTIE DOG HOT WATER BOTTLE,Kitchen & Tableware,4.95
23300,758,757,0.9986807387862797,GARDENERS KNEELING PAD CUP OF TEA ,Kitchen & Tableware,1.65
22379,748,747,0.9986631016042781,RECYCLING BAG RETROSPOT ,Bags & Carriers,4.21
23207,740,739,0.9986486486486487,LUNCH BAG ALPHABET DESIGN,Decor & Gifts,1.65
84879,1455,1453,0.9986254295532646,ASSORTED COLOUR BIRD ORNAMENT,Decor & Gifts,1.69
DOT,709,708,0.998589562764457,DOTCOM POSTAGE,Stationery,254.43
22385,688,687,0.998546511627907,JUMBO BAG SPACEBOY DESIGN,Decor & Gifts,4.21
84378,685,684,0.9985401459854014,SET OF 3 HEART COOKIE CUTTERS,Decor & Gifts,2.51
82484,685,684,0.9985401459854014,WOOD BLACK BOARD ANT WHITE FINISH,Utility & DIY,13.57
22662,682,681,0.998533724340176,LUNCH BAG DOLLY GIRL DESIGN,Decor & Gifts,1.65
20727,1273,1271,0.9984289080911233,LUNCH BAG  BLACK SKULL.,Bags & Carriers,1.65
23307,629,628,0.9984101748807631,SET OF 60 PANTRY DESIGN CAKE CASES ,Decor & Gifts,0.55
23203,1232,1230,0.9983766233766234,mailout,Other,0.0
22621,609,608,0.9983579638752053,TRADITIONAL KNITTING NANCY,Storage & Furniture,1.45
22386,1218,1216,0.9983579638752053,JUMBO BAG PINK POLKADOT,Bags & Carriers,5.06
21975,601,600,0.9983361064891847,PACK OF 60 DINOSAUR CAKE CASES,Kitchen & Tableware,0.55
48187,600,599,0.9983333333333333,DOORMAT NEW ENGLAND,Decor & Gifts,14.43
48194,593,592,0.9983136593591906,DOORMAT HEARTS,Decor & Gifts,7.95
22328,581,580,0.9982788296041308,ROUND SNACK BOXES SET OF 4 FRUITS ,Storage & Furniture,6.77
21559,575,574,0.9982608695652174,STRAWBERRY LUNCH BOX WITH CUTLERY,Storage & Furniture,5.06
22960,1133,1131,0.9982347749338041,JAM MAKING SET WITH JARS,Storage & Furniture,4.25
23322,562,561,0.998220640569395,LARGE WHITE HEART OF WICKER,Decor & Gifts,2.95
22666,1117,1115,0.9982094897045658,RECIPE BOX PANTRY YELLOW DESIGN,Decor & Gifts,5.91
22867,555,554,0.9981981981981982,HAND WARMER BIRD DESIGN,Decor & Gifts,4.21
82482,1100,1098,0.9981818181818182,WOODEN PICTURE FRAME WHITE FINISH,Decor & Gifts,5.06
22144,544,543,0.9981617647058824,CHRISTMAS CRAFT LITTLE FRIENDS,Seasonal / Holiday,4.21
22993,1073,1071,0.9981360671015843,SET OF 4 PANTRY JELLY MOULDS,Craft & Hobby,1.25
22776,536,535,0.9981343283582089,SWEETHEART CAKESTAND 3 TIER,Decor & Gifts,20.38
84836,535,534,0.9981308411214953,ZINC METAL HEART DECORATION,Decor & Gifts,1.25
22578,512,511,0.998046875,WOODEN STAR CHRISTMAS SCANDINAVIAN,Decor & Gifts,1.66
21523,502,501,0.99800796812749,DOORMAT FANCY FONT HOME SWEET HOME,Decor & Gifts,14.43
21080,986,984,0.9979716024340771,SET/20 RED RETROSPOT PAPER NAPKINS ,Garden & Outdoor,0.85
22147,481,480,0.997920997920998,FELTCRAFT BUTTERFLY HEARTS,Decor & Gifts,1.45
22633,479,478,0.9979123173277662,HAND WARMER UNION JACK,Other,2.1
23356,476,475,0.9978991596638656,LOVE HOT WATER BOTTLE,Decor & Gifts,5.95
22804,474,473,0.9978902953586498,CANDLEHOLDER PINK HANGING HEART,Decor & Gifts,2.95
22568,471,470,0.9978768577494692,FELTCRAFT CUSHION OWL,Textiles & Covers,7.62
22652,467,466,0.9978586723768736,TRAVEL SEWING KIT,Craft & Hobby,1.65
22595,467,466,0.9978586723768736,CHRISTMAS GINGHAM HEART,Decor & Gifts,0.85
22617,465,464,0.9978494623655914,BAKING SET SPACEBOY DESIGN,Decor & Gifts,4.95
21790,926,924,0.9978401727861771,VINTAGE SNAP CARDS,Stationery,0.85
84029G,460,459,0.9978260869565218,KNITTED UNION FLAG HOT WATER BOTTLE,Kitchen & Tableware,8.47
84970L,457,456,0.9978118161925602,SINGLE HEART ZINC T-LIGHT HOLDER,Decor & Gifts,2.13
35970,456,455,0.9978070175438597,ZINC FOLKART SLEIGH BELLS,Other,4.21
22424,454,453,0.9977973568281938,ENAMEL BREAD BIN CREAM,Bakery & Serveware,25.49
23201,906,904,0.9977924944812362,JUMBO BAG ALPHABET,Bags & Carriers,1.95
84347,449,448,0.9977728285077951,ROTATING SILVER ANGELS T-LIGHT HLDR,Home Decor & Lighting,2.55
22692,448,447,0.9977678571428571,DOORMAT WELCOME TO OUR HOME,Decor & Gifts,16.98
21932,446,445,0.9977578475336323,SCANDINAVIAN PAISLEY PICNIC BAG,Bags & Carriers,2.95
22729,446,445,0.9977578475336323,ALARM CLOCK BAKELIKE ORANGE,Home Decor & Lighting,8.47
23170,445,444,0.9977528089887641,REGENCY TEA PLATE ROSES ,Kitchen & Tableware,1.45
22983,443,442,0.9977426636568849,CARD BILLBOARD FONT,Stationery,0.85
47591D,439,438,0.9977220956719818,PINK FAIRY CAKE CHILDRENS APRON,Kitchen & Tableware,4.21
21992,437,436,0.9977116704805492,VINTAGE PAISLEY STATIONERY SET,Stationery,2.51
22951,437,436,0.9977116704805492,60 CAKE CASES DOLLY GIRL DESIGN,Decor & Gifts,1.28
21985,427,426,0.9976580796252927,PACK OF 12 HEARTS DESIGN TISSUES ,Decor & Gifts,0.85
22844,416,415,0.9975961538461539,VINTAGE CREAM DOG FOOD CONTAINER,Storage & Furniture,8.5
23173,416,415,0.9975961538461539,REGENCY TEAPOT ROSES ,Kitchen & Tableware,9.95
21232,831,829,0.9975932611311673,STRAWBERRY CERAMIC TRINKET BOX,Storage & Furniture,1.25
23493,415,414,0.9975903614457832,VINTAGE DOILY TRAVEL SEWING KIT,Stationery,1.95
22413,412,411,0.9975728155339806,METAL SIGN TAKE IT OR LEAVE IT ,Decor & Gifts,5.91
21934,411,410,0.9975669099756691,SKULL SHOULDER BAG,Bags & Carriers,3.36
21933,410,409,0.9975609756097561,PINK VINTAGE PAISLEY PICNIC BAG,Bags & Carriers,2.95
22082,409,408,0.9975550122249389,RIBBON REEL STRIPES DESIGN ,Decor & Gifts,3.36
21672,409,408,0.9975550122249389,WHITE SPOT RED CERAMIC DRAWER KNOB,Storage & Furniture,2.51
22499,407,406,0.9975429975429976,WOODEN UNION JACK BUNTING,Decor & Gifts,5.95
21484,403,402,0.9975186104218362,CHICK GREY HOT WATER BOTTLE,Kitchen & Tableware,3.45
22632,393,392,0.9974554707379135,HAND WARMER RED POLKA DOT,Other,2.1
22558,772,770,0.9974093264248705,CLOTHES PEGS RETROSPOT PACK 24 ,Garden & Outdoor,1.49
23308,382,381,0.9973821989528796,SET OF 60 VINTAGE LEAF CAKE CASES ,Kitchen & Tableware,0.55
23171,381,380,0.9973753280839895,REGENCY TEA PLATE GREEN ,Kitchen & Tableware,1.45
22492,380,379,0.9973684210526316,MINI PAINT SET VINTAGE ,Stationery,1.66
21121,379,378,0.9973614775725593,SET/10 RED POLKADOT PARTY CANDLES,Home Decor & Lighting,1.25
22142,378,377,0.9973544973544973,CHRISTMAS CRAFT WHITE FAIRY ,Seasonal / Holiday,1.45
23296,378,377,0.9973544973544973,SET OF 6 TEA TIME BAKING CASES,Kitchen & Tableware,1.25
22989,372,371,0.9973118279569892,SET 2 PANTRY DESIGN TEA TOWELS,Decor & Gifts,2.95
21907,367,366,0.997275204359673,I'M ON HOLIDAY METAL SIGN,Decor & Gifts,2.1
48185,365,364,0.9972602739726028,DOORMAT FAIRY CAKE,Decor & Gifts,14.43
22192,365,364,0.9972602739726028,BLUE DINER WALL CLOCK,Decor & Gifts,8.5
82552,364,363,0.9972527472527473,WASHROOM METAL SIGN,Decor & Gifts,1.45
21916,359,358,0.9972144846796658,SET 12 RETRO WHITE CHALK STICKS,Retro & Vintage,0.81
21982,359,358,0.9972144846796658,PACK OF 12 SUKI TISSUES ,Craft & Hobby,0.85
21156,358,357,0.9972067039106145,RETROSPOT CHILDRENS APRON,Garden & Outdoor,4.21
22699,1066,1063,0.9971857410881801,ROSES REGENCY TEACUP AND SAUCER ,Kitchen & Tableware,2.95
20974,355,354,0.9971830985915493,12 PENCILS SMALL TUBE SKULL,Stationery,1.28
22037,354,353,0.9971751412429378,ROBOT BIRTHDAY CARD,Stationery,0.42
22851,350,349,0.9971428571428571,SET 20 NAPKINS FAIRY CAKES DESIGN ,Decor & Gifts,0.85
85014B,350,349,0.9971428571428571,RED RETROSPOT UMBRELLA,Garden & Outdoor,12.72
21877,349,348,0.997134670487106,HOME SWEET HOME MUG,Decor & Gifts,1.25
23077,344,343,0.997093023255814,DOUGHNUT LIP GLOSS ,Other,1.25
22467,682,680,0.9970674486803519,GUMBALL COAT RACK,Organizers & Racks,5.06
20726,1018,1015,0.9970530451866405,LUNCH BAG WOODLAND,Bags & Carriers,4.21
21498,336,335,0.9970238095238095,RED RETROSPOT WRAP ,Garden & Outdoor,0.42
22966,670,668,0.9970149253731343,GINGERBREAD MAN COOKIE CUTTER,Kitchen & Tableware,2.51
23208,668,666,0.9970059880239521,LUNCH BAG VINTAGE LEAF DESIGN,Decor & Gifts,1.65
84987,334,333,0.9970059880239521,SET OF 36 TEATIME PAPER DOILIES,Kitchen & Tableware,1.45
21876,333,332,0.996996996996997,POTTERING MUG,Kitchen & Tableware,3.36
21213,663,661,0.9969834087481146,PACK OF 72 SKULL CAKE CASES,Kitchen & Tableware,2.13
23175,330,329,0.996969696969697,REGENCY MILK JUG PINK ,Other,3.25
22654,328,327,0.9969512195121951,DELUXE SEWING KIT ,Craft & Hobby,11.87
22865,655,653,0.9969465648854962,HAND WARMER OWL DESIGN,Decor & Gifts,2.1
23583,325,324,0.9969230769230769,LUNCH BAG PAISLEY PARK  ,Bags & Carriers,1.65
20979,325,324,0.9969230769230769,36 PENCILS TUBE RED RETROSPOT,Garden & Outdoor,1.25
23275,325,324,0.9969230769230769,SET OF 3 HANGING OWLS OLLIE BEAK,Decor & Gifts,2.46
85049A,323,322,0.9969040247678018,TRADITIONAL CHRISTMAS RIBBONS,Seasonal / Holiday,1.25
22333,317,316,0.9968454258675079,RETROSPOT PARTY BAG + STICKER SET,Bags & Carriers,1.65
22845,316,315,0.9968354430379747,VINTAGE CREAM CAT FOOD CONTAINER,Storage & Furniture,6.35
23169,315,314,0.9968253968253968,CLASSIC GLASS SWEET JAR,Storage & Furniture,4.15
22899,314,313,0.9968152866242038,CHILDREN'S APRON DOLLY GIRL ,Toys & Children,4.21
21078,313,312,0.9968051118210862,SET/20 STRAWBERRY PAPER NAPKINS ,Stationery,0.85
21901,309,308,0.9967637540453075,"KEY FOB , BACK DOOR ",Decor & Gifts,1.66
22470,927,924,0.9967637540453075,HEART OF WICKER LARGE,Decor & Gifts,5.91
22963,307,306,0.996742671009772,JAM JAR WITH GREEN LID,Storage & Furniture,1.66
82578,305,304,0.9967213114754099,KITCHEN METAL SIGN,Decor & Gifts,0.55
82494L,911,908,0.9967069154774972,WOODEN FRAME ANTIQUE WHITE ,Decor & Gifts,2.95
22158,303,302,0.9966996699669967,3 HEARTS HANGING DECORATION RUSTIC,Decor & Gifts,2.95
22294,299,298,0.9966555183946488,HEART FILIGREE DOVE  SMALL,Decor & Gifts,2.51
23200,596,594,0.9966442953020134,mailout ,Other,0.0
22508,296,295,0.9966216216216216,DOORSTOP RETROSPOT HEART,Decor & Gifts,3.75
21874,295,294,0.9966101694915255,GIN AND TONIC MUG,Kitchen & Tableware,3.36
20914,880,877,0.9965909090909091,SET/5 RED RETROSPOT LID GLASS BOWLS,Kitchen & Tableware,5.91
72741,292,291,0.9965753424657534,GRAND CHOCOLATECANDLE,Home Decor & Lighting,2.82
23245,873,870,0.9965635738831615,SET OF 3 REGENCY CAKE TINS,Storage & Furniture,4.95
22716,288,287,0.9965277777777778,CARD CIRCUS PARADE,Stationery,0.42
23298,1147,1143,0.9965126416739319,SPOTTY BUNTING,Storage & Furniture,4.15
22730,570,568,0.9964912280701754,ALARM CLOCK BAKELIKE IVORY,Home Decor & Lighting,3.75
22895,284,283,0.9964788732394366,SET OF 2 TEA TOWELS APPLE AND PEARS,Kitchen & Tableware,2.95
84406B,284,283,0.9964788732394366,CREAM CUPID HEARTS COAT HANGER,Decor & Gifts,6.77
23191,281,280,0.99644128113879,BUNDLE OF 3 RETRO NOTE BOOKS,Retro & Vintage,1.65
22113,561,559,0.9964349376114082,GREY HEART HOT WATER BOTTLE,Decor & Gifts,3.75
22110,279,278,0.996415770609319,BIRD HOUSE HOT WATER BOTTLE,Decor & Gifts,7.62
23076,277,276,0.9963898916967509,ICE CREAM SUNDAE LIP GLOSS,Other,1.25
23293,552,550,0.9963768115942029,SET OF 12 FAIRY CAKE BAKING CASES,Kitchen & Tableware,2.46
23209,1099,1095,0.9963603275705186,mailout,Other,0.0
23238,274,273,0.9963503649635036,SET OF 4 KNICK KNACK TINS LONDON ,Storage & Furniture,4.15
82600,546,544,0.9963369963369964,NO SINGING METAL SIGN,Decor & Gifts,4.21
22971,272,271,0.9963235294117647,QUEENS GUARD COFFEE MUG,Kitchen & Tableware,5.06
21981,271,270,0.996309963099631,PACK OF 12 WOODLAND TISSUES ,Craft & Hobby,0.81
21174,540,538,0.9962962962962963,POTTERING IN THE SHED METAL SIGN,Decor & Gifts,4.21
21843,539,537,0.9962894248608535,RED RETROSPOT CAKE STAND,Kitchen & Tableware,10.95
23240,536,534,0.996268656716418,SET OF 4 KNICK KNACK TINS DOILEY ,Storage & Furniture,4.15
22622,267,266,0.9962546816479401,BOX OF VINTAGE ALPHABET BLOCKS,Storage & Furniture,9.95
22435,266,265,0.9962406015037594,SET OF 9 HEART SHAPED BALLOONS,Decor & Gifts,1.25
21936,531,529,0.9962335216572504,RED RETROSPOT PICNIC BAG,Bags & Carriers,5.91
21108,262,261,0.9961832061068703,FAIRY CAKE FLANNEL ASSORTED COLOUR,Kitchen & Tableware,5.06
20970,262,261,0.9961832061068703,PINK FLORAL FELTCRAFT SHOULDER BAG,Bags & Carriers,7.62
23534,260,259,0.9961538461538462,WALL ART STOP FOR TEA ,Decor & Gifts,5.95
84375,518,516,0.9961389961389961,SET OF 20 KIDS COOKIE CUTTERS,Kitchen & Tableware,4.21
23571,257,256,0.9961089494163424,TRADITIONAL NAUGHTS & CROSSES,Retro & Vintage,1.65
22156,256,255,0.99609375,HEART DECORATION WITH PEARLS ,Decor & Gifts,1.66
23110,255,254,0.996078431372549,PARISIENNE KEY CABINET ,Storage & Furniture,5.75
84032B,255,254,0.996078431372549,CHARLIE + LOLA RED HOT WATER BOTTLE,Kitchen & Tableware,3.36
22358,255,254,0.996078431372549,KINGS CHOICE TEA CADDY ,Kitchen & Tableware,5.91
21810,252,251,0.996031746031746,CHRISTMAS HANGING STAR WITH BELL,Decor & Gifts,2.51
22906,251,250,0.9960159362549801,12 MESSAGE CARDS WITH ENVELOPES,Stationery,3.36
21479,500,498,0.996,WHITE SKULL HOT WATER BOTTLE ,Kitchen & Tableware,8.47
23197,249,248,0.9959839357429718,VEGETABLE MAGNETIC  SHOPPING LIST,Utility & DIY,1.45
21704,248,247,0.9959677419354839,BAG 250g SWIRLY MARBLES,Bags & Carriers,1.66
22173,494,492,0.9959514170040485,METAL 4 HOOK HANGER FRENCH CHATEAU,Decor & Gifts,5.91
23166,247,246,0.9959514170040485,MEDIUM CERAMIC TOP STORAGE JAR,Storage & Furniture,1.04
21733,741,738,0.9959514170040485,RED HANGING HEART T-LIGHT HOLDER,Decor & Gifts,2.95
84596G,246,245,0.9959349593495935,SMALL CHOCOLATES PINK BOWL,Kitchen & Tableware,1.06
23310,245,244,0.9959183673469387,BUBBLEGUM RING ASSORTED,Accessories & Jewellery,0.42
21716,244,243,0.9959016393442623,BOYS VINTAGE TIN SEASIDE BUCKET,Storage & Furniture,5.06
21155,485,483,0.9958762886597938,RED RETROSPOT PEG BAG,Bags & Carriers,4.21
22920,242,241,0.9958677685950413,HERB MARKER BASIL,Other,1.66
22065,242,241,0.9958677685950413,CHRISTMAS PUDDING TRINKET POT ,Garden & Outdoor,1.45
21166,723,720,0.995850622406639,COOK WITH WINE METAL SIGN ,Decor & Gifts,4.21
22469,1202,1197,0.9958402662229617,HEART OF WICKER SMALL,Decor & Gifts,4.21
21124,240,239,0.9958333333333333,SET/10 BLUE POLKADOT PARTY CANDLES,Home Decor & Lighting,1.06
21539,240,239,0.9958333333333333,RED RETROSPOT BUTTER DISH,Garden & Outdoor,4.95
20682,240,239,0.9958333333333333,RED RETROSPOT CHILDRENS UMBRELLA,Garden & Outdoor,3.25
85150,479,477,0.9958246346555324,LADIES & GENTLEMEN METAL SIGN,Decor & Gifts,5.06
23344,716,713,0.9958100558659218,JUMBO BAG 50'S CHRISTMAS ,Bags & Carriers,4.13
22624,715,712,0.9958041958041958,IVORY KITCHEN SCALES,Kitchen & Tableware,16.98
22855,237,236,0.9957805907172996,FINE WICKER HEART ,Decor & Gifts,2.51
22916,237,236,0.9957805907172996,HERB MARKER THYME,Other,1.66
23389,237,236,0.9957805907172996,SPACEBOY MINI BACKPACK,Other,4.15
22965,236,235,0.9957627118644068,3 TRADITIONAL COOKIE CUTTERS  SET,Kitchen & Tableware,2.1
21930,705,702,0.9957446808510638,JUMBO STORAGE BAG SKULLS,Storage & Furniture,1.65
23230,235,234,0.9957446808510638,WRAP ALPHABET DESIGN,Decor & Gifts,0.42
22138,934,930,0.9957173447537473,BAKING SET 9 PIECE RETROSPOT ,Garden & Outdoor,4.95
23368,232,231,0.9956896551724138,SET 12 COLOUR PENCILS DOLLY GIRL ,Stationery,0.65
22667,464,462,0.9956896551724138,RECIPE BOX RETROSPOT ,Storage & Furniture,2.95
23167,231,230,0.9956709956709957,SMALL CERAMIC TOP STORAGE JAR ,Storage & Furniture,0.69
21718,229,228,0.9956331877729258,RED METAL BEACH SPADE ,Decor & Gifts,2.51
20961,228,227,0.9956140350877193,STRAWBERRY BATH SPONGE ,Textiles & Covers,1.25
21210,453,451,0.9955849889624724,SET OF 72 RETROSPOT PAPER  DOILIES,Garden & Outdoor,1.45
22374,226,225,0.995575221238938,AIRLINE BAG VINTAGE JET SET RED,Bags & Carriers,8.47
22076,225,224,0.9955555555555555,6 RIBBONS EMPIRE  ,Craft & Hobby,1.65
22714,225,224,0.9955555555555555,CARD BIRTHDAY COWBOY,Stationery,0.85
23089,225,224,0.9955555555555555,GLASS BON BON JAR,Storage & Furniture,1.65
22619,447,445,0.9955257270693513,SET OF 6 SOLDIER SKITTLES,Craft & Hobby,7.62
23286,222,221,0.9954954954954955,BLUE VINTAGE SPOT BEAKER,Garden & Outdoor,0.85
21623,221,220,0.995475113122172,VINTAGE UNION JACK MEMOBOARD,Stationery,9.95
22355,883,879,0.9954699886749717,CHARLOTTE BAG SUKI DESIGN,Decor & Gifts,2.51
22771,441,439,0.9954648526077098,CLEAR DRAWER KNOB ACRYLIC EDWARDIAN,Storage & Furniture,1.25
22491,219,218,0.9954337899543378,PACK OF 12 COLOURED PENCILS,Stationery,1.66
22672,219,218,0.9954337899543378,FRENCH BATHROOM SIGN BLUE METAL,Decor & Gifts,1.65
21499,217,216,0.9953917050691244,BLUE POLKADOT WRAP,Stationery,0.42
22360,217,216,0.9953917050691244,GLASS JAR ENGLISH CONFECTIONERY,Storage & Furniture,5.91
23397,217,216,0.9953917050691244,FOOT STOOL HOME SWEET HOME ,Decor & Gifts,9.95
23330,216,215,0.9953703703703703,DECORATIVE WICKER HEART MEDIUM,Decor & Gifts,1.25
23535,215,214,0.9953488372093023,WALL ART BICYCLE SAFETY,Decor & Gifts,5.95
23480,215,214,0.9953488372093023,MINI LIGHTS WOODLAND MUSHROOMS,Home Decor & Lighting,3.75
22114,644,641,0.9953416149068323,HOT WATER BOTTLE TEA AND SYMPATHY,Kitchen & Tableware,8.47
22957,214,213,0.9953271028037384,SET 3 PAPER VINTAGE CHICK PAPER EGG,Stationery,2.55
21086,428,426,0.9953271028037384,SET/6 RED SPOTTY PAPER CUPS,Kitchen & Tableware,0.65
21658,213,212,0.9953051643192489,GLASS  BEURRE DISH,Mirrors & Frames,8.47
22421,213,212,0.9953051643192489,LIPSTICK PEN FUSCHIA,Stationery,0.85
22759,424,422,0.9952830188679245,SET OF 3 NOTEBOOKS IN PARCEL,Stationery,1.65
22460,211,210,0.995260663507109,EMBOSSED GLASS TEALIGHT HOLDER,Home Decor & Lighting,2.51
21991,211,210,0.995260663507109,BOHEMIAN COLLAGE STATIONERY SET,Other,2.51
85132C,211,210,0.995260663507109,CHARLIE AND LOLA FIGURES TINS,Storage & Furniture,8.47
23091,210,209,0.9952380952380953,ZINC HERB GARDEN CONTAINER,Storage & Furniture,6.25
23215,210,209,0.9952380952380953,JINGLE BELL HEART ANTIQUE SILVER,Decor & Gifts,4.13
22548,210,209,0.9952380952380953,HEADS AND TAILS SPORTING FUN,Storage & Furniture,2.51
23163,209,208,0.9952153110047847,REGENCY SUGAR TONGS,Other,2.49
22207,208,207,0.9951923076923077,FRYING PAN UNION FLAG,Souvenirs & Travel,8.47
22485,208,207,0.9951923076923077,SET OF 2 WOODEN MARKET CRATES,Decor & Gifts,12.75
48184,411,409,0.9951338199513382,DOORMAT ENGLISH ROSE ,Decor & Gifts,6.75
23494,205,204,0.9951219512195122,VINTAGE DOILY DELUXE SEWING KIT ,Stationery,5.95
20733,205,204,0.9951219512195122,GOLD MINI TAPE MEASURE ,Utility & DIY,0.85
23050,205,204,0.9951219512195122,RECYCLED ACAPULCO MAT GREEN,Textiles & Covers,8.25
22910,820,816,0.9951219512195122,PAPER CHAIN KIT VINTAGE CHRISTMAS,Seasonal / Holiday,2.55
22626,203,202,0.9950738916256158,BLACK KITCHEN SCALES,Kitchen & Tableware,8.5
22649,203,202,0.9950738916256158,STRAWBERRY FAIRY CAKE TEAPOT,Kitchen & Tableware,11.02
82486,605,602,0.9950413223140496,WOOD S/3 CABINET ANT WHITE FINISH,Storage & Furniture,7.95
22839,201,200,0.9950248756218906,3 TIER CAKE TIN GREEN AND CREAM,Storage & Furniture,29.79
23313,401,399,0.9950124688279302,VINTAGE CHRISTMAS BUNTING,Storage & Furniture,4.95
21700,199,198,0.9949748743718593,BIG DOUGHNUT FRIDGE MAGNETS,Utility & DIY,8.47
21803,199,198,0.9949748743718593,CHRISTMAS TREE STAR DECORATION,Decor & Gifts,0.85
22430,199,198,0.9949748743718593,ENAMEL WATERING CAN CREAM,Kitchen & Tableware,10.17
21068,198,197,0.9949494949494949,VINTAGE BILLBOARD LOVE/HATE MUG,Decor & Gifts,2.51
21244,197,196,0.9949238578680203,BLUE POLKADOT PLATE ,Kitchen & Tableware,1.69
23355,782,778,0.9948849104859335,HOT WATER BOTTLE KEEP CALM,Kitchen & Tableware,4.15
22807,195,194,0.9948717948717949,SET OF 6 T-LIGHTS TOADSTOOLS,Home Decor & Lighting,5.91
47590A,390,388,0.9948717948717949,BLUE HAPPY BIRTHDAY BUNTING,Storage & Furniture,5.45
23127,194,193,0.9948453608247423,DOLLCRAFT GIRL NICOLE,Craft & Hobby,4.95
22187,192,191,0.9947916666666666,GREEN CHRISTMAS TREE CARD HOLDER,Seasonal / Holiday,8.47
20749,383,381,0.9947780678851175,ASSORTED COLOUR MINI CASES,Other,7.95
21888,381,379,0.994750656167979,BINGO SET,Other,7.62
22628,190,189,0.9947368421052631,PICNIC BOXES SET OF 3 RETROSPOT ,Storage & Furniture,10.17
22930,189,188,0.9947089947089947,BAKING MOULD HEART MILK CHOCOLATE,Decor & Gifts,2.55
22938,186,185,0.9946236559139785,CUPCAKE LACE PAPER SET 6,Kitchen & Tableware,1.95
21918,370,368,0.9945945945945946,SET 12 KIDS COLOUR  CHALK STICKS,Toys & Children,0.85
22357,184,183,0.9945652173913043,KINGS CHOICE BISCUIT TIN,Storage & Furniture,8.47
22795,368,366,0.9945652173913043,SWEETHEART RECIPE BOOK STAND,Decor & Gifts,13.57
22915,184,183,0.9945652173913043,ASSORTED BOTTLE TOP  MAGNETS ,Kitchen & Tableware,5.06
37446,183,182,0.994535519125683,MINI CAKE STAND WITH HANGING CAKES,Decor & Gifts,3.36
47566B,366,364,0.994535519125683,TEA TIME PARTY BUNTING,Storage & Furniture,8.47
21673,366,364,0.994535519125683,WHITE SPOT BLUE CERAMIC DRAWER KNOB,Storage & Furniture,3.36
22149,549,546,0.994535519125683,FELTCRAFT 6 FLOWER FRIENDS,Garden & Outdoor,2.1
22627,364,362,0.9945054945054945,MINT KITCHEN SCALES,Kitchen & Tableware,8.5
84828,182,181,0.9945054945054945,JUNGLE POPSICLES ICE LOLLY HOLDERS,Utility & DIY,2.51
22794,182,181,0.9945054945054945,SWEETHEART WIRE MAGAZINE RACK,Decor & Gifts,7.95
22041,361,359,0.9944598337950139,"RECORD FRAME 7"" SINGLE SIZE ",Home Decor & Lighting,5.06
20973,357,355,0.9943977591036415,12 PENCIL SMALL TUBE WOODLAND,Stationery,1.28
21871,357,355,0.9943977591036415,SAVE THE PLANET MUG,Kitchen & Tableware,3.36
21071,178,177,0.9943820224719101,VINTAGE BILLBOARD DRINK ME MUG,Kitchen & Tableware,2.51
21829,178,177,0.9943820224719101,DINOSAUR KEYRINGS ASSORTED,Accessories & Jewellery,0.43
22900,533,530,0.9943714821763602, SET 2 TEA TOWELS I LOVE LONDON ,Decor & Gifts,2.95
23237,177,176,0.9943502824858758,SET OF 4 KNICK KNACK TINS LEAVES ,Storage & Furniture,4.15
21135,177,176,0.9943502824858758,VICTORIAN  METAL POSTCARD SPRING,Decor & Gifts,1.69
10135,175,174,0.9942857142857143,COLOURING PENCILS BROWN TUBE,Accessories & Jewellery,2.51
22704,174,173,0.9942528735632183,WRAP RED APPLES ,Stationery,0.42
84945,347,345,0.9942363112391931,MULTI COLOUR SILVER T-LIGHT HOLDER,Home Decor & Lighting,0.85
85066,519,516,0.9942196531791907,CREAM SWEETHEART MINI CHEST,Decor & Gifts,25.49
84596L,172,171,0.9941860465116279,BISCUITS SMALL BOWL LIGHT BLUE,Home Decor & Lighting,1.25
22098,172,171,0.9941860465116279,BOUDOIR SQUARE TISSUE BOX,Storage & Furniture,2.46
21535,343,341,0.9941690962099126,RED RETROSPOT SMALL MILK JUG,Garden & Outdoor,2.1
22962,342,340,0.9941520467836257,JAM JAR WITH PINK LID,Storage & Furniture,1.66
84988,511,508,0.9941291585127201,SET OF 72 PINK HEART PAPER DOILIES,Decor & Gifts,1.45
22651,170,169,0.9941176470588236,GENTLEMAN SHIRT REPAIR KIT ,Craft & Hobby,1.66
22579,340,338,0.9941176470588236,WOODEN TREE CHRISTMAS SCANDINAVIAN,Decor & Gifts,1.66
21731,849,844,0.9941107184923439,RED TOADSTOOL LED NIGHT LIGHT,Home Decor & Lighting,1.65
23581,338,336,0.9940828402366864,JUMBO BAG PAISLEY PARK,Bags & Carriers,1.79
21833,168,167,0.9940476190476191,CAMOUFLAGE LED TORCH,Souvenirs & Travel,3.36
23503,335,333,0.9940298507462687,PLAYING CARDS KEEP CALM & CARRY ON,Toys & Children,1.25
22425,167,166,0.9940119760479041,ENAMEL COLANDER CREAM,Other,10.17
21620,166,165,0.9939759036144579,SET OF 4 ROSE BOTANICAL CANDLES,Home Decor & Lighting,7.62
22086,1160,1153,0.9939655172413793,PAPER CHAIN KIT 50'S CHRISTMAS ,Seasonal / Holiday,2.95
21915,662,658,0.9939577039274925,RED  HARMONICA IN BOX ,Storage & Furniture,2.51
23157,165,164,0.9939393939393939,SET OF 6 NATIVITY MAGNETS ,Utility & DIY,4.13
22990,164,163,0.9939024390243902,COTTON APRON PANTRY DESIGN,Decor & Gifts,4.95
22224,164,163,0.9939024390243902,WHITE LOVEBIRD LANTERN,Decor & Gifts,5.91
22726,981,975,0.9938837920489296,ALARM CLOCK BAKELIKE GREEN,Home Decor & Lighting,7.62
22436,163,162,0.9938650306748467,12 COLOURED PARTY BALLOONS,Other,0.65
23342,163,162,0.9938650306748467,MINT DINER WALL CLOCK,Decor & Gifts,8.5
85039A,162,161,0.9938271604938271,SET/4 RED MINI ROSE CANDLE IN BOWL,Home Decor & Lighting,1.66
21115,162,161,0.9938271604938271,ROSE CARAVAN DOORSTOP,Decor & Gifts,6.75
22185,162,161,0.9938271604938271,SLATE TILE NATURAL HANGING,Decor & Gifts,3.36
21162,162,161,0.9938271604938271,TOXIC AREA  DOOR HANGER ,Decor & Gifts,3.36
22664,162,161,0.9938271604938271,TOY TIDY DOLLY GIRL DESIGN,Decor & Gifts,4.21
22969,646,642,0.9938080495356038,HOMEMADE JAM SCENTED CANDLES,Decor & Gifts,1.45
22586,161,160,0.9937888198757764,FELTCRAFT HAIRBAND PINK AND BLUE,Craft & Hobby,0.85
22139,966,960,0.9937888198757764,amazon,Other,0.0
22854,161,160,0.9937888198757764,CREAM SWEETHEART EGG HOLDER,Decor & Gifts,11.02
15056BL,321,319,0.9937694704049844,EDWARDIAN PARASOL BLACK,Other,5.95
23211,160,159,0.99375,RED ROCKING HORSE HAND PAINTED,Other,1.04
21563,159,158,0.9937106918238994,RED HEART SHAPE LOVE BUCKET ,Decor & Gifts,5.91
85017B,159,158,0.9937106918238994,ENVELOPE 50 BLOSSOM IMAGES,Other,0.85
22970,317,315,0.9936908517350158,LONDON BUS COFFEE MUG,Kitchen & Tableware,5.06
20665,157,156,0.9936305732484076,RED RETROSPOT PURSE ,Bags & Carriers,2.95
23102,157,156,0.9936305732484076,SILVER HEARTS TABLE DECORATION,Decor & Gifts,0.83
84535B,156,155,0.9935897435897436,FAIRY CAKES NOTEBOOK A6 SIZE,Kitchen & Tableware,1.49
22941,311,309,0.9935691318327974,CHRISTMAS LIGHTS 10 REINDEER,Home Decor & Lighting,8.5
85099C,933,927,0.9935691318327974,JUMBO  BAG BAROQUE BLACK WHITE,Kitchen & Tableware,1.95
23133,155,154,0.9935483870967742,LARGE IVORY HEART WALL ORGANISER,Decor & Gifts,8.25
22283,155,154,0.9935483870967742,6 EGG HOUSE PAINTED WOOD,Decor & Gifts,16.13
21983,155,154,0.9935483870967742,PACK OF 12 BLUE PAISLEY TISSUES ,Craft & Hobby,0.29
23247,309,307,0.9935275080906149,BISCUIT TIN 50'S CHRISTMAS,Storage & Furniture,2.89
22698,766,761,0.9934725848563969,PINK REGENCY TEACUP AND SAUCER,Kitchen & Tableware,2.95
23541,153,152,0.9934640522875817,WALL ART CLASSIC PUDDINGS ,Decor & Gifts,8.25
72351A,153,152,0.9934640522875817,SET/6 TURQUOISE BUTTERFLY T-LIGHTS,Home Decor & Lighting,4.21
20754,305,303,0.9934426229508196,RETROSPOT RED WASHING UP GLOVES,Decor & Gifts,2.1
23370,151,150,0.9933774834437086,SET 36 COLOURING PENCILS DOILY,Accessories & Jewellery,2.46
23119,151,150,0.9933774834437086,PACK OF 6 LARGE FRUIT STRAWS ,Craft & Hobby,0.62
84946,905,899,0.9933701657458563,ANTIQUE SILVER TEA GLASS ETCHED,Kitchen & Tableware,2.51
22605,299,297,0.9933110367892977,WOODEN CROQUET GARDEN SET,Decor & Gifts,25.49
85099B,2092,2078,0.9933078393881453,JUMBO BAG RED RETROSPOT,Bags & Carriers,4.21
22927,149,148,0.9932885906040269,GREEN GIANT GARDEN THERMOMETER,Garden & Outdoor,11.87
22779,149,148,0.9932885906040269,WOODEN OWLS LIGHT GARLAND ,Decor & Gifts,4.25
22178,1037,1030,0.9932497589199615,VICTORIAN GLASS HANGING T-LIGHT,Decor & Gifts,2.51
21447,148,147,0.9932432432432432,12 IVORY ROSE PEG PLACE SETTINGS,Storage & Furniture,1.25
23096,146,145,0.9931506849315068,PETIT TRAY CHIC,Kitchen & Tableware,1.65
82582,437,434,0.9931350114416476,AREA PATROLLED METAL SIGN,Decor & Gifts,4.21
84978,728,723,0.9931318681318682,HANGING HEART JAR T-LIGHT HOLDER,Decor & Gifts,2.51
84949,290,288,0.993103448275862,SILVER HANGING T-LIGHT HOLDER,Decor & Gifts,3.36
21527,145,144,0.993103448275862,RED RETROSPOT TRADITIONAL TEAPOT ,Kitchen & Tableware,7.95
85175,144,143,0.9930555555555556,CACTI T-LIGHT CANDLES,Home Decor & Lighting,0.42
22487,429,426,0.993006993006993,WHITE WOOD GARDEN PLANT LADDER,Garden & Outdoor,8.5
22690,286,284,0.993006993006993,DOORMAT HOME SWEET HOME BLUE ,Decor & Gifts,14.43
22112,858,852,0.993006993006993,CHOCOLATE HOT WATER BOTTLE,Kitchen & Tableware,11.02
82599,142,141,0.9929577464788732,FANNY'S REST STOPMETAL SIGN,Decor & Gifts,4.21
22659,707,702,0.9929278642149929,LUNCH BOX I LOVE LONDON,Decor & Gifts,2.51
85178,140,139,0.9928571428571429,VICTORIAN SEWING KIT,Craft & Hobby,1.25
23306,279,277,0.992831541218638,SET OF 36 DOILIES PANTRY DESIGN,Decor & Gifts,1.45
23052,278,276,0.9928057553956835,RECYCLED ACAPULCO MAT TURQUOISE,Textiles & Covers,8.25
22322,139,138,0.9928057553956835,BIRD DECORATION GREEN POLKADOT,Decor & Gifts,1.66
15034,138,137,0.9927536231884058,PAPER POCKET TRAVELING FAN ,Stationery,0.14
22789,138,137,0.9927536231884058,T-LIGHT HOLDER SWEETHEART HANGING,Decor & Gifts,4.21
22967,138,137,0.9927536231884058,SET 3 SONG BIRD PAPER EGGS ASSORTED,Stationery,2.55
23144,274,272,0.9927007299270073,ZINC T-LIGHT HOLDER STARS SMALL,Home Decor & Lighting,0.83
22030,274,272,0.9927007299270073,SWALLOWS GREETING CARD,Decor & Gifts,0.42
82483,544,540,0.9926470588235294,WOOD 2 DRAWER CABINET WHITE FINISH,Storage & Furniture,5.95
22523,136,135,0.9926470588235294,CHILDS GARDEN FORK PINK,Kitchen & Tableware,0.85
85152,678,673,0.9926253687315634,HAND OVER THE CHOCOLATE   SIGN ,Decor & Gifts,4.21
22840,271,269,0.992619926199262,ROUND CAKE TIN VINTAGE RED,Storage & Furniture,16.13
23155,135,134,0.9925925925925926,KNICKERBOCKERGLORY MAGNET ASSORTED ,Utility & DIY,0.83
22066,135,134,0.9925925925925926,LOVE HEART TRINKET POT,Decor & Gifts,1.45
23328,405,402,0.9925925925925926,SET 6 SCHOOL MILK BOTTLES IN CRATE,Kitchen & Tableware,3.75
22816,266,264,0.9924812030075187,CARD MOTORBIKE SANTA,Seasonal / Holiday,0.42
23008,133,132,0.9924812030075187,DOLLY GIRL BABY GIFT SET,Toys & Children,14.95
23184,264,262,0.9924242424242424,BULL DOG BOTTLE OPENER,Kitchen & Tableware,9.96
23374,131,130,0.9923664122137404,RED SPOT PAPER GIFT BAG,Bags & Carriers,1.63
21730,131,130,0.9923664122137404,GLASS STAR FROSTED T-LIGHT HOLDER,Home Decor & Lighting,4.95
21257,262,260,0.9923664122137404,VICTORIAN SEWING BOX MEDIUM,Storage & Furniture,16.13
20985,131,130,0.9923664122137404,HEART CALCULATOR,Decor & Gifts,2.51
22243,131,130,0.9923664122137404,5 HOOK HANGER RED MAGIC TOADSTOOL,Storage & Furniture,1.65
85048,261,259,0.9923371647509579,15CM CHRISTMAS GLASS BALL 20 LIGHTS,Home Decor & Lighting,16.98
21894,130,129,0.9923076923076923,POTTING SHED SEED ENVELOPES,Storage & Furniture,2.51
21439,130,129,0.9923076923076923,BASKET OF TOADSTOOLS,Storage & Furniture,2.51
22570,389,386,0.9922879177377892,FELTCRAFT CUSHION RABBIT,Textiles & Covers,3.75
23118,259,257,0.9922779922779923,PARISIENNE JEWELLERY DRAWER ,Storage & Furniture,7.5
23582,259,257,0.9922779922779923,VINTAGE DOILY JUMBO BAG RED ,Bags & Carriers,1.79
21770,388,385,0.9922680412371134,OPEN CLOSED METAL SIGN,Decor & Gifts,4.95
22849,129,128,0.9922480620155039,BREAD BIN DINER STYLE MINT,Bakery & Serveware,16.95
84050,257,255,0.9922178988326849,PINK HEART SHAPE EGG FRYING PAN,Decor & Gifts,4.21
22616,513,509,0.9922027290448343,PACK OF 12 LONDON TISSUES ,Craft & Hobby,0.29
23229,256,254,0.9921875,VINTAGE DONKEY TAIL GAME ,Toys & Children,3.75
22427,509,505,0.9921414538310412,ENAMEL FLOWER JUG CREAM,Garden & Outdoor,11.87
84279P,127,126,0.9921259842519685,CHERRY BLOSSOM  DECORATIVE FLASK,Other,8.47
21937,253,251,0.9920948616600791,STRAWBERRY   PICNIC BAG,Bags & Carriers,2.95
22720,1387,1376,0.9920692141312184,SET OF 3 CAKE TINS PANTRY DESIGN ,Decor & Gifts,4.95
22420,126,125,0.9920634920634921,LIPSTICK PEN BABY PINK,Toys & Children,0.85
21801,126,125,0.9920634920634921,CHRISTMAS TREE DECORATION WITH BELL,Decor & Gifts,0.43
22476,126,125,0.9920634920634921,EMPIRE UNION JACK TV DINNER TRAY,Kitchen & Tableware,11.02
23228,125,124,0.992,FILIGREE HEART BIRD WHITE ,Decor & Gifts,1.25
22852,125,124,0.992,DOG BOWL VINTAGE CREAM,Kitchen & Tableware,4.25
84796B,125,124,0.992,BLUE SAVANNAH PICNIC HAMPER FOR 2,Cooking & Picnic,8.29
22939,125,124,0.992,APRON APPLE DELIGHT,Home Decor & Lighting,4.95
84755,621,616,0.9919484702093397,COLOUR GLASS T-LIGHT HOLDER HANGING,Decor & Gifts,1.27
23108,372,369,0.9919354838709677,SET OF 10 LED DOLLY LIGHTS,Home Decor & Lighting,6.25
21564,123,122,0.991869918699187,PINK  HEART SHAPE LOVE BUCKET ,Decor & Gifts,2.95
22494,245,243,0.9918367346938776,EMERGENCY FIRST AID TIN ,Storage & Furniture,1.25
22933,122,121,0.9918032786885246,BAKING MOULD EASTER EGG MILK CHOC,Easter & Spring,5.91
21355,121,120,0.9917355371900827,TOAST ITS - I LOVE YOU ,Decor & Gifts,1.25
22309,121,120,0.9917355371900827,TEA COSY RED  STRIPE,Kitchen & Tableware,5.06
22831,121,120,0.9917355371900827,WHITE BROCANTE SOAP DISH,Bath & Body,5.91
23112,241,239,0.991701244813278,PARISIENNE CURIO CABINET,Storage & Furniture,7.5
84792,241,239,0.991701244813278,ENCHANTED BIRD COATHANGER 5 HOOK,Storage & Furniture,9.32
23005,241,239,0.991701244813278,TRAVEL CARD WALLET I LOVE LONDON,Decor & Gifts,0.42
84950,120,119,0.9916666666666667,ASSORTED COLOUR T-LIGHT HOLDER,Home Decor & Lighting,0.99
70006,120,119,0.9916666666666667,LOVE HEART POCKET WARMER,Decor & Gifts,3.36
23251,120,119,0.9916666666666667,VINTAGE RED ENAMEL TRIM MUG ,Kitchen & Tableware,2.46
22691,120,119,0.9916666666666667,DOORMAT WELCOME SUNRISE,Decor & Gifts,16.98
23343,478,474,0.9916317991631799,JUMBO BAG VINTAGE CHRISTMAS ,Bags & Carriers,4.13
22088,239,237,0.9916317991631799,PAPER BUNTING COLOURED LACE,Storage & Furniture,2.95
21014,119,118,0.9915966386554622,SWISS CHALET TREE DECORATION ,Decor & Gifts,1.28
21172,468,464,0.9914529914529915,PARTY METAL SIGN ,Decor & Gifts,1.45
22961,1162,1152,0.9913941480206541,JAM MAKING SET PRINTED,Other,1.45
21556,116,115,0.9913793103448276,CERAMIC STRAWBERRY MONEY BOX,Storage & Furniture,5.06
85054,116,115,0.9913793103448276,FRENCH ENAMEL POT W LID,Garden & Outdoor,5.91
23131,116,115,0.9913793103448276,MISTLETOE HEART WREATH CREAM,Decor & Gifts,4.15
22992,348,345,0.9913793103448276,REVOLVER WOODEN RULER ,Decor & Gifts,1.95
22176,116,115,0.9913793103448276,BLUE OWL SOFT TOY,Toys & Children,2.95
22428,116,115,0.9913793103448276,ENAMEL FIRE BUCKET CREAM,Other,6.95
21890,231,229,0.9913419913419913,S/6 WOODEN SKITTLES IN COTTON BAG,Decor & Gifts,2.95
23192,345,342,0.991304347826087,BUNDLE OF 3 ALPHABET EXERCISE BOOKS,Books & Journals,1.65
84849D,115,114,0.991304347826087,HOT BATHS SOAP HOLDER,Textiles & Covers,1.69
21497,230,228,0.991304347826087,FANCY FONTS BIRTHDAY WRAP,Stationery,0.42
23436,114,113,0.9912280701754386,VINTAGE CHRISTMAS GIFT BAG LARGE ,Bags & Carriers,1.25
23427,114,113,0.9912280701754386,STOOL HOME SWEET HOME ,Decor & Gifts,12.5
11001,113,112,0.9911504424778761,ASSTD DESIGN RACING CAR PEN,Decor & Gifts,3.36
47566,1686,1671,0.9911032028469751,PARTY BUNTING,Storage & Furniture,9.32
23406,112,111,0.9910714285714286,HOME SWEET HOME KEY HOLDER,Decor & Gifts,6.25
22222,222,220,0.990990990990991,CAKE PLATE LOVEBIRD WHITE,Decor & Gifts,4.95
22866,552,547,0.9909420289855072,HAND WARMER SCOTTY DOG DESIGN,Decor & Gifts,2.1
22625,552,547,0.9909420289855072,RED KITCHEN SCALES,Kitchen & Tableware,16.98
85123A,2203,2183,0.9909214707217431,WHITE HANGING HEART T-LIGHT HOLDER,Decor & Gifts,2.95
23316,110,109,0.990909090909091,RED REFECTORY CLOCK ,Home Decor & Lighting,9.95
37342,110,109,0.990909090909091,POLKADOT COFFEE CUP & SAUCER PINK,Kitchen & Tableware,2.46
22493,220,218,0.990909090909091,PAINT YOUR OWN CANVAS SET,Other,3.36
23331,109,108,0.9908256880733946,DECORATIVE WICKER HEART SMALL,Decor & Gifts,0.63
72807A,108,107,0.9907407407407407,SET/3 ROSE CANDLE IN JEWELLED BOX,Home Decor & Lighting,8.47
23400,108,107,0.9907407407407407,SHELF WITH 4 HOOKS HOME SWEET HOME,Decor & Gifts,6.25
22472,108,107,0.9907407407407407,TV DINNER TRAY DOLLY GIRL,Kitchen & Tableware,4.95
84029E,430,426,0.9906976744186047,RED WOOLLY HOTTIE WHITE HEART.,Decor & Gifts,7.62
21745,214,212,0.9906542056074766,GAOLERS KEYS DECORATIVE GARDEN ,Garden & Outdoor,3.75
21070,107,106,0.9906542056074766,VINTAGE BILLBOARD MUG ,Kitchen & Tableware,2.51
23312,214,212,0.9906542056074766,VINTAGE CHRISTMAS GIFT SACK,Seasonal / Holiday,4.15
47504K,213,211,0.9906103286384976,ENGLISH ROSE GARDEN SECATEURS,Garden & Outdoor,1.95
21891,426,422,0.9906103286384976,TRADITIONAL WOODEN SKIPPING ROPE,Decor & Gifts,2.51
72802C,106,105,0.9905660377358491,VANILLA SCENT CANDLE JEWELLED BOX,Home Decor & Lighting,8.47
22119,106,105,0.9905660377358491,PEACE WOODEN BLOCK LETTERS,Decor & Gifts,6.95
21391,106,105,0.9905660377358491,FRENCH LAVENDER SCENT HEART,Decor & Gifts,4.21
21403,106,105,0.9905660377358491,BLUE EGG  SPOON,Kitchen & Tableware,0.42
85071C,105,104,0.9904761904761905,"CHARLIE+LOLA""EXTREMELY BUSY"" SIGN",Decor & Gifts,0.85
23235,105,104,0.9904761904761905,STORAGE TIN VINTAGE LEAF,Storage & Furniture,2.89
20886,104,103,0.9903846153846154,BOX OF 9 PEBBLE CANDLES,Home Decor & Lighting,4.21
84968C,104,103,0.9903846153846154,SET OF 16 VINTAGE PISTACHIO CUTLERY,Kitchen & Tableware,25.49
21530,104,103,0.9903846153846154,DAIRY MAID TOASTRACK,Organizers & Racks,5.91
23543,103,102,0.9902912621359223,WALL ART KEEP CALM ,Decor & Gifts,8.25
22711,103,102,0.9902912621359223,WRAP CIRCUS PARADE,Stationery,0.42
22660,102,101,0.9901960784313726,DOORMAT I LOVE LONDON,Decor & Gifts,7.95
16225,102,101,0.9901960784313726,RATTLE SNAKE EGGS,Easter & Spring,3.36
20956,102,101,0.9901960784313726,PORCELAIN T-LIGHT HOLDERS ASSORTED,Home Decor & Lighting,1.25
21033,303,300,0.9900990099009901,JUMBO BAG CHARLIE AND LOLA TOYS,Bags & Carriers,2.51
21927,100,99,0.99,BLUE/CREAM STRIPE CUSHION COVER ,Textiles & Covers,1.25
22784,299,296,0.9899665551839465,LANTERN CREAM GAZEBO ,Home Decor & Lighting,4.95
22465,198,196,0.98989898989899,HANGING METAL STAR LANTERN,Decor & Gifts,3.36
21626,99,98,0.98989898989899,VINTAGE UNION JACK PENNANT,Stationery,4.21
23048,99,98,0.98989898989899,SET OF 10 LANTERNS FAIRY LIGHT STAR,Home Decor & Lighting,4.15
22985,99,98,0.98989898989899,"WRAP, BILLBOARD FONTS DESIGN",Decor & Gifts,0.42
23226,98,97,0.9897959183673469,FILIGREE HEART DAISY WHITE,Decor & Gifts,1.25
22399,98,97,0.9897959183673469,MAGNETS PACK OF 4 CHILDHOOD MEMORY,Toys & Children,1.25
20966,98,97,0.9897959183673469,SANDWICH BATH SPONGE,Textiles & Covers,2.51
21823,98,97,0.9897959183673469,PAINTED METAL HEART WITH HOLLY BELL,Decor & Gifts,1.45
23497,195,193,0.9897435897435898,CLASSIC CHROME BICYCLE BELL ,Retro & Vintage,1.45
22560,389,385,0.9897172236503856,TRADITIONAL MODELLING CLAY,Retro & Vintage,1.25
21822,97,96,0.9896907216494846,GLITTER CHRISTMAS TREE WITH BELLS,Seasonal / Holiday,4.21
22117,96,95,0.9895833333333334,METAL SIGN HER DINNER IS SERVED ,Decor & Gifts,2.95
23569,192,190,0.9895833333333334,TRADTIONAL ALPHABET STAMP SET,Other,4.95
22456,476,471,0.9894957983193278,NATURAL SLATE CHALKBOARD LARGE ,Other,10.17
17012F,95,94,0.9894736842105263,ORIGAMI SANDLEWOOD INCENSE/CAND SET,Other,2.55
23269,94,93,0.9893617021276596,SET OF 2 CERAMIC CHRISTMAS TREES,Kitchen & Tableware,1.45
23461,94,93,0.9893617021276596,SWEETHEART BIRD HOUSE,Decor & Gifts,4.15
21111,94,93,0.9893617021276596,"SWISS ROLL TOWEL, CHOCOLATE  SPOTS",Garden & Outdoor,5.91
85032D,94,93,0.9893617021276596,YULETIDE IMAGES GIFT WRAP SET,Stationery,2.1
21402,92,91,0.9891304347826086,RED  EGG  SPOON,Kitchen & Tableware,0.85
22925,184,182,0.9891304347826086,BLUE GIANT GARDEN THERMOMETER,Garden & Outdoor,11.87
22797,91,90,0.989010989010989,CHEST OF DRAWERS GINGHAM HEART ,Decor & Gifts,16.95
22423,1989,1967,0.9889391654097537,REGENCY CAKESTAND 3 TIER,Kitchen & Tableware,12.75
84659A,90,89,0.9888888888888889,WHITE TRAVEL ALARM CLOCK,Home Decor & Lighting,2.51
21756,270,267,0.9888888888888889,BATH BUILDING BLOCK WORD,Textiles & Covers,5.95
15058A,90,89,0.9888888888888889,BLUE POLKADOT GARDEN PARASOL,Garden & Outdoor,7.95
22607,358,354,0.9888268156424581,WOODEN ROUNDERS GARDEN SET ,Decor & Gifts,16.98
23109,268,265,0.9888059701492538,LED TEA LIGHTS,Home Decor & Lighting,2.89
22317,89,88,0.9887640449438202,FIVE CATS HANGING DECORATION,Decor & Gifts,2.95
22533,89,88,0.9887640449438202,MAGIC DRAWING SLATE BAKE A CAKE ,Kitchen & Tableware,0.85
85116,89,88,0.9887640449438202,BLACK CANDELABRA T-LIGHT HOLDER,Home Decor & Lighting,1.25
21192,89,88,0.9887640449438202,WHITE BELL HONEYCOMB PAPER ,Stationery,3.36
23530,87,86,0.9885057471264368,WALL ART ONLY ONE PERSON ,Decor & Gifts,4.95
22591,87,86,0.9885057471264368,CARDHOLDER GINGHAM CHRISTMAS TREE,Seasonal / Holiday,3.25
21069,87,86,0.9885057471264368,VINTAGE BILLBOARD TEA MUG,Kitchen & Tableware,2.51
20984,172,170,0.9883720930232558,12 PENCILS TALL TUBE POSY,Stationery,0.85
22509,86,85,0.9883720930232558,SEWING BOX RETROSPOT DESIGN ,Decor & Gifts,16.95
21326,340,336,0.9882352941176471,AGED GLASS SILVER T-LIGHT HOLDER,Home Decor & Lighting,0.65
23404,170,168,0.9882352941176471,HOME SWEET HOME BLACKBOARD,Decor & Gifts,4.95
22483,169,167,0.9881656804733728,RED GINGHAM TEDDY BEAR ,Other,5.91
22838,169,167,0.9881656804733728,3 TIER CAKE TIN RED AND CREAM,Storage & Furniture,29.79
85036C,84,83,0.9880952380952381,ROSE 1 WICK MORRIS BOXED CANDLE,Home Decor & Lighting,4.25
20967,84,83,0.9880952380952381,GREY FLORAL FELTCRAFT SHOULDER BAG,Bags & Carriers,3.75
22722,835,825,0.9880239520958084,SET OF 6 SPICE TINS PANTRY DESIGN,Decor & Gifts,3.95
23320,333,329,0.987987987987988,GIANT 50'S CHRISTMAS CRACKER,Seasonal / Holiday,2.89
22559,83,82,0.9879518072289156,SEASIDE FLYING DISC,Beach & Summer,1.25
22151,332,328,0.9879518072289156,PLACE SETTING WHITE HEART,Decor & Gifts,0.42
22354,83,82,0.9879518072289156,RETROSPOT PADDED SEAT CUSHION,Garden & Outdoor,3.75
21260,166,164,0.9879518072289156,FIRST AID TIN,Storage & Furniture,3.25
20832,83,82,0.9879518072289156,RED FLOCK LOVE HEART PHOTO FRAME,Decor & Gifts,1.66
22810,166,164,0.9879518072289156,SET OF 6 T-LIGHTS SNOWMEN,Home Decor & Lighting,2.95
47503A,165,163,0.9878787878787879,ASS FLORAL PRINT MULTI SCREWDRIVER,Floral & Planters,0.42
21495,165,163,0.9878787878787879,SKULLS AND CROSSBONES WRAP,Stationery,0.42
21811,247,244,0.9878542510121457,CHRISTMAS HANGING HEART WITH BELL,Decor & Gifts,2.51
22580,247,244,0.9878542510121457,ADVENT CALENDAR GINGHAM SACK,Other,11.87
22217,82,81,0.9878048780487805,T-LIGHT HOLDER HANGING LACE,Decor & Gifts,2.51
85231G,82,81,0.9878048780487805,ORANGE SCENTED SET/9 T-LIGHTS,Home Decor & Lighting,0.85
72802B,82,81,0.9878048780487805,OCEAN SCENT CANDLE IN JEWELLED BOX,Home Decor & Lighting,4.25
21112,82,81,0.9878048780487805,"SWISS ROLL TOWEL, PINK  SPOTS",Garden & Outdoor,5.91
37370,160,158,0.9875,RETRO COFFEE MUGS ASSORTED,Kitchen & Tableware,16.13
22760,80,79,0.9875,"TRAY, BREAKFAST IN BED",Kitchen & Tableware,25.49
17003,239,236,0.9874476987447699,BROCADE RING PURSE ,Bags & Carriers,0.21
23489,159,157,0.9874213836477987,"GARLAND, VINTAGE BELLS",Stationery,2.89
23152,159,157,0.9874213836477987,IVORY SWEETHEART WIRE LETTER RACK ,Decor & Gifts,3.75
23198,475,469,0.9873684210526316,PANTRY MAGNETIC  SHOPPING LIST,Utility & DIY,1.25
23094,79,78,0.9873417721518988,LE GRAND TRAY CHIC SET,Kitchen & Tableware,12.5
22822,158,156,0.9873417721518988,CREAM WALL PLANTER HEART SHAPED,Decor & Gifts,5.95
72807C,157,155,0.9872611464968153,SET/3 VANILLA SCENTED CANDLE IN BOX,Home Decor & Lighting,8.47
23491,78,77,0.9871794871794872,VINTAGE JINGLE BELLS HEART,Decor & Gifts,8.25
48138,616,608,0.987012987012987,DOORMAT UNION FLAG,Decor & Gifts,7.95
20686,77,76,0.987012987012987,DOLLY MIXTURE CHILDREN'S UMBRELLA,Garden & Outdoor,6.77
22705,77,76,0.987012987012987,WRAP GREEN PEARS ,Stationery,0.42
37449,154,152,0.987012987012987,CERAMIC CAKE STAND + HANGING CAKES,Decor & Gifts,9.95
72818,77,76,0.987012987012987,CHRISTMAS DECOUPAGE CANDLE,Home Decor & Lighting,1.66
82583,615,607,0.9869918699186991,HOT BATHS METAL SIGN,Decor & Gifts,4.21
21868,306,302,0.9869281045751634,POTTING SHED TEA MUG,Storage & Furniture,3.36
22693,305,301,0.9868852459016394,GROW A FLYTRAP OR SUNFLOWER IN TIN,Storage & Furniture,1.25
22696,152,150,0.9868421052631579,WICKER WREATH LARGE,Other,1.95
22128,76,75,0.9868421052631579,PARTY CONES CANDY ASSORTED,Other,1.25
21792,76,75,0.9868421052631579,CLASSIC FRENCH STYLE BASKET GREEN ,Storage & Furniture,13.29
22307,74,73,0.9864864864864865,GOLD MUG BONE CHINA TREE OF LIFE,Kitchen & Tableware,1.95
22634,222,219,0.9864864864864865,CHILDS BREAKFAST SET SPACEBOY ,Toys & Children,8.5
21707,74,73,0.9864864864864865,FOLDING UMBRELLA BLACKBLUE POLKADOT,Garden & Outdoor,3.36
23486,74,73,0.9864864864864865,ANTIQUE HEART SHELF UNIT,Decor & Gifts,14.55
20716,74,73,0.9864864864864865,PARTY FOOD SHOPPER BAG,Bags & Carriers,1.25
21793,74,73,0.9864864864864865,CLASSIC FRENCH STYLE BASKET BROWN,Storage & Furniture,3.95
84568,147,145,0.9863945578231292,GIRLS ALPHABET IRON ON PATCHES ,Other,0.43
23382,220,217,0.9863636363636363,BOX OF 6 CHRISTMAS CAKE DECORATIONS,Decor & Gifts,3.75
71459,440,434,0.9863636363636363,HANGING JAM JAR T-LIGHT HOLDER,Decor & Gifts,0.72
21462,73,72,0.9863013698630136,"NURSERY A,B,C PAINTED LETTERS",Baby & Nursery,6.75
85194L,73,72,0.9863013698630136,HANGING SPRING FLOWER EGG LARGE,Decor & Gifts,0.85
22320,73,72,0.9863013698630136,BIRDS MOBILE VINTAGE DESIGN,Decor & Gifts,5.95
23483,73,72,0.9863013698630136,HANGING  BUTTERFLY T-LIGHT HOLDER,Decor & Gifts,1.25
21189,72,71,0.9861111111111112,WHITE HONEYCOMB PAPER GARLAND ,Stationery,1.65
21294,72,71,0.9861111111111112,ETCHED GLASS COASTER,Beach & Summer,2.51
85170C,72,71,0.9861111111111112,SET/6 EAU DE NIL BIRD T-LIGHTS,Home Decor & Lighting,4.21
10002,72,71,0.9861111111111112,INFLATABLE POLITICAL GLOBE ,Travel & World,0.85
21429,288,284,0.9861111111111112,RED GINGHAM ROSE JEWELLERY BOX,Storage & Furniture,1.65
20668,215,212,0.986046511627907,DISCO BALL CHRISTMAS DECORATION,Decor & Gifts,0.43
35911A,71,70,0.9859154929577465,MULTICOLOUR RABBIT EGG WARMER,Easter & Spring,0.83
22311,142,140,0.9859154929577465,OFFICE MUG WARMER BLACK+SILVER ,Kitchen & Tableware,5.91
23189,141,139,0.9858156028368794,SET OF 12 FORK CANDLES,Home Decor & Lighting,2.49
21555,70,69,0.9857142857142858,CERAMIC STRAWBERRY TRINKET TRAY,Kitchen & Tableware,2.51
84279B,70,69,0.9857142857142858,CHERRY BLOSSOM DECORATIVE FLASK,Other,8.29
23186,70,69,0.9857142857142858,FRENCH STYLE STORAGE JAR CAFE ,Storage & Furniture,0.29
22947,138,136,0.9855072463768116,WOODEN ADVENT CALENDAR RED,Decor & Gifts,34.0
84596J,69,68,0.9855072463768116,MIXED NUTS LIGHT GREEN BOWL,Home Decor & Lighting,2.51
22791,345,340,0.9855072463768116,T-LIGHT GLASS FLUTED ANTIQUE,Home Decor & Lighting,2.51
18097C,69,68,0.9855072463768116,WHITE TALL PORCELAIN T-LIGHT HOLDER,Home Decor & Lighting,5.06
22946,137,135,0.9854014598540146,WOODEN ADVENT CALENDAR CREAM,Decor & Gifts,34.0
23553,68,67,0.9852941176470589,LANDMARK FRAME CAMDEN TOWN ,Home Decor & Lighting,10.95
21205,68,67,0.9852941176470589,MULTICOLOUR 3D BALLS GARLAND,Other,5.06
22504,68,67,0.9852941176470589,CABIN BAG VINTAGE RETROSPOT,Bags & Carriers,29.95
22902,136,134,0.9852941176470589,TOTE BAG I LOVE LONDON,Decor & Gifts,4.21
84997C,335,330,0.9850746268656716,BLUE 3 PIECE POLKADOT CUTLERY SET,Kitchen & Tableware,7.62
21034,871,858,0.9850746268656716,REX CASH+CARRY JUMBO SHOPPER,Bags & Carriers,0.95
21110,134,132,0.9850746268656716,LARGE CAKE TOWEL PINK SPOTS,Kitchen & Tableware,13.57
22513,67,66,0.9850746268656716,DOORSTOP FOOTBALL DESIGN,Decor & Gifts,7.62
21394,133,131,0.9849624060150376,RED POLKADOT BEAKER ,Other,1.63
22862,66,65,0.9848484848484849,LOVE HEART NAPKIN BOX ,Decor & Gifts,8.47
15060B,132,130,0.9848484848484849,FAIRY CAKE DESIGN UMBRELLA,Decor & Gifts,8.47
22637,330,325,0.9848484848484849,PIGGY BANK RETROSPOT ,Garden & Outdoor,2.55
22371,395,389,0.9848101265822785,AIRLINE BAG VINTAGE TOKYO 78,Bags & Carriers,8.47
15056N,456,449,0.9846491228070176,EDWARDIAN PARASOL NATURAL,Other,5.95
22848,130,128,0.9846153846153847,BREAD BIN DINER STYLE PINK,Bakery & Serveware,16.95
16016,65,64,0.9846153846153847,LARGE CHINESE STYLE SCISSOR,Other,0.85
72232,65,64,0.9846153846153847,FENG SHUI PILLAR CANDLE,Home Decor & Lighting,0.19
15036,518,510,0.9845559845559846,ASSORTED COLOURS SILK FAN,Other,1.28
21578,129,127,0.9844961240310077,WOODLAND DESIGN  COTTON TOTE BAG,Decor & Gifts,2.25
22078,193,190,0.9844559585492227,RIBBON REEL LACE DESIGN ,Decor & Gifts,2.1
23080,257,253,0.9844357976653697,RED METAL BOX TOP SECRET,Decor & Gifts,8.25
72802A,64,63,0.984375,ROSE SCENT CANDLE IN JEWELLED BOX,Home Decor & Lighting,4.25
22481,128,126,0.984375,BLACK TEA TOWEL CLASSIC DESIGN,Decor & Gifts,1.25
22968,191,188,0.9842931937172775,ROSE COTTAGE KEEPSAKE BOX ,Storage & Furniture,9.95
79000,127,125,0.984251968503937,MOROCCAN TEA GLASS,Kitchen & Tableware,0.85
22197,1392,1370,0.9841954022988506,SMALL POPCORN HOLDER,Utility & DIY,1.66
20802,63,62,0.9841269841269841,SMALL GLASS SUNDAE DISH CLEAR,Mirrors & Frames,1.65
23524,63,62,0.9841269841269841,HORSE & PONY WALL ART,Decor & Gifts,3.75
20761,63,62,0.9841269841269841,BLUE PAISLEY SKETCHBOOK,Books & Journals,3.75
21422,63,62,0.9841269841269841,PORCELAIN ROSE SMALL,Other,0.85
21098,250,246,0.984,CHRISTMAS TOILET ROLL,Seasonal / Holiday,1.25
22734,428,421,0.9836448598130841,SET OF 6 RIBBONS VINTAGE CHRISTMAS,Seasonal / Holiday,5.06
23073,61,60,0.9836065573770492,GEORGIAN TRINKET BOX,Storage & Furniture,12.5
35915C,61,60,0.9836065573770492,PEACH KNITTED HEN ,Other,1.65
22319,61,60,0.9836065573770492,HAIRCLIPS FORTIES FABRIC ASSORTED,Textiles & Covers,0.65
22057,61,60,0.9836065573770492,CERAMIC PLATE STRAWBERRY DESIGN,Decor & Gifts,1.49
20975,364,358,0.9835164835164835,12 PENCILS SMALL TUBE RED RETROSPOT,Garden & Outdoor,1.28
22837,181,178,0.9834254143646409,HOT WATER BOTTLE BABUSHKA ,Kitchen & Tableware,9.32
21926,60,59,0.9833333333333333,RED/CREAM STRIPE CUSHION COVER ,Textiles & Covers,1.25
21809,119,117,0.9831932773109243,CHRISTMAS HANGING TREE WITH BELL,Decor & Gifts,2.51
20765,59,58,0.9830508474576272,CHRYSANTHEMUM SKETCHBOOK ,Books & Journals,3.75
23162,176,173,0.9829545454545454,REGENCY TEA STRAINER,Kitchen & Tableware,7.46
21340,290,285,0.9827586206896551,CLASSIC METAL BIRDCAGE PLANT HOLDER,Decor & Gifts,12.75
21719,58,57,0.9827586206896551,LOVELY BONBON STICKER SHEET,Decor & Gifts,0.85
23552,116,114,0.9827586206896551,BICYCLE PUNCTURE REPAIR KIT ,Craft & Hobby,2.08
22450,58,57,0.9827586206896551,SILK PURSE BABUSHKA BLUE,Bags & Carriers,3.35
85206A,115,113,0.9826086956521739,CREAM FELT EASTER EGG BASKET,Storage & Furniture,1.65
79190B,57,56,0.9824561403508771,RETRO PLASTIC POLKA TRAY,Kitchen & Tableware,0.85
21181,850,835,0.9823529411764705,PLEASE ONE PERSON METAL SIGN,Decor & Gifts,4.21
23392,113,111,0.9823008849557522,SPACEBOY ROCKET LOLLY MAKERS,Other,2.08
22501,452,444,0.9823008849557522,PICNIC BASKET WICKER LARGE,Storage & Furniture,21.23
40001,56,55,0.9821428571428571,WHITE BAMBOO RIBS LAMPSHADE,Home Decor & Lighting,1.66
84212,111,109,0.9819819819819819,"ASSORTED FLOWER COLOUR ""LEIS""",Garden & Outdoor,0.65
23188,333,327,0.9819819819819819,VINTAGE  2 METER FOLDING RULER,Stationery,1.65
22567,222,218,0.9819819819819819,20 DOLLY PEGS RETROSPOT,Garden & Outdoor,2.51
84817,55,54,0.9818181818181818,DANISH ROSE DECORATIVE PLATE,Kitchen & Tableware,0.42
90209B,55,54,0.9818181818181818,GREEN ENAMEL+GLASS HAIR COMB,Mirrors & Frames,2.11
35954,55,54,0.9818181818181818,SMALL FOLKART STAR CHRISTMAS DEC,Seasonal / Holiday,3.36
85049D,109,107,0.981651376146789,BRIGHT BLUES RIBBONS ,Craft & Hobby,1.25
23041,54,53,0.9814814814814815,PAPER LANTERN 9 POINT SNOW STAR,Home Decor & Lighting,4.15
21794,107,105,0.9813084112149533,CLASSIC FRENCH STYLE BASKET NATURAL,Storage & Furniture,6.75
23525,53,52,0.9811320754716981,BUFFALO BILL WALL ART ,Decor & Gifts,3.75
85136A,53,52,0.9811320754716981,YELLOW SHARK HELICOPTER,Other,8.47
22834,368,361,0.9809782608695652,HAND WARMER BABUSHKA DESIGN,Decor & Gifts,2.1
22943,210,206,0.9809523809523809,CHRISTMAS LIGHTS 10 VINTAGE BAUBLES,Home Decor & Lighting,4.95
22988,420,412,0.9809523809523809,SOLDIERS EGG CUP ,Kitchen & Tableware,2.51
21922,209,205,0.9808612440191388,UNION STRIPE WITH FRINGE  HAMMOCK,Accessories & Jewellery,7.95
21051,52,51,0.9807692307692307,RIBBONS PURSE ,Bags & Carriers,4.21
21311,52,51,0.9807692307692307,SET/4 BIRD MIRROR MAGNETS ,Home Decor & Lighting,0.29
18098C,52,51,0.9807692307692307,PORCELAIN BUTTERFLY OIL BURNER,Other,5.91
22536,156,153,0.9807692307692307,MAGIC DRAWING SLATE PURDEY,Fantasy & Imaginative,0.85
22180,156,153,0.9807692307692307,RETROSPOT LAMP,Home Decor & Lighting,9.95
22514,104,102,0.9807692307692307,CHILDS GARDEN SPADE BLUE,Garden & Outdoor,4.21
22080,156,153,0.9807692307692307,RIBBON REEL POLKADOTS ,Craft & Hobby,1.65
85127,52,51,0.9807692307692307,SMALL SQUARE CUT GLASS CANDLESTICK,Home Decor & Lighting,3.36
22710,104,102,0.9807692307692307,WRAP I LOVE LONDON ,Decor & Gifts,0.42
85088,51,50,0.9803921568627451,CANDY SPOT HAND BAG,Bags & Carriers,4.21
85086A,51,50,0.9803921568627451,CANDY SPOT HEART DECORATION,Decor & Gifts,0.85
16219,100,98,0.98,HOUSE SHAPE PENCIL SHARPENER,Decor & Gifts,0.21
22498,150,147,0.98,WOODEN REGATTA BUNTING,Decor & Gifts,12.72
37501,50,49,0.98,TEA TIME TEA SET IN GIFT BOX,Storage & Furniture,6.95
22689,149,146,0.9798657718120806,DOORMAT MERRY CHRISTMAS RED ,Decor & Gifts,14.43
85036B,49,48,0.9795918367346939,CHOCOLATE 1 WICK MORRIS BOX CANDLE,Home Decor & Lighting,4.25
23150,49,48,0.9795918367346939,IVORY SWEETHEART SOAP DISH,Decor & Gifts,2.49
84789,49,48,0.9795918367346939,ENCHANTED BIRD PLANT CAGE,Garden & Outdoor,3.75
22702,49,48,0.9795918367346939,BLACK AND WHITE CAT BOWL,Kitchen & Tableware,2.1
21808,49,48,0.9795918367346939,"CHRISTMAS GARLAND STARS,TREES",Seasonal / Holiday,3.29
21289,49,48,0.9795918367346939,LARGE STRIPES CHOCOLATE GIFT BAG,Bags & Carriers,1.25
22272,49,48,0.9795918367346939,FELTCRAFT DOLL MARIA,Craft & Hobby,5.91
22061,146,143,0.9794520547945206,LARGE CAKE STAND  HANGING STRAWBERY,Decor & Gifts,9.95
40016,97,95,0.979381443298969,CHINESE DRAGON PAPER LANTERNS,Home Decor & Lighting,8.47
22606,145,142,0.9793103448275862,WOODEN SKITTLES GARDEN SET,Decor & Gifts,15.95
22171,385,377,0.9792207792207792,3 HOOK PHOTO SHELF ANTIQUE WHITE,Home Decor & Lighting,16.98
22959,144,141,0.9791666666666666,WRAP CHRISTMAS VILLAGE,Seasonal / Holiday,0.42
71038,48,47,0.9791666666666666,WHITE HANGING BEADS CANDLE HOLDER,Decor & Gifts,4.65
22847,377,369,0.9787798408488063,BREAD BIN DINER STYLE IVORY,Bakery & Serveware,16.95
48173C,188,184,0.9787234042553191,DOORMAT BLACK FLOCK ,Decor & Gifts,14.43
22106,47,46,0.9787234042553191,MIRROR MOSAIC HURRICANE LAMP ,Home Decor & Lighting,5.06
85159A,47,46,0.9787234042553191,"BLACK TEA,COFFEE,SUGAR JARS",Storage & Furniture,1.25
84674,47,46,0.9787234042553191,FLYING PIG WATERING CAN,Kitchen & Tableware,1.25
22087,328,321,0.9786585365853658,PAPER BUNTING WHITE LACE,Storage & Furniture,2.95
84459B,93,91,0.978494623655914,YELLOW METAL CHICKEN HEART ,Decor & Gifts,1.49
84660C,46,45,0.9782608695652174,PINK STITCHED WALL CLOCK,Decor & Gifts,7.62
23104,46,45,0.9782608695652174,IVORY CAFE HANGING LAMP ,Decor & Gifts,12.5
21366,46,45,0.9782608695652174,MIRRORED WALL ART PHOTO FRAMES,Decor & Gifts,8.47
22611,46,45,0.9782608695652174,VINTAGE UNION JACK SHOPPING BAG,Bags & Carriers,4.95
22121,136,133,0.9779411764705882,NOEL WOODEN BLOCK LETTERS ,Decor & Gifts,5.45
20774,45,44,0.9777777777777777,GREEN FERN NOTEBOOK,Stationery,1.65
47422,45,44,0.9777777777777777,ASSORTED MONKEY SUCTION CUP HOOK,Storage & Furniture,0.42
22194,45,44,0.9777777777777777,BLACK DINER WALL CLOCK,Decor & Gifts,16.98
23057,45,44,0.9777777777777777,BEADED CHANDELIER T-LIGHT HOLDER,Home Decor & Lighting,4.95
21463,134,131,0.9776119402985075,MIRRORED DISCO BALL ,Home Decor & Lighting,5.95
20713,665,650,0.9774436090225563,JUMBO BAG OWLS,Bags & Carriers,1.95
22236,88,86,0.9772727272727273,CAKE STAND 3 TIER MAGIC GARDEN,Kitchen & Tableware,12.75
21621,476,465,0.976890756302521,VINTAGE UNION JACK BUNTING,Storage & Furniture,8.5
23284,731,714,0.9767441860465116,DOORMAT KEEP CALM AND COME IN,Decor & Gifts,7.95
20702,43,42,0.9767441860465116,PINK PADDED MOBILE,Other,4.25
23460,43,42,0.9767441860465116,SWEETHEART WALL TIDY ,Decor & Gifts,9.95
23409,43,42,0.9767441860465116,PHOTO FRAME LINEN AND LACE LARGE,Home Decor & Lighting,3.75
72819,43,42,0.9767441860465116,CUPID DESIGN SCENTED CANDLES,Decor & Gifts,5.06
22824,43,42,0.9767441860465116,3 TIER SWEETHEART GARDEN SHELF,Decor & Gifts,35.95
85016,43,42,0.9767441860465116,SET OF 6 VINTAGE NOTELETS KIT,Stationery,2.55
22740,171,167,0.9766081871345029,POLKADOT PEN,Stationery,0.85
72803A,42,41,0.9761904761904762,ROSE SCENT CANDLE JEWELLED DRAWER,Home Decor & Lighting,4.25
21629,42,41,0.9761904761904762,SQUARE FLOOR CUSHION VINTAGE RED,Stationery,15.79
35957,42,41,0.9761904761904762,SMALLFOLKART BAUBLE CHRISTMAS DEC,Seasonal / Holiday,0.42
21717,42,41,0.9761904761904762,EASTER TIN BUCKET,Storage & Furniture,2.55
21633,42,41,0.9761904761904762,SUNFLOWER DECORATIVE PARASOL,Garden & Outdoor,8.47
16168M,42,41,0.9761904761904762,FUNKY MONKEY GIFT BAG MEDIUM,Bags & Carriers,0.83
20801,82,80,0.975609756097561,LARGE PINK GLASS SUNDAE DISH,Mirrors & Frames,0.75
22050,41,40,0.975609756097561,PINK PAISLEY ROSE GIFT WRAP,Stationery,0.42
72817,164,160,0.975609756097561,SET OF 2 CHRISTMAS DECOUPAGE CANDLE,Home Decor & Lighting,1.66
21787,243,237,0.9753086419753086,RAIN PONCHO RETROSPOT,Garden & Outdoor,0.85
85025C,40,39,0.975,PINK HEART SHAPE PHOTO FRAME,Decor & Gifts,1.65
84596E,80,78,0.975,SMALL LICORICE DES PINK BOWL,Kitchen & Tableware,2.51
46775D,40,39,0.975,SUNSET COLOUR CHUNKY KNITTED THROW,Other,11.02
21638,40,39,0.975,ASSORTED TUTTI FRUTTI NOTEBOOK,Stationery,4.21
84341B,40,39,0.975,SMALL PINK MAGIC CHRISTMAS TREE,Seasonal / Holiday,0.85
22709,39,38,0.9743589743589743,WRAP WEDDING DAY,Stationery,0.42
22202,39,38,0.9743589743589743,MILK PAN PINK POLKADOT,Other,7.62
22502,468,456,0.9743589743589743,PICNIC BASKET WICKER SMALL,Storage & Furniture,8.47
21147,78,76,0.9743589743589743,JINGLE BELLS TREE DECORATION,Decor & Gifts,2.51
85230B,39,38,0.9743589743589743,CINNAMON SCENTED VOTIVE CANDLE,Home Decor & Lighting,0.29
84947,347,338,0.9740634005763689,ANTIQUE SILVER TEA GLASS ENGRAVED,Kitchen & Tableware,2.51
21609,77,75,0.974025974025974,SET 12 LAVENDER  BOTANICAL T-LIGHTS,Home Decor & Lighting,2.95
21472,38,37,0.9736842105263158,LADYBIRD + BEE RAFFIA FOOD COVER,Textiles & Covers,3.75
23691,38,37,0.9736842105263158,WRAP KEEP CALM BIRTHDAY,Stationery,0.42
72800B,38,37,0.9736842105263158, 4 PURPLE FLOCK DINNER CANDLES,Home Decor & Lighting,2.55
84912A,76,74,0.9736842105263158,,Other,0.0
23055,38,37,0.9736842105263158,IVORY CHANDELIER T-LIGHT HOLDER,Home Decor & Lighting,6.25
47503H,38,37,0.9736842105263158,ASS FLORAL PRINT SPIRIT LEVEL ,Floral & Planters,1.95
71279,38,37,0.9736842105263158,PINK GLASS CANDLEHOLDER,Home Decor & Lighting,2.95
84880,76,74,0.9736842105263158,WHITE WIRE EGG HOLDER,Utility & DIY,11.87
22806,38,37,0.9736842105263158,SET OF 6 T-LIGHTS WEDDING CAKE ,Home Decor & Lighting,2.95
22812,189,184,0.9735449735449735,PACK 3 BOXES CHRISTMAS PANNETONE,Storage & Furniture,1.95
85034A,75,73,0.9733333333333334,3 GARDENIA MORRIS BOXED CANDLES,Home Decor & Lighting,4.25
85019B,37,36,0.972972972972973,BLOSSOM  IMAGES NOTEBOOK SET,Stationery,1.25
22829,111,108,0.972972972972973,SWEETHEART WIRE WALL TIDY,Decor & Gifts,9.95
35004B,111,108,0.972972972972973,SET OF 3 BLACK FLYING DUCKS,Craft & Hobby,5.91
22084,443,431,0.9729119638826185,PAPER CHAIN KIT EMPIRE,Stationery,2.95
85185B,73,71,0.9726027397260274,PINK HORSE SOCK PUPPET,Animal & Pet,5.91
15039,145,141,0.9724137931034482,SANDALWOOD FAN,Other,1.66
21826,36,35,0.9722222222222222,EIGHT PIECE DINOSAUR SET,Other,2.51
20684,36,35,0.9722222222222222,STRAWBERRY DREAM CHILDS UMBRELLA,Garden & Outdoor,3.25
85232D,71,69,0.971830985915493,SET/3 DECOUPAGE STACKING TINS,Storage & Furniture,9.96
22035,141,137,0.9716312056737588,VINTAGE CARAVAN GREETING CARD ,Storage & Furniture,0.42
23455,35,34,0.9714285714285714,SMALL PARLOUR PICTURE FRAME,Home Decor & Lighting,2.89
21272,105,102,0.9714285714285714,SALLE DE BAIN HOOK,Storage & Furniture,2.51
85035B,70,68,0.9714285714285714,CHOCOLATE 3 WICK MORRIS BOX CANDLE,Home Decor & Lighting,4.25
22242,35,34,0.9714285714285714,5 HOOK HANGER MAGIC TOADSTOOL,Storage & Furniture,1.65
23325,35,34,0.9714285714285714,RUSTIC STRAWBERRY JAM POT SMALL,Garden & Outdoor,1.65
75049L,205,199,0.9707317073170731,LARGE CIRCULAR MIRROR MOBILE,Home Decor & Lighting,2.51
84876B,34,33,0.9705882352941176,GREEN HEART COMPACT MIRROR,Decor & Gifts,7.46
85125,34,33,0.9705882352941176,SMALL ROUND CUT GLASS CANDLESTICK,Home Decor & Lighting,3.36
21586,68,66,0.9705882352941176,KINGS CHOICE GIANT TUBE MATCHES,Textiles & Covers,2.55
85135C,68,66,0.9705882352941176,RED DRAGONFLY HELICOPTER,Other,8.47
22060,34,33,0.9705882352941176,LARGE CAKE STAND HANGING HEARTS,Decor & Gifts,9.95
48116,202,196,0.9702970297029703,DOORMAT MULTICOLOUR STRIPE,Decor & Gifts,6.75
23283,234,227,0.9700854700854701,DOORMAT VINTAGE LEAVES DESIGN ,Decor & Gifts,7.95
84929,66,64,0.9696969696969697,ASSTD FRUIT+FLOWERS FRIDGE MAGNETS,Garden & Outdoor,0.55
84968A,98,95,0.9693877551020408,SET OF 16 VINTAGE ROSE CUTLERY,Kitchen & Tableware,25.49
84968F,65,63,0.9692307692307692,SET OF 16 VINTAGE SKY BLUE CUTLERY,Kitchen & Tableware,25.49
20934,32,31,0.96875,SET/3 POT PLANT CANDLES,Home Decor & Lighting,11.02
84826,32,31,0.96875,ASSTD DESIGN 3D PAPER STICKERS,Decor & Gifts,0.21
85163A,32,31,0.96875,WHITE BAROQUE WALL CLOCK ,Decor & Gifts,12.75
72800D,32,31,0.96875,4 BLUE DINNER CANDLES SILVER FLOCK,Home Decor & Lighting,2.55
21973,31,30,0.967741935483871,SET OF 36 MUSHROOM PAPER DOILIES,Stationery,1.45
35001G,30,29,0.9666666666666667,HAND OPEN SHAPE GOLD,Stationery,4.25
21054,30,29,0.9666666666666667,NURSE'S BAG SOFT TOY,Bags & Carriers,8.95
21279,30,29,0.9666666666666667,VINTAGE KITCHEN PRINT FRUITS,Kitchen & Tableware,5.06
85214,60,58,0.9666666666666667,TUB 24 PINK FLOWER PEGS,Garden & Outdoor,1.65
84531A,30,29,0.9666666666666667,PINK KNITTED EGG COSY,Easter & Spring,0.39
23458,30,29,0.9666666666666667,DOLLY CABINET 3 DRAWERS ,Storage & Furniture,14.95
21359,30,29,0.9666666666666667,RELAX LARGE WOOD LETTERS,Other,15.95
71477,320,309,0.965625,COLOUR GLASS. STAR T-LIGHT HOLDER,Home Decor & Lighting,6.77
84531B,29,28,0.9655172413793104,BLUE KNITTED EGG COSY,Easter & Spring,0.39
47591B,58,56,0.9655172413793104,SCOTTIES CHILDRENS APRON,Toys & Children,1.66
84507C,29,28,0.9655172413793104,BLUE CIRCLES DESIGN MONKEY DOLL,Decor & Gifts,2.55
23113,57,55,0.9649122807017544,PANTRY CHOPPING BOARD,Other,4.95
21682,56,54,0.9642857142857143,LARGE MEDINA STAMPED METAL BOWL ,Decor & Gifts,4.95
23531,112,108,0.9642857142857143,WALL ART BIG LOVE ,Decor & Gifts,6.95
47021G,28,27,0.9642857142857143,SET/6 BEAD COASTERS GAUZE BAG GOLD,Bags & Carriers,1.25
84917,28,27,0.9642857142857143,WHITE HAND TOWEL WITH BUTTERFLY,Textiles & Covers,4.21
85103,28,27,0.9642857142857143,SILVER T-LIGHT SETTING,Home Decor & Lighting,5.91
37327,84,81,0.9642857142857143,ASSTD MULTICOLOUR CIRCLES MUG,Kitchen & Tableware,5.91
22040,28,27,0.9642857142857143,BOTANICAL ROSE GIFT WRAP,Stationery,0.42
22825,28,27,0.9642857142857143,DECORATIVE PLANT POT WITH FRIEZE,Garden & Outdoor,7.95
35637A,28,27,0.9642857142857143,IVORY STRING CURTAIN WITH POLE ,Accessories & Jewellery,1.95
22618,28,27,0.9642857142857143,COOKING SET RETROSPOT,Garden & Outdoor,9.95
22719,111,107,0.963963963963964,GUMBALL MONOCHROME COAT RACK,Organizers & Racks,2.51
37413,82,79,0.9634146341463414,,Other,0.0
35599B,27,26,0.9629629629629629,BLACK CHRISTMAS TREE 120CM,Seasonal / Holiday,5.91
21587,27,26,0.9629629629629629,COSY HOUR GIANT TUBE MATCHES,Textiles & Covers,2.55
90200C,27,26,0.9629629629629629,BLUE SWEETHEART BRACELET,Decor & Gifts,4.24
22856,27,26,0.9629629629629629,ASSORTED EASTER DECORATIONS  BELLS,Decor & Gifts,1.25
21662,27,26,0.9629629629629629,VINTAGE GLASS COFFEE CADDY,Kitchen & Tableware,11.87
20734,27,26,0.9629629629629629,SILVER MINI TAPE MEASURE ,Utility & DIY,2.51
35810B,27,26,0.9629629629629629,ENAMEL BLUE RIM COFFEE CONTAINER,Storage & Furniture,2.1
21631,27,26,0.9629629629629629,HIPPY CHIC DECORATIVE PARASOL,Other,3.95
22526,81,78,0.9629629629629629,WHEELBARROW FOR CHILDREN ,Kitchen & Tableware,25.49
21100,27,26,0.9629629629629629,CHARLIE AND LOLA CHARLOTTE BAG,Bags & Carriers,4.21
85200,27,26,0.9629629629629629,BUNNY EGG BOX,Storage & Furniture,1.25
35653,54,52,0.9629629629629629,VINTAGE BEAD NOTEBOOK,Stationery,5.91
23681,132,127,0.9621212121212122,LUNCH BAG RED VINTAGE DOILY,Bags & Carriers,1.65
20893,26,25,0.9615384615384616,HANGING BAUBLE T-LIGHT HOLDER SMALL,Decor & Gifts,5.06
22168,78,75,0.9615384615384616,ORGANISER WOOD ANTIQUE WHITE ,Other,8.5
22459,26,25,0.9615384615384616,CAST IRON HOOK GARDEN TROWEL,Storage & Furniture,5.06
21082,26,25,0.9615384615384616,SET/20 FRUIT SALAD PAPER NAPKINS ,Stationery,1.63
22353,26,25,0.9615384615384616,,Other,0.0
23412,78,75,0.9615384615384616,HEART MIRROR ANTIQUE WHITE,Decor & Gifts,7.5
23009,103,99,0.9611650485436893,I LOVE LONDON BABY GIFT SET,Decor & Gifts,16.95
22062,77,74,0.961038961038961,CERAMIC BOWL WITH LOVE HEART DESIGN,Decor & Gifts,0.83
21064,101,97,0.9603960396039604,BOOM BOX SPEAKER BOYS,Storage & Furniture,5.95
21830,101,97,0.9603960396039604,ASSORTED CREEPY CRAWLIES,Other,0.42
84192,25,24,0.96,ASSORTED COLOUR METAL CAT ,Decor & Gifts,1.25
84051,25,24,0.96,ASS COLOUR GLOWING TIARAS,Other,0.85
21632,25,24,0.96,VINTAGE PINK DECORATIVE PARASOL,Stationery,8.47
21647,25,24,0.96,ASSORTED TUTTI FRUTTI LARGE PURSE,Bags & Carriers,2.1
23045,25,24,0.96,PAPER LANTERN 5 POINT STAR MOON 30,Home Decor & Lighting,4.15
23044,25,24,0.96,PAPER LANTERN 9 POINT HOLLY STAR S,Home Decor & Lighting,4.15
21137,375,360,0.96,BLACK RECORD COVER FRAME,Home Decor & Lighting,7.62
84600,25,24,0.96,NEW BAROQUE JEWELLERY BOX ,Storage & Furniture,16.13
21202,25,24,0.96,DOLLY HONEYCOMB GARLAND,Other,0.65
85230G,25,24,0.96,ORANGE VOTIVE CANDLE,Home Decor & Lighting,0.21
23023,25,24,0.96,RIDGED BONNE JAM JAR T-LIGHT HOLDER,Home Decor & Lighting,1.65
90192,25,24,0.96,JADE DROP EARRINGS W FILIGREE,Accessories & Jewellery,5.09
23084,1007,966,0.9592850049652433,RABBIT NIGHT LIGHT,Home Decor & Lighting,2.08
85230E,24,23,0.9583333333333334,STRAWBRY SCENTED VOTIVE CANDLE,Home Decor & Lighting,0.29
21694,24,23,0.9583333333333334,SMALL REGAL  SILVER CANDLEPOT ,Home Decor & Lighting,5.79
21904,24,23,0.9583333333333334,HOUSE WRECKING METAL SIGN ,Decor & Gifts,2.1
90003C,24,23,0.9583333333333334,MIDNIGHT BLUE PAIR HEART HAIR SLIDE,Decor & Gifts,3.75
46000S,190,182,0.9578947368421052,POLYESTER FILLER PAD 40x40cm,Other,1.45
21258,166,159,0.9578313253012049,VICTORIAN SEWING BOX LARGE,Storage & Furniture,25.49
C2,142,136,0.9577464788732394,CARRIAGE,Other,50.0
23268,94,90,0.9574468085106383,SET OF 2 CERAMIC CHRISTMAS REINDEER,Kitchen & Tableware,1.45
23135,47,45,0.9574468085106383,SMALL ZINC HEART WALL ORGANISER,Decor & Gifts,5.75
21749,140,134,0.9571428571428572,LARGE RED RETROSPOT WINDMILL,Garden & Outdoor,2.1
23081,139,133,0.9568345323741008,GREEN METAL BOX ARMY SUPPLIES,Decor & Gifts,8.25
84507B,23,22,0.9565217391304348,STRIPES DESIGN MONKEY DOLL,Decor & Gifts,4.96
23462,46,44,0.9565217391304348,ROCOCO WALL MIRROR WHITE,Decor & Gifts,19.95
77101A,23,22,0.9565217391304348,UNION FLAG WINDSOCK,Souvenirs & Travel,1.25
23429,23,22,0.9565217391304348,RED RETRO KITCHEN WALL CLOCK,Decor & Gifts,8.15
84595E,23,22,0.9565217391304348,LARGE TORTILLA DESIGN RED BOWL,Decor & Gifts,3.75
23137,23,22,0.9565217391304348,ZINC WIRE SWEETHEART LETTER TRAY,Decor & Gifts,7.46
84078A,155,148,0.9548387096774194,SET/4 WHITE RETRO STORAGE CUBES ,Storage & Furniture,34.95
21027,44,42,0.9545454545454546,NINJA RABBIT PINK,Other,1.25
22033,22,21,0.9545454545454546,BOTANICAL ROSE GREETING CARD,Storage & Furniture,0.42
23017,22,21,0.9545454545454546,APOTHECARY MEASURING JAR,Storage & Furniture,12.5
20760,22,21,0.9545454545454546,GARDEN PATH POCKET BOOK,Garden & Outdoor,0.85
84313C,44,42,0.9545454545454546,ORANGE TV TRAY TABLE ,Kitchen & Tableware,16.98
21738,22,21,0.9545454545454546,COSY SLIPPER SHOES SMALL  RED ,Other,2.95
23487,44,42,0.9545454545454546,SWEET HEART CAKE CARRIER,Decor & Gifts,9.95
20704,44,42,0.9545454545454546,MR ROBOT SOFT TOY,Toys & Children,6.95
84685,22,21,0.9545454545454546,BEACH HUT KEY CABINET,Storage & Furniture,7.62
16161G,22,21,0.9545454545454546,WRAP BAD HAIR DAY,Stationery,0.1
84660A,43,41,0.9534883720930233,WHITE STITCHED WALL CLOCK,Decor & Gifts,1.25
85106,21,20,0.9523809523809523,CUT GLASS HEXAGON T-LIGHT HOLDER,Home Decor & Lighting,4.21
23040,41,39,0.9512195121951219,PAPER LANTERN 9 POINT SNOW STAR ,Home Decor & Lighting,5.75
46000M,142,135,0.9507042253521126,POLYESTER FILLER PAD 45x45cm,Other,1.55
20941,20,19,0.95,FROG CANDLE,Home Decor & Lighting,2.51
22876,20,19,0.95,NUMBER TILE COTTAGE GARDEN 8,Garden & Outdoor,1.95
21319,20,19,0.95,GLASS CHALICE GREEN  SMALL ,Mirrors & Frames,3.36
21269,20,19,0.95,ANTIQUE CREAM CUTLERY SHELF ,Kitchen & Tableware,8.5
90022,20,19,0.95,EDWARDIAN DROP EARRINGS JET BLACK,Accessories & Jewellery,3.81
84247L,20,19,0.95,FAWN AND MUSHROOM GREETING CARD,Storage & Furniture,0.85
85141,40,38,0.95,JARDIN ETCHED GLASS FRUITBOWL,Storage & Furniture,10.75
35933,20,19,0.95,PINK STOCKING CHRISTMAS DECORATION,Decor & Gifts,4.21
23348,174,165,0.9482758620689655,CHILDRENS TOY COOKING UTENSIL SET,Toys & Children,4.13
79321,667,632,0.9475262368815592,CHILLI LIGHTS,Home Decor & Lighting,4.95
85215,19,18,0.9473684210526315,ASSORTED CHEESE FRIDGE MAGNETS,Utility & DIY,1.27
82613A,19,18,0.9473684210526315,"METAL SIGN,CUPCAKE SINGLE HOOK",Decor & Gifts,1.25
22038,19,18,0.9473684210526315,BOTANICAL LAVENDER GIFT WRAP ,Stationery,0.42
51020A,19,18,0.9473684210526315,SUMMER FUN DESIGN SHOWER CAP,Decor & Gifts,0.29
90190C,19,18,0.9473684210526315,SILVER/AMETHYST DROP EARRINGS LEAF,Accessories & Jewellery,2.96
72799C,19,18,0.9473684210526315,PINK PILLAR CANDLE SILVER FLOCK,Home Decor & Lighting,2.95
21420,19,18,0.9473684210526315,OYSTER TRINKET BOX,Storage & Furniture,6.77
84877D,19,18,0.9473684210526315,BLUE ROUND COMPACT MIRROR,Home Decor & Lighting,3.75
16207B,19,18,0.9473684210526315,PINK HEART RED HANDBAG,Decor & Gifts,5.79
20664,19,18,0.9473684210526315,TROPICAL HOLIDAY PURSE ,Bags & Carriers,2.46
23071,19,18,0.9473684210526315,MARIE ANTOINETTE TRINKET BOX GOLD,Storage & Furniture,6.5
21143,37,35,0.9459459459459459,ANTIQUE GLASS HEART DECORATION ,Decor & Gifts,1.95
22687,55,52,0.9454545454545454,DOORMAT CHRISTMAS VILLAGE,Decor & Gifts,7.95
84663A,36,34,0.9444444444444444,GRASS HOPPER WOODEN WALL CLOCK ,Decor & Gifts,5.91
85230A,18,17,0.9444444444444444,OPIUM SCENTED VOTIVE CANDLE,Home Decor & Lighting,0.29
16207A,36,34,0.9444444444444444,PINK STRAWBERRY HANDBAG ,Bags & Carriers,2.46
48189,18,17,0.9444444444444444,DOORMAT FRIENDSHIP ,Decor & Gifts,16.98
72801D,18,17,0.9444444444444444,4 SKY BLUE DINNER CANDLES,Home Decor & Lighting,2.46
84989A,18,17,0.9444444444444444,75 GREEN FAIRY CAKE CASES,Kitchen & Tableware,0.55
90145,18,17,0.9444444444444444,SILVER HOOP EARRINGS WITH FLOWER,Accessories & Jewellery,5.95
16156L,18,17,0.9444444444444444,"WRAP, CAROUSEL",Stationery,0.42
85213,35,33,0.9428571428571428,MINI  ZINC GARDEN DECORATIONS ,Decor & Gifts,1.66
21804,69,65,0.9420289855072463,WHITE CHRISTMAS GARLAND STARS TREES,Seasonal / Holiday,3.29
22503,34,32,0.9411764705882353,CABIN BAG VINTAGE PAISLEY,Bags & Carriers,29.95
85104,17,16,0.9411764705882353,SILVER GLASS T-LIGHT SET,Home Decor & Lighting,2.95
84452,17,16,0.9411764705882353,METAL RABBIT LADDER EASTER ,Decor & Gifts,0.85
22688,34,32,0.9411764705882353,DOORMAT PEACE ON EARTH BLUE,Decor & Gifts,7.95
21488,17,16,0.9411764705882353,RED WHITE SCARF  HOT WATER BOTTLE,Kitchen & Tableware,8.47
84247E,51,48,0.9411764705882353,PACK OF 12 CHRISTMAS FUN CARDS,Seasonal / Holiday,2.46
22783,34,32,0.9411764705882353,SET 3 WICKER OVAL BASKETS W LIDS,Storage & Furniture,7.95
20936,34,32,0.9411764705882353,FORKED CACTUS CANDLE,Home Decor & Lighting,5.91
85096,17,16,0.9411764705882353,HILDA CANDY SPOT RABBIT,Garden & Outdoor,7.62
21644,34,32,0.9411764705882353,ASSORTED TUTTI FRUTTI HEART BOX,Decor & Gifts,1.25
21635,17,16,0.9411764705882353,MADRAS NOTEBOOK LARGE ,Stationery,1.25
84711A,17,16,0.9411764705882353,SILVER OVAL SHAPE TRINKET BOX,Storage & Furniture,5.79
72225C,17,16,0.9411764705882353,LAVENDER SCENT CAKE CANDLE,Home Decor & Lighting,0.29
90209C,33,31,0.9393939393939394,PINK ENAMEL+GLASS HAIR COMB,Mirrors & Frames,2.11
22049,33,31,0.9393939393939394,WRAP CHRISTMAS SCREEN PRINT,Seasonal / Holiday,0.42
90205A,16,15,0.9375,LARGE MINT DIAMANTE HAIRSLIDE,Other,1.69
90010E,16,15,0.9375,AMBER GLASS/SILVER BRACELET,Accessories & Jewellery,9.15
37479P,32,30,0.9375,CUBIC MUG FLOCK PINK ON BROWN,Kitchen & Tableware,0.39
23069,32,30,0.9375,EDWARDIAN PHOTO FRAME,Home Decor & Lighting,6.25
47570B,32,30,0.9375,TEA TIME TABLE CLOTH,Kitchen & Tableware,10.65
84688,16,15,0.9375,BEACH HUT DESIGN BLACKBOARD,Decor & Gifts,8.47
90010A,16,15,0.9375,MIDNIGHT BLUE GLASS/SILVER BRACELET,Accessories & Jewellery,8.95
21360,16,15,0.9375,JOY LARGE WOOD LETTERS,Other,9.95
79030D,48,45,0.9375,"TUMBLER, BAROQUE",Kitchen & Tableware,12.46
21067,80,75,0.9375,VINTAGE RED TEATIME MUG,Kitchen & Tableware,2.51
23561,16,15,0.9375,SET OF 6 RIBBONS PARTY,Craft & Hobby,2.89
79302M,63,59,0.9365079365079365,"ART LIGHTS,FUNK MONKEY",Home Decor & Lighting,5.79
22803,31,29,0.9354838709677419,IVORY EMBROIDERED QUILT ,Other,35.75
21911,31,29,0.9354838709677419,GARDEN METAL SIGN ,Decor & Gifts,3.36
84968E,46,43,0.9347826086956522,SET OF 16 VINTAGE BLACK CUTLERY,Kitchen & Tableware,25.49
22444,61,57,0.9344262295081968,GROW YOUR OWN PLANT IN A CAN ,Garden & Outdoor,2.51
16046,15,14,0.9333333333333333,TEATIME PEN CASE & PENS,Kitchen & Tableware,0.85
40003,15,14,0.9333333333333333,WHITE BAMBOO RIBS LAMPSHADE,Home Decor & Lighting,1.25
22164,15,14,0.9333333333333333,STRING OF STARS CARD HOLDER,Accessories & Jewellery,2.95
20837,15,14,0.9333333333333333,FRENCH FLORAL CUSHION COVER ,Textiles & Covers,0.83
90058B,15,14,0.9333333333333333,CRYSTAL STUD EARRINGS ASSORTED COL ,Accessories & Jewellery,0.38
51020B,15,14,0.9333333333333333,STRIPY DESIGN SHOWER CAP,Decor & Gifts,0.29
37489A,15,14,0.9333333333333333,YELLOW/PINK FLOWER DESIGN BIG MUG,Decor & Gifts,1.95
18007,30,28,0.9333333333333333,ESSENTIAL BALM 3.5g TIN IN ENVELOPE,Storage & Furniture,0.43
84944,88,82,0.9318181818181818,SET OF 6 KASHMIR FOLKART BAUBLES,Craft & Hobby,4.25
35914,43,40,0.9302325581395349,PINK CHICK EGG WARMER + EGG CUP,Kitchen & Tableware,2.1
84766,14,13,0.9285714285714286,SILVER ROCOCO CANDLE STICK,Home Decor & Lighting,1.95
22137,14,13,0.9285714285714286,BATHROOM SET LOVE HEART DESIGN,Decor & Gifts,2.95
90122A,14,13,0.9285714285714286,PINK CRYSTAL+GLASS BRACELET,Accessories & Jewellery,5.09
23578,14,13,0.9285714285714286,SNACK TRAY RED GINGHAM,Kitchen & Tableware,1.95
85145,14,13,0.9285714285714286,JARDIN ETCHED GLASS LARGE BELL JAR,Storage & Furniture,12.75
22451,55,51,0.9272727272727272,SILK PURSE BABUSHKA RED,Bags & Carriers,3.35
21898,27,25,0.9259259259259259,POTTING SHED ROSE CANDLE,Home Decor & Lighting,2.46
46000U,27,25,0.9259259259259259,POLYESTER FILLER PAD 30CMx30CM,Other,1.25
POST,1130,1046,0.9256637168141593,POSTAGE,Stationery,18.0
22415,13,12,0.9230769230769231,WHITE TISSUE REAM,Other,7.95
84358,13,12,0.9230769230769231,FLOOR LAMP SHADE WOOD BASE,Home Decor & Lighting,9.95
84927E,13,12,0.9230769230769231,FLOWERS TILE HOOK,Storage & Furniture,4.21
84711B,13,12,0.9230769230769231,PINK OVAL SHAPE TRINKET BOX,Storage & Furniture,5.79
90160C,26,24,0.9230769230769231,TURQ+RED BOUDICCA LARGE BRACELET,Accessories & Jewellery,6.95
84823,26,24,0.9230769230769231,DANISH ROSE FOLDING CHAIR,Other,7.95
84678,13,12,0.9230769230769231,CLASSICAL ROSE SMALL VASE,Retro & Vintage,2.55
47013C,13,12,0.9230769230769231,WINE BOTTLE DRESSING DARK BLUE,Kitchen & Tableware,0.83
23579,38,35,0.9210526315789473,SNACK TRAY I LOVE LONDON,Decor & Gifts,1.95
16015,25,23,0.92,MEDIUM CHINESE STYLE SCISSOR,Other,0.5
85211,25,23,0.92,S/4 GROOVY CAT MAGNETS,Utility & DIY,3.36
85135B,48,44,0.9166666666666666,BLUE DRAGONFLY HELICOPTER,Other,7.95
20748,36,33,0.9166666666666666,,Other,0.0
21651,12,11,0.9166666666666666,HANGING GLASS ETCHED TEALIGHT,Decor & Gifts,3.36
90160D,12,11,0.9166666666666666,PINK BOUDICCA LARGE BRACELET,Accessories & Jewellery,7.07
79163,36,33,0.9166666666666666,BLACK CHAMPAGNE GLASS,Mirrors & Frames,0.39
84683,12,11,0.9166666666666666,CLASSICAL ROSE CANDLESTAND,Home Decor & Lighting,0.65
21476,24,22,0.9166666666666666,STEEL SWEETHEART ROUND TABLE CREAM,Decor & Gifts,14.95
17096,24,22,0.9166666666666666,ASSORTED LAQUERED INCENSE HOLDERS,Utility & DIY,0.43
84522,12,11,0.9166666666666666,PINK PARTY SUNGLASSES,Mirrors & Frames,1.95
22777,59,54,0.9152542372881356,GLASS CLOCHE LARGE,Mirrors & Frames,16.98
21784,47,43,0.9148936170212766,SHOE SHINE BOX ,Storage & Furniture,9.95
21841,23,21,0.9130434782608695,BABY MOUSE RED GINGHAM DRESS,Toys & Children,4.25
37479B,23,21,0.9130434782608695,CUBIC MUG FLOCK BLUE ON BROWN,Kitchen & Tableware,2.55
84535A,23,21,0.9130434782608695,ENGLISH ROSE NOTEBOOK A6 SIZE,Stationery,1.46
84352,23,21,0.9130434782608695,SILVER CHRISTMAS TREE BAUBLE STAND ,Seasonal / Holiday,16.95
20697,11,10,0.9090909090909091,LITTLE GREEN MONSTER SOFT TOY,Toys & Children,2.55
85019C,11,10,0.9090909090909091,CURIOUS  IMAGES NOTEBOOK SET,Stationery,8.47
90040B,11,10,0.9090909090909091,MURANO STYLE GLASS BRACELET BLACK,Accessories & Jewellery,3.5
90185D,11,10,0.9090909090909091,CRYSTAL DIAMANTE EXPANDABLE RING,Accessories & Jewellery,4.24
90057,22,20,0.9090909090909091,DIAMANTE RING ASSORTED IN BOX.,Storage & Furniture,1.25
90082B,11,10,0.9090909090909091,DIAMANTE BOW BROOCH RED COLOUR,Other,6.35
85026B,11,10,0.9090909090909091,EAU DE NILE JEWELLED T-LIGHT HOLDER,Home Decor & Lighting,0.85
85197,21,19,0.9047619047619048,SET OF 12 MINI BUNNIES IN A BUCKET,Craft & Hobby,2.1
35968,21,19,0.9047619047619048,FOLK ART METAL HEART T-LIGHT HOLDER,Decor & Gifts,0.38
62018,61,55,0.9016393442622951,SOMBRERO ,Other,1.95
37444C,10,9,0.9,PINK BREAKFAST CUP AND SAUCER ,Kitchen & Tableware,5.91
84746,10,9,0.9,PINK EASTER HENS+FLOWER,Garden & Outdoor,3.75
23544,20,18,0.9,WALL ART MID CENTURY MODERN ,Decor & Gifts,3.95
21324,30,27,0.9,HANGING MEDINA LANTERN SMALL,Decor & Gifts,5.91
84360,20,18,0.9,TABLE LAMP WHITE SHADE WOOD BASE,Home Decor & Lighting,5.95
82011C,20,18,0.9,BATHROOM SCALES FOOTPRINTS IN SAND,Textiles & Covers,3.75
84925D,10,9,0.9,LA PALMIERA WALL THERMOMETER,Decor & Gifts,2.55
gift_0001_20,10,9,0.9,Dotcomgiftshop Gift Voucher £20.00,Craft & Hobby,16.67
35913B,10,9,0.9,WHITE/PINK CHICK EASTER DECORATION,Decor & Gifts,0.85
90194,10,9,0.9,SILVER LARIAT BLACK STONE EARRINGS,Accessories & Jewellery,4.24
35922,10,9,0.9,EASTER BUNNY WREATH,Easter & Spring,4.95
84247K,10,9,0.9,"FOLK ART GREETING CARD,pack/12",Storage & Furniture,2.95
84226,10,9,0.9,HEN HOUSE W FAMILY IN BARN & NEST,Decor & Gifts,0.85
84306,10,9,0.9,,Other,0.0
23134,40,36,0.9,LARGE ZINC HEART WALL ORGANISER,Decor & Gifts,8.25
90210A,10,9,0.9,GREY ACRYLIC FACETED BANGLE,Other,2.95
90191,10,9,0.9,SILVER LARIAT 40CM,Other,12.48
22802,49,44,0.8979591836734694,FAUX FUR CHOCOLATE THROW,Other,19.95
35004C,39,35,0.8974358974358975,SET OF 3 COLOURED  FLYING DUCKS,Craft & Hobby,5.45
85107,29,26,0.896551724137931,CUT GLASS T-LIGHT HOLDER OCTAGON,Home Decor & Lighting,2.55
37467,19,17,0.8947368421052632,PIG MUG IN TWO COLOUR DESIGNS,Decor & Gifts,0.85
21664,19,17,0.8947368421052632,RIDGED GLASS STORAGE JAR CREAM LID,Storage & Furniture,3.75
85008,9,8,0.8888888888888888,SET OF 3 CONEY ISLAND OVAL BOXES,Storage & Furniture,4.95
20731,18,16,0.8888888888888888,POSY CANDY BAG,Bags & Carriers,0.83
84725,18,16,0.8888888888888888,FREESTYLE CANVAS ART PICTURE,Other,1.65
84800S,9,8,0.8888888888888888,SMALL WHITE/PINK ROSE ART FLOWER,Garden & Outdoor,1.25
35819B,27,24,0.8888888888888888,"ACRYLIC HANGING JEWEL,BLUE",Decor & Gifts,0.38
16014,54,48,0.8888888888888888,SMALL CHINESE STYLE SCISSOR,Other,0.42
17091A,27,24,0.8888888888888888,LAVENDER INCENSE IN TIN,Storage & Furniture,1.25
23304,9,8,0.8888888888888888,SET 4 PICNIC CUTLERY CHERRY ,Kitchen & Tableware,1.95
85006,9,8,0.8888888888888888,SET 4 NURSERY DES ROUND BOXES,Storage & Furniture,2.95
85198,9,8,0.8888888888888888,ASSORTED FARMYARD ANIMALS IN BUCKET,Animal & Pet,0.85
78124,18,16,0.8888888888888888,MAGAZINE RACK GEBRA ASSORTED ,Organizers & Racks,1.25
gift_0001_10,9,8,0.8888888888888888,Dotcomgiftshop Gift Voucher £10.00,Craft & Hobby,8.33
84508A,36,32,0.8888888888888888,CAMOUFLAGE DESIGN TEDDY,Decor & Gifts,2.1
72131,18,16,0.8888888888888888,COLUMBIAN CANDLE RECTANGLE,Home Decor & Lighting,1.95
23015,18,16,0.8888888888888888,CORDIAL GLASS JUG,Mirrors & Frames,8.25
90180A,9,8,0.8888888888888888,BLACK+WHITE NECKLACE W TASSEL,Accessories & Jewellery,9.95
79026B,9,8,0.8888888888888888,"S/4 ICON COASTER,ELVIS LIVES",Beach & Summer,1.25
90183C,9,8,0.8888888888888888,BLACK DROP EARRINGS W LONG BEADS,Accessories & Jewellery,2.9
90033,9,8,0.8888888888888888,IVORY SHELL HEART EARRINGS,Decor & Gifts,2.54
90210D,8,7,0.875,PURPLE ACRYLIC FACETED BANGLE,Other,1.25
90212B,8,7,0.875,JET BLACK LAS VEGAS BRACELET ROUND,Accessories & Jewellery,3.81
20835,8,7,0.875,FRENCH LATTICE CUSHION COVER ,Textiles & Covers,0.83
46126A,8,7,0.875,ELVIS WALLHANGING / CURTAIN,Decor & Gifts,1.25
90124C,8,7,0.875,GREEN MURANO TWIST NECKLACE,Accessories & Jewellery,9.95
85216,8,7,0.875,ASSORTED CAKES FRIDGE MAGNETS,Kitchen & Tableware,0.65
21421,16,14,0.875,,Other,0.0
21393,8,7,0.875,BLUE POLKADOT PUDDING BOWL,Kitchen & Tableware,2.1
90063A,8,7,0.875,WHITE VINT ART DECO CRYSTAL NECKLAC,Other,8.5
90081A,8,7,0.875,LILY BROOCH AMETHYST COLOUR,Other,4.95
gift_0001_30,8,7,0.875,Dotcomgiftshop Gift Voucher £30.00,Craft & Hobby,25.0
79406,8,7,0.875,FROSTED WHITE BASE ,Other,0.83
23463,8,7,0.875,VINTAGE ZINC WATERING CAN,Kitchen & Tableware,9.95
72811,8,7,0.875,SMALL ZINC/GLASS CANDLEHOLDER,Home Decor & Lighting,1.25
84497,8,7,0.875,BUTTONS AND STRIPES NOTEBOOK ,Stationery,3.75
20878,8,7,0.875,SET/9 CHRISTMAS T-LIGHTS SCENTED ,Home Decor & Lighting,1.25
90178A,8,7,0.875,AMBER CHUNKY GLASS+BEAD NECKLACE,Accessories & Jewellery,11.95
21445,24,21,0.875,12 PINK ROSE PEG PLACE SETTINGS,Storage & Furniture,1.25
72127,31,27,0.8709677419354839,COLUMBIAN CANDLE ROUND ,Home Decor & Lighting,1.25
22655,38,33,0.868421052631579,VINTAGE RED KITCHEN CABINET,Storage & Furniture,125.0
84741C,15,13,0.8666666666666667,CITRUS GARLAND FELT FLOWERS ,Garden & Outdoor,1.95
20894,15,13,0.8666666666666667,HANGING BAUBLE T-LIGHT HOLDER LARGE,Decor & Gifts,2.95
23022,22,19,0.8636363636363636,SMALL BONNE JAM JAR  T-LIGHT HOLDER,Home Decor & Lighting,2.08
35965,80,69,0.8625,FOLKART HEART NAPKIN RINGS,Decor & Gifts,3.36
47593A,14,12,0.8571428571428571,CAROUSEL PONIES BABY BIB,Toys & Children,1.25
37444A,21,18,0.8571428571428571,YELLOW BREAKFAST CUP AND SAUCER,Kitchen & Tableware,2.95
17011F,7,6,0.8571428571428571,ORIGAMI SANDLEWOOD INCENSE+FLOWER,Garden & Outdoor,2.1
84033,7,6,0.8571428571428571,FLAG OF ST GEORGE ,Souvenirs & Travel,1.65
21686,21,18,0.8571428571428571,MEDINA STAMPED METAL STOOL,Decor & Gifts,39.95
84549,7,6,0.8571428571428571,CROCHET WHITE RABBIT KEYRING ,Accessories & Jewellery,3.29
90067A,7,6,0.8571428571428571,PINK VINTAGE VICTORIAN EARRINGS,Accessories & Jewellery,2.9
90104,14,12,0.8571428571428571,PURPLE FRANGIPANI HAIRCLIP,Utility & DIY,0.83
90051,7,6,0.8571428571428571,CRACKED GLAZE NECKLACE RED,Accessories & Jewellery,6.95
21777,7,6,0.8571428571428571,RECIPE BOX WITH METAL HEART,Decor & Gifts,7.95
37468,14,12,0.8571428571428571,HARDMAN MUG 3 ASSORTED,Kitchen & Tableware,7.46
84827,14,12,0.8571428571428571,ASS DES PHONE SPONGE CRAFT STICKER,Stationery,0.19
23444,80,68,0.85,Next Day Carriage,Other,15.0
21349,13,11,0.8461538461538461,IVY HEART WREATH,Decor & Gifts,13.57
84952C,13,11,0.8461538461538461,MIRROR LOVE BIRD T-LIGHT HOLDER,Decor & Gifts,3.75
85023B,13,11,0.8461538461538461,EAU DE NILE JEWELLED PHOTOFRAME,Home Decor & Lighting,2.55
21275,13,11,0.8461538461538461,ZINC TOP  2 DOOR WOODEN SHELF ,Decor & Gifts,34.0
21307,13,11,0.8461538461538461,SET/4 BUTTERFLY MIRROR MAGNETS,Home Decor & Lighting,0.29
22929,13,11,0.8461538461538461,SCHOOL DESK AND CHAIR ,Office Supplies,65.0
90143,19,16,0.8421052631578947,SILVER BRACELET W PASTEL FLOWER,Accessories & Jewellery,7.5
44236,6,5,0.8333333333333334,PINK/PURPLE CIRCLE CURTAIN,Other,0.79
81950V,6,5,0.8333333333333334,FLOWER PURPLE CLOCK W/SUCKER,Home Decor & Lighting,0.85
47344B,6,5,0.8333333333333334,BLUE FLOWER DES PURSE,Bags & Carriers,1.25
84804B,6,5,0.8333333333333334,BLUE DELPHINIUM ARTIFICIAL FLOWER,Garden & Outdoor,2.95
90130A,6,5,0.8333333333333334,WHITE STONE/CRYSTAL EARRINGS,Accessories & Jewellery,2.95
90123C,6,5,0.8333333333333334,GREEN HEART OF GLASS BRACELET,Decor & Gifts,5.94
84881,6,5,0.8333333333333334,BLUE WIRE SPIRAL CANDLE HOLDER,Home Decor & Lighting,12.72
47469,12,10,0.8333333333333334,ASSORTED SHAPES PHOTO CLIP SILVER ,Home Decor & Lighting,0.65
90124A,6,5,0.8333333333333334,PINK MURANO TWIST NECKLACE,Accessories & Jewellery,9.98
75011,12,10,0.8333333333333334,BLUE DAISY MOBILE,Other,0.79
90042C,6,5,0.8333333333333334,FRESHWATER PEARL BRACELET IVORY,Kitchen & Tableware,2.54
22157,12,10,0.8333333333333334,ANGEL DECORATION WITH LACE PADDED,Decor & Gifts,0.85
35265,12,10,0.8333333333333334,COLOURFUL FLOWER FRUIT BOWL,Kitchen & Tableware,1.95
17136A,18,15,0.8333333333333334,BLUE STONES ON WIRE FOR CANDLE,Home Decor & Lighting,0.21
90122B,6,5,0.8333333333333334,JADE CRYSTAL+GLASS BRACELET,Accessories & Jewellery,4.95
90005A,12,10,0.8333333333333334,JADE GREEN ENAMEL HAIR COMB,Other,2.11
23064,23,19,0.8260869565217391,CINDERELLA CHANDELIER ,Other,99.96
22053,28,23,0.8214285714285714,EMPIRE DESIGN ROSETTE,Decor & Gifts,1.25
90124B,11,9,0.8181818181818182,BLUE MURANO TWIST NECKLACE,Accessories & Jewellery,9.95
23468,11,9,0.8181818181818182,TUSCAN VILLA BIRD TABLE ,Animal & Pet,8.25
21614,11,9,0.8181818181818182,SET OF 12 ROSE BOTANICAL T-LIGHTS,Home Decor & Lighting,2.95
85049B,16,13,0.8125,LUSH GREENS RIBBONS,Craft & Hobby,1.25
21095,16,13,0.8125,SET/6 POSIES PAPER PLATES,Kitchen & Tableware,0.85
90002D,10,8,0.8,FLOWER BURST SILVER RING CRYSTAL,Accessories & Jewellery,3.73
72369A,5,4,0.8,PINK CLEAR GLASS CANDLE PLATE,Home Decor & Lighting,2.46
85146,10,8,0.8,JARDIN ETCHED GLASS SMALL BELL JAR,Storage & Furniture,5.95
81952B,10,8,0.8,ROUND BLUE CLOCK WITH SUCKER,Home Decor & Lighting,0.19
85028L,5,4,0.8,FRENCH CHATEAU LARGE FRUIT BOWL ,Kitchen & Tableware,1.95
44092B,5,4,0.8,BLUE WHITE PLASTIC RINGS LAMPSHADE,Home Decor & Lighting,0.85
35638B,5,4,0.8,PINK/BLUE STRING CURTAIN ,Accessories & Jewellery,1.95
22656,20,16,0.8,VINTAGE BLUE KITCHEN CABINET,Storage & Furniture,295.0
84270,5,4,0.8,ASSTD DESIGN BUBBLE GUM RING,Decor & Gifts,0.21
22034,5,4,0.8,ROBIN CHRISTMAS CARD,Seasonal / Holiday,0.42
90098,10,8,0.8,NECKLACE+BRACELET PINK BUTTERFLY,Accessories & Jewellery,2.55
85185D,10,8,0.8,FROG SOCK PUPPET,Animal & Pet,2.95
79063C,15,12,0.8,"RETRO PILL BOX KEY CHAIN,THE KING",Storage & Furniture,0.19
22987,5,4,0.8,WRAP SUMMER ROSE DESIGN,Decor & Gifts,0.42
17090A,10,8,0.8,LAVENDER INCENSE 40 CONES IN TIN,Storage & Furniture,0.85
90162B,10,8,0.8,ANT SILVER LIME GREEN BOUDICCA RING,Accessories & Jewellery,2.95
10080,24,19,0.7916666666666666,GROOVY CACTUS INFLATABLE,Other,0.39
85027L,19,15,0.7894736842105263,FRENCH CHATEAU LARGE PLATTER ,Kitchen & Tableware,1.95
84906,14,11,0.7857142857142857,PINK B'FLY C/COVER W BOBBLES,Textiles & Covers,5.95
47343A,14,11,0.7857142857142857,FUSCHIA FLOWER PURSE WITH BEADS,Bags & Carriers,1.49
85024C,9,7,0.7777777777777778,PINK SMALL JEWELLED PHOTOFRAME,Home Decor & Lighting,1.65
20778,9,7,0.7777777777777778,GARDEN PATH NOTEBOOK ,Garden & Outdoor,1.65
16162M,9,7,0.7777777777777778,alan hodge cant mamage this section,Other,0.0
20933,9,7,0.7777777777777778,YELLOW POT PLANT CANDLE,Home Decor & Lighting,3.75
79164,22,17,0.7727272727272727,,Other,0.0
84800L,22,17,0.7727272727272727,LARGE WHITE/PINK ROSE ART FLOWER,Garden & Outdoor,1.69
84847,13,10,0.7692307692307693,FLORAL BATHROOM SET,Textiles & Covers,3.75
15030,13,10,0.7692307692307693,FAN BLACK FRAME ,Home Decor & Lighting,0.29
20793,4,3,0.75,BLUE TILED TRAY,Kitchen & Tableware,6.75
35591T,4,3,0.75,TURQUOISE CHRISTMAS TREE ,Seasonal / Holiday,1.25
84534B,12,9,0.75,FAIRY CAKE NOTEBOOK A5 SIZE,Kitchen & Tableware,1.66
90065A,4,3,0.75,WHITE VINTAGE CRYSTAL BRACELET,Accessories & Jewellery,6.75
16169K,8,6,0.75,WRAP FOLK ART,Stationery,0.42
85017C,12,9,0.75,ENVELOPE 50 CURIOUS IMAGES,Other,0.85
21416,4,3,0.75,CLAM SHELL LARGE,Other,3.75
84751B,8,6,0.75,BLACK MEDIUM GLASS CAKE STAND,Kitchen & Tableware,0.79
90142D,4,3,0.75,MOP PENDANT SHELL NECKLACE,Accessories & Jewellery,5.09
84840,8,6,0.75,SWEETHEART CARRY-ALL BASKET,Decor & Gifts,8.5
35910A,4,3,0.75,MULTICOLOUR EASTER RABBIT ,Easter & Spring,1.95
44092C,8,6,0.75,PURPLE/COPPER HANGING LAMPSHADE,Decor & Gifts,0.85
20823,8,6,0.75,GOLD WINE GOBLET,Other,0.79
90025F,4,3,0.75,BAROQUE BUTTERFLY EARRINGS CRYSTAL,Kitchen & Tableware,3.73
17084J,8,6,0.75,LOVE POTION MASALA INCENSE,Decor & Gifts,0.21
84709B,12,9,0.75,PINK OVAL JEWELLED MIRROR,Home Decor & Lighting,5.95
84527,8,6,0.75,FLAMES SUNGLASSES PINK LENSES,Mirrors & Frames,1.95
72821,4,3,0.75,CUPID SCENTED CANDLE IN GLASS,Home Decor & Lighting,1.65
23447,4,3,0.75,PINK BUNNY EASTER EGG BASKET,Storage & Furniture,1.65
79063D,12,9,0.75,,Other,0.0
20695,4,3,0.75,FLORAL BLUE MONSTER,Floral & Planters,4.25
90149,4,3,0.75,SILVER FLOWR PINK SHELL NECKLACE,Accessories & Jewellery,7.5
16248B,8,6,0.75,BLUE HOLE PUNCH,Other,1.25
84804A,8,6,0.75,CREAM DELPHINIUM ARTIFICIAL FLOWER,Garden & Outdoor,2.95
21357,12,9,0.75,TOAST ITS - DINOSAUR,Other,1.25
47013A,4,3,0.75,WINE BOTTLE DRESSING LT.BLUE,Kitchen & Tableware,0.12
84984D,4,3,0.75,ORIENTAL RED CUSHION COVER ,Textiles & Covers,4.65
90209A,4,3,0.75,PURPLE ENAMEL+GLASS HAIR COMB,Mirrors & Frames,2.1
47348A,15,11,0.7333333333333333,FUSCHIA VOILE POINTY SHOE DEC,Other,1.95
51008,22,16,0.7272727272727273,AFGHAN SLIPPER SOCK PAIR,Other,3.45
84800M,11,8,0.7272727272727273,MEDIUM WHITE/PINK ROSE ART FLOWER,Garden & Outdoor,1.69
23024,11,8,0.7272727272727273,LARGE BONNE JAM JAR  T-LIGHT HOLDER,Home Decor & Lighting,2.89
84857C,11,8,0.7272727272727273,PINK MONTE CARLO HANDBAG,Bags & Carriers,16.98
85232B,14,10,0.7142857142857143,SET OF 3 BABUSHKA STACKING TINS,Storage & Furniture,4.95
23442,7,5,0.7142857142857143,12 HANGING EGGS HAND PAINTED,Decor & Gifts,2.08
21473,21,15,0.7142857142857143,SWEETHEART CREAM STEEL TABLE RECT,Decor & Gifts,19.95
75013B,7,5,0.7142857142857143,"STRING OF 8 BUTTERFLIES,PINK",Accessories & Jewellery,1.65
72801G,14,10,0.7142857142857143,,Other,0.0
85018D,7,5,0.7142857142857143,YULETIDE IMAGES S/6 PAPER BOXES,Storage & Furniture,2.55
85031A,7,5,0.7142857142857143,ROMANTIC IMAGES SCRAP BOOK SET,Books & Journals,1.25
90210B,7,5,0.7142857142857143,CLEAR ACRYLIC FACETED BANGLE,Other,1.25
M,294,209,0.7108843537414966,Manual,Other,2.55
22826,41,29,0.7073170731707317,LOVE SEAT ANTIQUE WHITE METAL,Decor & Gifts,175.0
84816,10,7,0.7,DANISH ROSE BEDSIDE CABINET,Storage & Furniture,39.95
84799,10,7,0.7,SPRIG LAVENDER ARTIFICIAL FLOWER,Garden & Outdoor,0.42
21145,10,7,0.7,ANTIQUE GLASS PLACE SETTING,Storage & Furniture,1.25
84922,6,4,0.6666666666666666,PINK BUTTERFLY WASHBAG,Bags & Carriers,4.25
85230F,12,8,0.6666666666666666,JASMINE VOTIVE CANDLE,Home Decor & Lighting,0.29
71050,6,4,0.6666666666666666,SMALL SINGLE FLAME CANDLE HOLDER,Home Decor & Lighting,0.35
84616,9,6,0.6666666666666666,SILVER ROCCOCO CHANDELIER,Other,29.95
22833,6,4,0.6666666666666666,,Other,0.0
21344,6,4,0.6666666666666666,MOROCCAN BEATEN METAL DISH,Decor & Gifts,9.95
20798,6,4,0.6666666666666666,CLEAR MILKSHAKE GLASS,Mirrors & Frames,2.1
82011A,12,8,0.6666666666666666,"BATHROOM SCALES, TROPICAL BEACH",Textiles & Covers,3.75
47351B,9,6,0.6666666666666666,BLUE  VOILE LAMPSHADE,Home Decor & Lighting,2.95
85028S,9,6,0.6666666666666666,FRENCH CHATEAU SMALL FRUITBOWL,Kitchen & Tableware,1.95
17164B,9,6,0.6666666666666666,ASS COL SMALL SAND GECKO P'WEIGHT,Other,0.42
84548,6,4,0.6666666666666666,CROCHET BEAR RED/BLUE  KEYRING,Accessories & Jewellery,1.65
84665,17,11,0.6470588235294118,SQUARE CHERRY BLOSSOM CABINET,Storage & Furniture,5.95
62086A,14,9,0.6428571428571429,PINK RETRO BIG FLOWER BAG,Bags & Carriers,1.95
21117,14,9,0.6428571428571429,BLOND DOLL DOORSTOP,Decor & Gifts,1.25
84806A,11,7,0.6363636363636364,PINK CANDYSTUFT ARTIFICIAL FLOWER,Garden & Outdoor,1.45
75172,8,5,0.625,PAINTED SEA SHELL METAL WINDCHIME,Decor & Gifts,0.79
85167B,8,5,0.625,BLACK GRAND BAROQUE PHOTO FRAME,Home Decor & Lighting,8.47
79149B,8,5,0.625,SILICON STAR BULB  BLUE,Seasonal / Holiday,0.42
17165D,8,5,0.625,ASS COL LARGE SAND FROG P'WEIGHT,Other,1.05
20851,8,5,0.625,ZINC HEART LATTICE TRAY OVAL ,Decor & Gifts,5.95
84809A,8,5,0.625,WHITE CHRYSANTHEMUMS ART FLOWER,Garden & Outdoor,2.1
35819P,8,5,0.625,"ACRYLIC HANGING JEWEL,PINK",Decor & Gifts,1.25
47586A,8,5,0.625,PINK FAIRY CAKE CUSHION COVER,Kitchen & Tableware,2.55
84691,5,3,0.6,,Other,0.0
20785,5,3,0.6,FUSCHIA RETRO BAR STOOL,Kitchen & Tableware,35.95
85135A,10,6,0.6,,Other,0.0
82605,5,3,0.6,OLD DOC RUSSEL METAL SIGN,Decor & Gifts,2.1
90012A,5,3,0.6,MIDNIGHT BLUE DROP CRYSTAL NECKLACE,Accessories & Jewellery,10.2
21761,10,6,0.6,WOOD AND GLASS MEDICINE CABINET,Storage & Furniture,29.95
84629,10,6,0.6,WHITE 3 FRAME BIRDS AND TREE ,Home Decor & Lighting,21.95
90196B,5,3,0.6,BLACK GEMSTONE NECKLACE 45CM,Accessories & Jewellery,12.75
85089,5,3,0.6,CANDY SPOT BUNNY,Garden & Outdoor,2.95
23440,5,3,0.6,PAINT YOUR OWN EGGS IN CRATE,Easter & Spring,2.08
22827,27,16,0.5925925925925926,RUSTIC  SEVENTEEN DRAWER SIDEBOARD,Storage & Furniture,165.0
84750B,12,7,0.5833333333333334,BLACK SMALL GLASS CAKE STAND,Kitchen & Tableware,1.95
22039,7,4,0.5714285714285714,BOTANICAL LILY GIFT WRAP,Stationery,0.42
21692,7,4,0.5714285714285714,SILVER LATTICE VANILLA CANDLE POT,Home Decor & Lighting,3.75
84465,7,4,0.5714285714285714,15 PINK FLUFFY CHICKS IN BOX,Storage & Furniture,2.95
22828,7,4,0.5714285714285714,REGENCY MIRROR WITH SHUTTERS,Home Decor & Lighting,145.0
16162L,9,5,0.5555555555555556,THE KING GIFT BAG,Bags & Carriers,0.65
21661,6,3,0.5,VINTAGE GLASS TEA CADDY,Kitchen & Tableware,5.95
78034B,6,3,0.5,BLUE NETTING STORAGE HANGER,Storage & Furniture,1.95
16049,6,3,0.5,TEATIME GEL PENS ASST,Kitchen & Tableware,0.12
72709,8,4,0.5,IVORY SCULPTED RND CANDLE ,Home Decor & Lighting,0.85
17109D,6,3,0.5,FLOWER FAIRY INCENSE BOUQUET,Garden & Outdoor,1.69
84925F,15,7,0.4666666666666667,PSYCHEDELIC WALL THERMOMETER,Decor & Gifts,2.55
85045,13,6,0.46153846153846156,GREEN CHRISTMAS TREE STRING 20LIGHT,Home Decor & Lighting,4.95
21348,7,3,0.42857142857142855,PINK SPOTS CHOCOLATE NESTING BOXES ,Storage & Furniture,2.95
90064B,7,3,0.42857142857142855,BLACK VINTAGE  CRYSTAL EARRINGS,Accessories & Jewellery,3.75
84388,7,3,0.42857142857142855,WISE MAN STAR SHAPE EGG PAN,Seasonal / Holiday,1.65
22823,14,6,0.42857142857142855,CHEST NATURAL WOOD 20 DRAWERS,Storage & Furniture,110.0
22830,7,3,0.42857142857142855,,Other,0.0
40046A,7,3,0.42857142857142855,RED DAISY PAPER LAMPSHADE,Home Decor & Lighting,1.25
35815P,7,3,0.42857142857142855,"ACRYLIC JEWEL SNOWFLAKE, PINK",Seasonal / Holiday,0.38
35607B,7,3,0.42857142857142855,BLACK FEATHER CHRISTMAS DECORATION,Decor & Gifts,0.19
21190,8,3,0.375,PINK HEARTS PAPER GARLAND,Decor & Gifts,1.45
35400,8,3,0.375,WOODEN BOX ADVENT CALENDAR ,Decor & Gifts,8.95
21278,8,3,0.375,VINTAGE KITCHEN PRINT PUDDINGS,Kitchen & Tableware,2.55
85084,8,3,0.375,HOLLY TOP CHRISTMAS STOCKING,Seasonal / Holiday,0.85
17014A,9,3,0.3333333333333333,,Other,0.0
84760S,9,3,0.3333333333333333,SMALL HANGING GLASS+ZINC LANTERN,Decor & Gifts,1.45
84686,10,3,0.3,BEACH HUT MIRROR,Home Decor & Lighting,4.25
23574,15,4,0.26666666666666666,,Other,0.0
84803B,4,0,0.0,WHITE ALLIUM  ARTIFICIAL FLOWER,Garden & Outdoor,1.69
84415B,3,0,0.0,BLUE FLOCK CUSHION COVER ,Textiles & Covers,3.75
90154,5,0,0.0,LAZER CUT NECKLACE W PASTEL BEADS,Accessories & Jewellery,8.95
79331,3,0,0.0,PINK FLOCK GLASS CANDLEHOLDER,Home Decor & Lighting,1.65
90212C,3,0,0.0,PURPLE LAS VEGAS BRACELET ROUND,Accessories & Jewellery,3.75
16202E,3,0,0.0,BLACK PHOTO ALBUM ,Home Decor & Lighting,0.5
84875D,9,0,0.0,BLUE SQUARE COMPACT MIRROR,Home Decor & Lighting,1.25
84877A,4,0,0.0,PINK ROUND COMPACT MIRROR,Home Decor & Lighting,3.29
62043B,6,0,0.0,,Other,0.0
84798B,3,0,0.0,PURPLE FOXGLOVE ARTIIFCIAL FLOWER,Decor & Gifts,2.55
16010,3,0,0.0,FOLDING CAMPING SCISSOR W/KNIF & S,Other,0.12
35001W,5,0,0.0,HAND OPEN SHAPE DECO.WHITE,Stationery,3.49
44242B,3,0,0.0,PINK FEATHERS CURTAIN,Other,0.79
PADS,4,0,0.0,PADS TO MATCH ALL CUSHIONS,Textiles & Covers,0.001
84990,4,0,0.0,60 GOLD AND SILVER FAIRY CAKE CASES,Kitchen & Tableware,0.55
84689,3,0,0.0,,Other,0.0
35958,5,0,0.0,,Other,0.0
84921,7,0,0.0,CREAM AND PINK FLOWERS PONY ,Garden & Outdoor,3.75
44089C,6,0,0.0,LILAC GAUZE BUTTERFLY LAMPSHADE,Home Decor & Lighting,0.42
72024U,3,0,0.0,LILAC VOTIVE CANDLE,Home Decor & Lighting,0.21
79062D,5,0,0.0,"RETRO TIN ASHTRAY,REVOLUTIONARY",Storage & Furniture,0.29
62097B,3,0,0.0,BLUE STRIPES SHOULDER BAG,Bags & Carriers,0.83
44089A,4,0,0.0,PINK GAUZE BUTTERFLY LAMPSHADE,Home Decor & Lighting,0.42
85225,3,0,0.0,BLING KEY RING STAND,Accessories & Jewellery,1.25
37471,3,0,0.0,MULTICOLOUR POLKADOT PLATE,Kitchen & Tableware,6.63
21836,3,0,0.0,GINGHAM OVEN GLOVE RED HEART ,Decor & Gifts,3.75
84723,6,0,0.0,CHERRY BLOSSOM CANVAS ART PICTURE,Other,1.95
84873A,3,0,0.0,,Other,0.0
90014C,4,0,0.0,SILVER AND BLACK ORBIT NECKLACE,Accessories & Jewellery,10.4
20821,7,0,0.0,GOLDIE LOOKING MIRROR,Home Decor & Lighting,4.95
35645,5,0,0.0,,Other,0.0
90026B,3,0,0.0,GLASS BEAD HOOP NECKLACE MONTANA,Accessories & Jewellery,8.5
84675,3,0,0.0,FROG KING WATERING CAN,Kitchen & Tableware,2.95
84798A,4,0,0.0,PINK FOXGLOVE ARTIIFCIAL FLOWER,Decor & Gifts,2.55
21595,3,0,0.0,Dad's Cab Electronic Meter,Other,8.47
40005B,4,0,0.0,BLUE ORGANDY ROUND LAMPSHADE W BEA,Home Decor & Lighting,0.85
46000P,6,0,0.0,POLYESTER FILLER PAD 65CMx65CM,Other,4.25
37423,3,0,0.0,WHITE WITH BLACK CATS PLATE,Kitchen & Tableware,0.85
10124A,5,0,0.0,SPOTS ON RED BOOKCOVER TAPE,Garden & Outdoor,0.42
21827,3,0,0.0,EIGHT PIECE CREEPY CRAWLIE SET,Other,1.25
90060D,3,0,0.0,FIRE POLISHED GLASS NECKL BRONZE,Mirrors & Frames,5.95
90179C,6,0,0.0,BLACK FINE BEAD NECKLACE W TASSEL,Accessories & Jewellery,5.95
23441,3,0,0.0,HAND PAINTED HANGING EASTER EGG,Decor & Gifts,0.42
84706D,4,0,0.0,CHERRY BLOSSOM TABLE CLOCK ,Home Decor & Lighting,1.95
84968B,3,0,0.0,SET OF 16 VINTAGE IVORY CUTLERY,Kitchen & Tableware,12.75
90075,3,0,0.0,MONTANA DIAMOND CLUSTER NECKLACE,Accessories & Jewellery,8.95
84858C,7,0,0.0,PINK RIVIERA HANDBAG,Bags & Carriers,5.95
35910B,3,0,0.0,PINK FLOWERS RABBIT EASTER,Garden & Outdoor,1.95
78033,8,0,0.0,FLAG OF ST GEORGE CHAIR,Souvenirs & Travel,4.25
37488A,3,0,0.0,YELLOW PINK FLOWER DESIGN BIG BOWL,Decor & Gifts,0.39
21637,6,0,0.0,ASSORTED SANSKRIT MINI NOTEBOOK,Stationery,1.25
35638A,5,0,0.0,PINK AND BLACK STRING CURTAIN,Accessories & Jewellery,1.95
90050,4,0,0.0,CRACKED GLAZE NECKLACE IVORY,Accessories & Jewellery,6.95
84977,3,0,0.0,WIRE FLOWER T-LIGHT HOLDER,Home Decor & Lighting,1.25
90026D,3,0,0.0,GLASS BEAD HOOP NECKLACE AMETHYST,Accessories & Jewellery,8.5
90026C,3,0,0.0,GLASS BEAD HOOP NECKLACE GREEN,Accessories & Jewellery,8.5
35809B,4,0,0.0,ENAMEL BLUE RIM TEA CONTAINER,Storage & Furniture,0.83
21011,3,0,0.0,GLITTER SNOW PEAR TREE DECORATION,Decor & Gifts,1.45
84562A,4,0,0.0,PINK/WHITE RIBBED MELAMINE JUG,Other,7.95
79337,11,0,0.0,BLUE FLOCK GLASS CANDLEHOLDER,Home Decor & Lighting,1.65
23702,4,0,0.0,High Resolution Image,Other,1.5
84402B,4,0,0.0,PURPLE DRESS JEWELLERY STAND,Accessories & Jewellery,0.79
79161A,3,0,0.0,ST GEORGE SET OF 10 PARTY LIGHTS,Home Decor & Lighting,2.95
79336,4,0,0.0,LIGHT PINK FLOCK GLASS CANDLEHOLDER,Home Decor & Lighting,0.38
37461,3,0,0.0,FUNKY MONKEY MUG,Kitchen & Tableware,1.25
37509,4,0,0.0,NEW ENGLAND MUG W GIFT BOX,Storage & Furniture,2.55
22145,3,0,0.0,,Other,0.0
90012B,3,0,0.0,BLACK DROP CRYSTAL NECKLACE,Accessories & Jewellery,2.95
21736,7,0,0.0,,Other,0.0
35597D,3,0,0.0,,Other,0.0
84613A,3,0,0.0,PINK NEW BAROQUE FLOCK CANDLESTICK,Home Decor & Lighting,4.65
35818B,3,0,0.0,"ACRYLIC JEWEL ICICLE, BLUE",Other,0.38
17174,3,0,0.0,ASSTD RASTA KEY-CHAINS,Other,0.42
21897,4,0,0.0,POTTING SHED CANDLE CITRONELLA,Home Decor & Lighting,5.79
84575A,4,0,0.0,PINK DOG CANNISTER,Animal & Pet,5.95
35610A,3,0,0.0,PINK CHRISTMAS FLOCK DROPLET ,Seasonal / Holiday,2.51
21757,3,0,0.0,LIGHTHOUSE PRINTED METAL SIGN,Decor & Gifts,4.95
90039A,3,0,0.0,FIRE POLISHED GLASS BRACELET RED,Accessories & Jewellery,3.73
85067,5,0,0.0,CREAM SWEETHEART WALL CABINET,Decor & Gifts,18.95
21690,9,0,0.0,SILVER  CANDLEPOT JARDIN ,Home Decor & Lighting,3.75
21655,3,0,0.0,HANGING RIDGE GLASS T-LIGHT HOLDER,Decor & Gifts,1.69
47556B,3,0,0.0,did  a credit  and did not tick ret,Other,0.0
84805B,3,0,0.0,BLUE CLIMBING HYDRANGA ART FLOWER,Garden & Outdoor,3.75
35598C,3,0,0.0,found,Other,0.0
21667,3,0,0.0,,Other,0.0
35598A,3,0,0.0,DUSTY PINK CHRISTMAS TREE 60CM,Seasonal / Holiday,2.95
84666,4,0,0.0,SQUARE CHERRY BLOSSOM CABINET,Storage & Furniture,3.95
84617,3,0,0.0,NEW BAROQUE BLACK BOXES,Storage & Furniture,12.75
44091A,3,0,0.0,BLUE CRUSOE CHECK LAMPSHADE,Home Decor & Lighting,0.42
20935,4,0,0.0,ROUND CACTUS CANDLE,Home Decor & Lighting,2.95
35607A,3,0,0.0,,Other,0.0
84924F,3,0,0.0,PSYCHEDELIC METAL SIGN CALENDAR,Decor & Gifts,0.79
16033,5,0,0.0,MINI HIGHLIGHTER PENS,Home Decor & Lighting,0.12
BANK CHARGES,11,0,0.0,Bank Charges,Other,15.0
84805A,4,0,0.0,CREAM CLIMBING HYDRANGA ART FLOWER,Garden & Outdoor,1.25
90035A,3,0,0.0,"PEARL & SHELL 42""NECKL. GREEN",Other,10.75
84801B,3,0,0.0,WHITE HYDRANGEA ART FLOWER,Garden & Outdoor,2.1
62074B,4,0,0.0,ELEPHANT CLIP W SUCTION CUP,Kitchen & Tableware,0.42
71496B,4,0,0.0,A4 WALL TIDY RED FLOWERS,Decor & Gifts,0.65
90151,4,0,0.0,SILVER/NATURAL SHELL NECKLACE,Accessories & Jewellery,8.5
20910,3,0,0.0,VINTAGE PHOTO ALBUM PARIS DAYS,Home Decor & Lighting,6.35
16151A,3,0,0.0,FLOWERS HANDBAG blue and orange,Bags & Carriers,1.25
84539,3,0,0.0,KNITTED RABBIT DOLL ,Other,1.65
37444B,4,0,0.0,BLUE BREAKFAST CUP AND SAUCER ,Kitchen & Tableware,2.95
84715,3,0,0.0,SET OF 6 ICE CREAM SKITTLES,Craft & Hobby,2.95
10123C,3,0,0.0,HEARTS WRAPPING TAPE ,Decor & Gifts,0.65
90148,6,0,0.0,LONG SILVER NECKLACE PASTEL FLOWER,Accessories & Jewellery,12.48
35966,4,0,0.0,,Other,0.0
84801A,5,0,0.0,PINK HYDRANGEA ART FLOWER,Garden & Outdoor,2.1
18097A,4,0,0.0,PINK TALL PORCELAIN T-LIGHT HOLDER ,Home Decor & Lighting,2.55
21763,5,0,0.0,VINTAGE WOODEN BAR STOOL,Decor & Gifts,29.95
90175C,6,0,0.0,BLUE GLASS CHUNKY CHARM BRACELET,Accessories & Jewellery,8.95
10124G,4,0,0.0,ARMY CAMO BOOKCOVER TAPE,Textiles & Covers,0.42
22764,4,0,0.0,"RUSTIC WOODEN CABINET, GLASS DOORS",Decor & Gifts,24.95
47589,4,0,0.0,CONGRATULATIONS BUNTING,Storage & Furniture,5.45
84632,5,0,0.0,DECORATIVE HANGING SHELVING UNIT,Decor & Gifts,59.95
62096A,8,0,0.0,PINK/YELLOW FLOWERS HANDBAG,Bags & Carriers,1.25
22125,4,0,0.0,UNION JACK HOT WATER BOTTLE ,Kitchen & Tableware,12.46
72798C,3,0,0.0,SET/4 GARDEN ROSE DINNER CANDLE,Home Decor & Lighting,1.65
23448,3,0,0.0,CREAM BUNNY EASTER EGG BASKET,Storage & Furniture,1.65
79157V,3,0,0.0,UBO-LIGHT TRIOBASE PURPLE,Home Decor & Lighting,0.85
90176D,4,0,0.0,DIAMANTE NECKLACE PURPLE,Accessories & Jewellery,7.5
B,3,0,0.0,Adjust bad debt,Other,11062.06
