CustomerID,Recency,Frequency,Monetary,R_Score,F_Score,M_Score,RFM_Score
12346,326,2,0.0,1,2,1,4
12347,2,7,4310.0,5,4,5,14
12348,75,4,1797.24,2,3,4,9
12349,19,1,1757.55,4,1,4,9
12350,310,1,334.4,1,1,2,4
12352,36,11,1545.41,3,5,4,12
12353,204,1,89.0,1,1,1,3
12354,232,1,1079.4,1,1,4,6
12355,214,1,459.4,1,1,2,4
12356,23,3,2811.43,4,3,5,12
12357,33,1,6207.67,3,1,5,9
12358,2,2,1168.06,5,2,4,11
12359,8,6,6245.53,5,4,5,14
12360,52,3,2662.06,3,3,5,11
12361,287,1,189.9,1,1,1,3
12362,3,13,5154.58,5,5,5,15
12363,110,2,552.0,2,2,3,7
12364,8,4,1313.1,5,3,4,12
12365,291,3,320.69,1,3,2,6
12367,4,1,168.9,5,1,1,7
12370,51,4,3545.69,3,3,5,11
12371,45,2,1887.96,3,2,4,9
12372,72,3,1298.04,2,3,4,9
12373,311,1,364.6,1,1,2,4
12374,25,1,742.93,4,1,3,8
12375,3,3,455.42,5,3,2,10
12377,315,2,1628.12,1,2,4,7
12378,130,1,4008.62,2,1,5,8
12379,82,3,850.29,2,3,3,8
12380,22,5,2720.56,4,4,5,13
12381,5,6,1803.96,5,4,4,13
12383,185,6,1839.31,1,4,4,9
12384,29,3,566.16,4,3,3,10
12386,338,2,401.9,1,2,2,5
12388,16,6,2780.6600000000003,4,4,5,13
12390,80,1,549.84,2,1,3,6
12391,22,1,460.89,4,1,2,7
12393,72,4,1582.6,2,3,4,9
12394,64,2,1272.48,3,2,4,9
12395,16,15,2998.28,4,5,5,14
12397,36,2,2409.9,3,2,5,10
12398,46,1,1635.66,3,1,4,8
12399,119,4,1108.65,2,4,4,10
12401,303,1,84.3,1,1,1,3
12402,323,1,225.6,1,1,1,3
12403,50,2,409.7,3,2,2,7
12405,149,1,1710.39,2,1,4,7
12406,22,3,3280.75,4,3,5,12
12407,50,5,1708.12,3,4,4,11
12408,33,9,2842.57,3,5,5,13
12409,79,7,11056.93,2,4,5,11
12410,301,3,681.08,1,3,3,7
12412,75,3,1226.88,2,3,4,9
12413,67,5,694.15,3,4,3,10
12414,217,3,562.41,1,3,3,7
12415,24,26,123725.45,4,5,5,14
12417,3,12,3578.8,5,5,5,15
12418,113,1,668.58,2,1,3,6
12420,64,1,600.39,3,1,3,7
12421,16,5,806.27,4,4,3,11
12422,96,3,803.5600000000001,2,3,3,8
12423,1,9,1849.11,5,5,4,14
12424,163,2,1760.96,2,2,4,8
12425,78,1,777.2,2,1,3,6
12426,195,1,582.73,1,1,3,5
12427,12,5,708.37,4,4,3,11
12428,26,12,7877.2,4,5,5,14
12429,9,4,3750.4,5,4,5,14
12430,43,1,256.4,3,1,2,6
12431,36,18,6416.39,3,5,5,13
12432,43,5,5059.32,3,4,5,12
12433,1,7,13375.87,5,4,5,14
12434,85,4,765.19,2,4,3,9
12435,80,2,7829.89,2,2,5,9
12436,100,1,509.01,2,1,3,6
12437,2,19,4896.66,5,5,5,15
12438,14,2,2906.85,4,2,5,11
12441,367,1,173.55,1,1,1,3
12442,3,1,172.06,5,1,1,7
12444,21,5,5005.46,4,4,5,13
12445,22,1,133.4,4,1,1,6
12446,58,1,1002.31,3,1,4,8
12447,243,1,476.49,1,1,3,5
12448,44,1,449.45,3,1,2,6
12449,22,4,4067.29,4,4,5,13
12450,156,2,197.88,2,2,1,5
12451,11,6,8933.52,5,4,5,14
12452,17,3,428.57,4,3,2,9
12453,134,1,707.09,2,1,3,6
12454,53,2,8.526512829121202e-14,3,2,1,6
12455,73,6,2466.86,2,4,5,11
12456,44,4,3153.89,3,4,5,12
12457,58,12,1917.78,3,5,4,12
12458,71,2,947.4,3,2,4,9
12461,94,2,826.88,2,2,3,7
12462,2,4,1124.01,5,4,4,13
12463,46,7,1303.63,3,4,4,11
12464,10,8,1212.05,5,5,4,14
12465,8,3,733.89,5,3,3,11
12468,143,3,724.04,2,3,3,8
12471,2,49,18740.92,5,5,5,15
12472,31,13,6229.48,4,5,5,14
12473,29,9,2848.23,4,5,5,14
12474,17,30,7116.47,4,5,5,14
12475,54,1,723.38,3,1,3,7
12476,1,20,6546.58,5,5,5,15
12477,23,9,13117.01,4,5,5,14
12478,4,1,680.99,5,1,3,9
12479,4,3,477.3,5,3,3,11
12480,28,4,3281.63,4,4,5,13
12481,23,11,5590.86,4,5,5,14
12483,17,13,2327.13,4,5,5,14
12484,33,8,4495.27,3,5,5,13
12488,10,3,1298.66,5,3,4,12
12489,336,1,334.93,1,1,2,4
12490,5,10,5417.93,5,5,5,15
12491,39,1,460.4,3,1,2,6
12492,63,2,263.21,3,2,2,7
12493,166,3,416.79,2,3,2,7
12494,10,13,1139.35,5,5,4,14
12497,82,1,1043.1,2,1,4,7
12498,21,3,403.7000000000001,4,3,2,9
12500,23,13,4206.2699999999995,4,5,5,14
12501,315,2,2089.68,1,2,5,8
12502,96,5,3723.87,2,4,5,11
12503,338,1,-1126.0,1,1,1,3
12504,18,4,114.0,4,4,1,9
12505,301,1,-4.5,1,1,1,3
12506,233,1,73.5,1,1,1,3
12507,134,4,1258.06,2,4,4,10
12508,26,2,398.27,4,2,2,8
12509,284,1,176.5,1,1,1,3
12510,143,2,982.57,2,2,4,8
12512,66,2,138.03,3,2,1,6
12513,85,2,586.79,2,2,3,7
12514,267,1,1017.68,1,1,4,6
12515,353,1,383.7,1,1,2,4
12516,78,2,1312.06,2,2,4,8
12517,28,6,2464.89,4,4,5,13
12518,1,5,2056.89,5,4,5,14
12519,64,1,340.84,3,1,2,6
12520,79,6,2582.51,2,4,5,11
12521,143,1,599.6800000000001,2,1,3,6
12522,39,2,192.72,3,2,1,6
12523,2,13,1745.57,5,5,4,14
12524,9,8,4485.72,5,5,5,15
12526,1,3,1316.66,5,3,4,12
12527,82,3,348.71000000000004,2,3,2,7
12528,9,8,1922.28,5,5,4,14
12530,60,5,1623.63,3,4,4,11
12531,15,1,125.22,4,1,1,6
12532,30,1,349.83000000000004,4,1,2,7
12534,131,1,1089.18,2,1,4,7
12535,92,2,716.35,2,2,3,7
12536,8,5,4106.819999999999,5,4,5,14
12538,29,1,363.95,4,1,2,7
12539,22,5,3852.5,4,4,5,13
12540,20,19,13309.04,4,5,5,14
12541,30,3,981.18,4,3,4,11
12544,30,2,355.7,4,2,2,8
12545,75,2,1000.39,2,2,4,8
12546,47,3,1141.5,3,3,4,10
12547,198,2,207.8,1,2,1,4
12548,166,1,95.2,2,1,1,4
12550,79,1,964.83,2,1,4,7
12551,358,1,168.0,1,1,1,3
12552,39,2,437.82,3,2,2,7
12553,8,14,3652.25,5,5,5,15
12556,50,2,603.71,3,2,3,8
12557,16,5,11990.96,4,4,5,13
12558,2,2,0.0,5,2,1,8
12559,311,3,536.21,1,3,3,7
12560,5,4,2101.39,5,4,5,14
12561,303,1,238.85,1,1,2,4
12562,8,7,3781.74,5,4,5,14
12564,261,1,456.9,1,1,2,4
12565,282,2,131.17,1,2,1,4
12566,73,2,346.7,2,2,2,6
12567,23,11,9114.94,4,5,5,14
12569,2,35,4064.99,5,5,5,15
12571,40,2,519.61,3,2,3,8
12572,9,3,1004.72,5,3,4,12
12573,227,1,160.54000000000002,1,1,1,3
12574,316,1,218.45,1,1,1,3
12576,36,6,1306.98,3,4,4,11
12577,35,4,595.4,3,4,3,10
12578,21,4,2753.36,4,4,5,13
12579,73,3,410.72,2,3,2,7
12580,247,1,415.7,1,1,2,4
12581,40,1,197.71,3,1,1,5
12582,239,2,511.36,1,2,3,6
12583,3,18,7187.34,5,5,5,15
12584,4,18,1893.95,5,5,4,14
12585,234,4,1982.81,1,4,4,9
12586,17,2,179.94,4,2,1,7
12587,8,1,144.0,5,1,1,7
12588,39,1,214.9,3,1,1,5
12589,29,2,646.68,4,2,3,9
12590,190,3,9861.38,1,3,5,9
12591,317,1,452.85,1,1,2,4
12592,92,2,437.6,2,2,2,6
12593,109,3,418.1,2,3,2,7
12594,38,11,3320.2200000000003,3,5,5,13
12596,51,2,618.27,3,2,3,8
12597,19,5,3683.13,4,4,5,13
12598,10,9,3002.68,5,5,5,15
12599,29,7,1032.58,4,4,4,12
12600,29,11,2581.04,4,5,5,14
12601,190,6,569.5600000000001,1,4,3,8
12602,59,1,153.12,3,1,1,5
12603,22,1,739.1999999999999,4,1,3,8
12604,79,2,254.18,2,2,2,6
12605,365,1,-7.5,1,1,1,3
12607,58,2,0.0,3,2,1,6
12609,78,3,1126.85,2,3,4,9
12610,23,7,2057.99,4,4,5,13
12611,52,1,1193.32,3,1,4,8
12612,58,2,643.59,3,2,3,8
12613,31,6,3218.98,4,4,5,13
12614,278,1,315.6,1,1,2,4
12615,2,4,2291.19,5,4,5,14
12616,85,5,657.25,2,4,3,9
12617,29,1,355.53000000000003,4,1,2,7
12618,22,1,177.31,4,1,1,6
12619,16,13,3214.81,4,5,5,14
12620,15,3,1339.41,4,3,4,11
12621,2,23,13612.07,5,5,5,15
12622,232,1,180.1,1,1,1,3
12623,276,1,305.1,1,1,2,4
12624,106,2,641.13,2,2,3,7
12625,212,3,2614.32,1,3,5,9
12626,23,13,6388.35,4,5,5,14
12627,11,7,4478.53,5,4,5,14
12628,4,4,769.61,5,4,3,12
12630,10,2,1270.88,5,2,4,11
12631,57,1,640.5,3,1,3,7
12633,59,5,2140.63,3,4,5,12
12635,90,2,1689.18,2,2,4,8
12637,67,10,5953.25,3,5,5,13
12638,33,1,671.69,3,1,3,7
12639,239,1,486.1,1,1,3,5
12640,24,3,1174.58,4,3,4,11
12641,115,1,185.9,2,1,1,4
12642,25,3,1013.26,4,3,4,11
12643,128,6,3344.64,2,4,5,11
12644,130,1,477.91,2,1,3,6
12645,34,5,1755.38,3,4,4,11
12646,5,2,1346.97,5,2,4,11
12647,22,13,3669.92,4,5,5,14
12648,155,1,318.05,2,1,2,5
12649,107,4,603.71,2,4,3,9
12650,3,1,314.44,5,1,2,8
12651,335,1,114.0,1,1,1,3
12652,322,2,914.53,1,2,4,7
12653,149,2,2209.85,2,2,5,9
12654,11,5,601.98,5,4,3,12
12656,17,8,3982.72,4,5,5,14
12657,11,5,1152.06,5,4,4,13
12658,19,1,686.05,4,1,3,8
12659,30,1,91.68,4,1,1,6
12660,11,1,245.1,5,1,2,8
12662,1,12,3817.08,5,5,5,15
12664,8,10,4863.88,5,5,5,15
12665,325,2,61.75,1,2,1,4
12666,359,1,-227.44,1,1,1,3
12667,58,1,620.13,3,1,3,7
12668,7,6,3743.18,5,4,5,14
12669,151,4,1607.73,2,4,4,10
12670,10,6,2986.15,5,4,5,14
12672,330,1,225.9,1,1,1,3
12673,5,2,610.52,5,2,3,10
12674,12,7,1919.31,4,4,4,12
12676,25,6,1331.39,4,4,4,12
12678,42,13,17588.26,3,5,5,13
12679,52,9,1058.67,3,5,4,12
12680,1,4,862.81,5,4,3,12
12681,15,27,13677.59,4,5,5,14
12682,4,31,12288.22,5,5,5,15
12683,4,20,8221.09,5,5,5,15
12684,8,7,2283.63,5,4,5,14
12685,28,6,2863.08,4,4,5,13
12686,372,1,89.14,1,1,1,3
12688,114,1,4873.81,2,1,5,8
12689,26,2,1247.61,4,2,4,10
12690,206,1,389.01,1,1,2,4
12691,28,6,1035.8,4,4,4,12
12693,121,6,830.96,2,4,3,9
12694,70,2,869.67,3,2,3,8
12695,7,4,582.1,5,4,3,12
12697,21,5,939.02,4,4,4,12
12700,8,6,4867.99,5,4,5,14
12701,80,2,797.71,2,2,3,7
12702,20,1,219.0,4,1,1,6
12703,64,2,274.7,3,2,2,7
12704,7,10,2220.84,5,5,5,15
12705,15,14,6814.24,4,5,5,14
12707,292,1,603.42,1,1,3,5
12708,30,16,2616.32,4,5,5,14
12709,3,26,9294.1,5,5,5,15
12710,97,4,1130.57,2,4,4,10
12712,23,17,4241.63,4,5,5,14
12713,1,1,848.55,5,1,3,9
12714,9,5,4708.86,5,4,5,14
12715,106,1,353.86,2,1,2,5
12716,4,2,1053.49,5,2,4,11
12717,151,3,980.98,2,3,4,9
12718,71,1,238.25,3,1,2,6
12719,5,3,608.1,5,3,3,11
12720,3,29,5713.28,5,5,5,15
12721,32,7,2628.98,4,4,5,13
12722,85,6,904.33,2,4,3,9
12723,4,5,725.07,5,4,3,12
12724,5,4,1031.41,5,4,4,13
12725,371,1,427.8,1,1,2,4
12726,28,7,2609.1,4,4,5,13
12727,11,9,3947.7,5,5,5,15
12728,71,4,836.33,3,4,3,10
12729,114,1,453.01,2,1,2,5
12731,24,14,18793.41,4,5,5,14
12732,180,1,236.26,1,1,2,4
12733,234,1,383.95,1,1,2,4
12734,353,1,110.4,1,1,1,3
12735,315,2,779.5699999999999,1,2,3,6
12736,333,1,234.0,1,1,1,3
12738,372,1,155.35,1,1,1,3
12739,78,2,1013.04,2,2,4,8
12740,64,1,427.6,3,1,2,6
12743,134,2,546.43,2,2,3,7
12744,52,10,9120.39,3,5,5,13
12747,2,11,4196.01,5,5,5,15
12748,1,224,29072.1,5,5,5,15
12749,4,8,3868.2,5,5,5,15
12750,129,1,275.88,2,1,2,5
12752,81,1,4366.78,2,1,5,8
12753,4,11,21024.01,5,5,5,15
12754,236,5,2949.12,1,4,5,10
12755,250,4,2203.2000000000003,1,4,5,10
12756,87,1,112.08,2,1,1,4
12757,16,19,4227.7,4,5,5,14
12758,117,2,2791.59,2,2,5,9
12759,52,3,1531.44,3,3,4,10
12762,8,2,1898.52,5,2,4,11
12763,138,2,494.08,2,2,3,7
12764,317,1,1693.88,1,1,4,6
12766,4,7,6989.63,5,4,5,14
12769,239,1,1143.6,1,1,4,6
12770,211,1,1351.45,1,1,4,6
12772,60,1,892.47,3,1,3,7
12775,17,6,1351.24,4,4,4,12
12778,20,7,804.23,4,4,3,11
12779,21,12,3868.7,4,5,5,14
12781,21,5,707.72,4,4,3,11
12782,5,6,2273.32,5,4,5,14
12783,2,8,1603.87,5,5,4,14
12784,9,2,574.42,5,2,3,10
12785,3,2,305.71,5,2,2,9
12787,10,3,463.66,5,3,2,10
12789,65,1,91.85,3,1,1,5
12790,192,1,324.92,1,1,2,4
12791,374,1,192.6,1,1,1,3
12792,257,1,400.54,1,1,2,4
12793,335,2,545.48,1,2,3,6
12794,53,2,860.41,3,2,3,8
12795,19,1,430.48,4,1,2,7
12797,360,3,194.18,1,3,1,5
12798,10,3,6977.04,5,3,5,13
12802,184,2,412.58,1,2,2,5
12808,37,3,483.65,3,3,3,9
12809,168,2,484.36,2,2,3,7
12811,261,3,514.85,1,3,3,7
12812,45,1,229.64,3,1,1,5
12814,102,1,125.92,2,1,1,4
12815,148,2,1063.46,2,2,4,8
12816,96,2,572.2,2,2,3,7
12817,281,1,166.04,1,1,1,3
12818,178,2,1517.88,2,2,4,8
12820,3,4,942.34,5,4,4,13
12821,214,1,92.72,1,1,1,3
12822,71,3,918.98,3,3,4,10
12823,75,5,1759.5,2,4,4,10
12824,60,1,397.12,3,1,2,6
12826,3,8,1468.12,5,5,4,14
12827,6,3,430.15,5,3,2,10
12828,3,6,1018.71,5,4,4,13
12829,322,3,253.05,1,3,2,6
12830,38,7,6748.4,3,4,5,12
12831,262,1,215.05,1,1,1,3
12832,32,2,383.03,4,2,2,8
12833,145,1,417.38,2,1,2,5
12834,283,1,312.38,1,1,2,4
12836,59,4,2612.86,3,4,5,12
12837,173,1,134.1,2,1,1,4
12838,34,2,683.13,3,2,3,8
12839,3,16,5583.62,5,5,5,15
12840,144,6,2714.27,2,4,5,11
12841,5,26,3876.4,5,5,5,15
12842,70,2,1118.99,3,2,4,9
12843,66,9,1680.76,3,5,4,12
12844,29,2,325.96000000000004,4,2,2,8
12845,267,4,354.09000000000003,1,4,2,7
12847,22,1,871.54,4,1,3,8
12849,31,2,1050.89,4,2,4,10
12851,97,1,135.18,2,1,1,4
12852,290,2,299.75,1,2,2,5
12853,108,9,1881.7,2,5,4,11
12854,79,5,1289.15,2,4,4,10
12855,373,1,38.1,1,1,1,3
12856,8,8,2162.68,5,5,5,15
12857,211,2,1106.4,1,2,4,7
12863,52,2,504.2,3,2,3,8
12864,138,1,147.12,2,1,1,4
12865,26,3,1548.07,4,3,4,11
12866,283,1,559.12,1,1,3,5
12867,26,10,3986.22,4,5,5,14
12868,186,6,1607.06,1,4,4,9
12870,366,1,-14.9,1,1,1,3
12871,84,2,380.64,2,2,2,6
12872,327,2,599.97,1,2,3,6
12873,282,1,374.0,1,1,2,4
12875,143,2,343.2300000000001,2,2,2,6
12876,58,2,2218.02,3,2,5,10
12877,4,12,1535.77,5,5,4,14
12878,18,3,841.64,4,3,3,10
12879,45,4,552.57,3,4,3,10
12881,276,1,298.0,1,1,2,4
12882,9,2,1463.04,5,2,4,11
12883,25,4,703.47,4,4,3,11
12884,88,1,309.05,2,1,2,5
12885,63,4,1158.27,3,4,4,11
12886,68,3,1351.09,3,3,4,10
12888,214,4,313.77,1,4,2,7
12890,24,1,380.47,4,1,2,7
12891,186,3,331.0,1,3,2,6
12893,31,1,188.14,4,1,1,6
12895,42,3,347.3,3,3,2,8
12897,205,2,216.5,1,2,1,4
12901,9,36,16293.1,5,5,5,15
12902,265,1,138.68,1,1,1,3
12904,18,2,509.58,4,2,3,9
12906,12,5,2919.81,4,4,5,13
12908,59,4,246.0,3,4,2,9
12909,40,8,2128.83,3,5,5,13
12910,23,8,3075.04,4,5,5,14
12912,3,5,1662.3,5,4,4,13
12913,5,5,2483.63,5,4,5,14
12915,149,2,363.65,2,2,2,6
12916,139,5,2982.35,2,4,5,11
12917,128,1,594.0,2,1,3,6
12919,8,8,1301.44,5,5,4,14
12920,17,1,164.23,4,1,1,6
12921,4,50,16389.74,5,5,5,15
12922,161,1,405.38,2,1,2,5
12923,64,1,176.97,3,1,1,5
12924,88,5,929.95,2,4,4,10
12925,5,2,694.05,5,2,3,10
12928,35,5,2062.7,3,4,5,12
12929,122,2,105.1,2,2,1,5
12930,78,4,409.9,2,4,2,8
12931,22,20,33462.81,4,5,5,14
12933,24,4,606.28,4,4,3,11
12935,2,8,2156.45,5,5,5,15
12936,17,5,1012.9,4,4,4,12
12937,15,4,1504.27,4,4,4,12
12938,26,1,114.14,4,1,1,6
12939,64,8,11581.8,3,5,5,13
12940,46,4,876.29,3,4,3,10
12942,131,3,683.9,2,3,3,8
12943,301,1,-3.75,1,1,1,3
12944,36,2,604.51,3,2,3,8
12945,288,1,462.95,1,1,2,4
12947,144,11,1407.29,2,5,4,11
12948,16,8,2053.7,4,5,5,14
12949,31,10,4143.02,4,5,5,14
12950,2,3,1843.0,5,3,4,12
12951,9,8,1042.07,5,5,4,14
12952,6,5,1382.84,5,4,4,13
12953,10,1,329.85,5,1,2,8
12955,1,14,4734.26,5,5,5,15
12956,306,1,108.07,1,1,1,3
12957,4,12,3979.04,5,5,5,15
12962,7,2,266.39,5,2,2,9
12963,8,9,1841.03,5,5,4,14
12965,89,1,771.91,2,1,3,6
12966,10,1,160.18,5,1,1,7
12967,3,4,1194.75,5,4,4,13
12968,112,1,135.95,2,1,1,4
12970,7,4,452.24,5,4,2,11
12971,4,89,10930.26,5,5,5,15
12974,198,1,144.8,1,1,1,3
12976,212,1,738.6,1,1,3,5
12977,156,1,39.24,2,1,1,4
12980,156,12,7092.06,2,5,5,12
12981,30,2,372.22,4,2,2,8
12982,240,2,377.2,1,2,2,5
12984,19,1,97.5,4,1,1,6
12985,1,3,1215.62,5,3,4,12
12987,74,3,545.0,2,3,3,8
12988,292,1,535.32,1,1,3,5
12989,3,19,6854.51,5,5,5,15
12990,31,3,409.5,4,3,2,9
12991,23,2,503.76,4,2,3,9
12993,23,4,414.76,4,4,2,10
12994,4,5,902.22,5,4,3,12
12995,78,2,200.72,2,2,1,5
12997,22,7,1197.94,4,4,4,12
12999,196,3,455.88,1,3,2,6
13000,107,3,534.85,2,3,3,8
13001,4,15,9797.92,5,5,5,15
13002,318,1,120.95,1,1,1,3
13003,106,3,149.05,2,3,1,6
13004,12,22,5613.43,4,5,5,14
13005,174,3,468.95,2,3,3,8
13006,56,1,81.57,3,1,1,5
13008,323,2,178.46999999999997,1,2,1,4
13011,372,1,50.55,1,1,1,3
13012,9,11,1311.62,5,5,4,14
13013,1,15,4786.99,5,5,5,15
13014,3,16,3365.43,5,5,5,15
13015,53,5,3346.28,3,4,5,12
13016,73,3,789.89,2,3,3,8
13017,7,1,204.0,5,1,1,7
13018,16,29,7272.75,4,5,5,14
13021,4,12,2584.4,5,5,5,15
13023,64,2,689.9,3,2,3,8
13026,1,8,936.15,5,5,4,14
13027,114,6,6912.0,2,4,5,11
13028,23,3,659.68,4,3,3,10
13029,31,3,1247.5,4,3,4,11
13030,11,2,799.48,5,2,3,10
13032,39,3,996.52,3,3,4,10
13033,357,1,190.55,1,1,1,3
13034,55,2,642.77,3,2,3,8
13035,58,3,886.63,3,3,3,9
13037,138,3,881.07,2,3,3,8
13038,80,3,908.46,2,3,3,8
13040,9,2,676.99,5,2,3,10
13043,254,2,471.57,1,2,3,6
13044,291,1,560.47,1,1,3,5
13045,99,1,305.28000000000003,2,1,2,5
13046,31,2,629.31,4,2,3,9
13047,32,18,3079.1,4,5,5,14
13048,14,5,1805.91,4,4,4,12
13049,64,2,656.6800000000001,3,2,3,8
13050,9,28,5684.61,5,5,5,15
13052,212,1,348.15,1,1,2,4
13055,64,4,1201.96,3,4,4,11
13058,25,3,271.40000000000003,4,3,2,9
13059,250,1,183.4,1,1,1,3
13060,254,1,307.53000000000003,1,1,2,4
13061,72,1,248.61,2,1,2,5
13062,191,1,346.98,1,1,2,4
13064,13,4,1119.49,4,4,4,12
13065,373,1,205.86,1,1,1,3
13066,24,3,430.9,4,3,2,9
13067,82,1,115.46,2,1,1,4
13068,10,2,344.0,5,2,2,9
13069,1,27,3717.82,5,5,5,15
13070,192,1,228.8,1,1,1,3
13072,267,1,177.15,1,1,1,3
13075,130,1,919.61,2,1,4,7
13077,1,4,729.27,5,4,3,12
13078,1,43,12432.28,5,5,5,15
13079,4,5,220.1,5,4,1,10
13080,179,1,58.08,1,1,1,3
13081,1,21,27964.48,5,5,5,15
13082,126,10,3595.48,2,5,5,12
13083,4,2,303.75,5,2,2,9
13085,158,3,272.38,2,3,2,7
13089,3,118,57385.88,5,5,5,15
13090,9,18,8689.39,5,5,5,15
13091,21,2,319.82,4,2,2,8
13092,71,6,459.83,3,4,2,9
13093,267,13,7741.47,1,5,5,11
13094,21,16,1708.86,4,5,4,13
13095,71,1,74.39999999999999,3,1,1,5
13097,33,14,5893.32,3,5,5,13
13098,1,41,28658.88,5,5,5,15
13099,99,1,207.36,2,1,1,4
13101,234,1,101.19,1,1,1,3
13102,1,27,6336.29,5,5,5,15
13103,40,1,243.94,3,1,2,6
13104,3,6,1098.48,5,4,4,13
13106,129,2,59.5,2,2,1,5
13107,44,5,1524.07,3,4,4,11
13108,373,1,350.06,1,1,2,4
13109,3,5,766.84,5,4,3,12
13110,31,8,1452.87,4,5,4,13
13113,1,40,10510.0,5,5,5,15
13115,9,14,2205.63,5,5,5,15
13116,117,2,485.19,2,2,3,7
13117,22,8,984.91,4,5,4,13
13118,20,7,1125.0,4,4,4,12
13120,239,1,30.6,1,1,1,3
13121,269,2,254.73,1,2,2,5
13122,94,2,922.39,2,2,4,8
13124,90,3,3866.33,2,3,5,10
13126,5,10,2056.29,5,5,5,15
13127,78,1,259.17,2,1,2,5
13130,94,1,64.0,2,1,1,4
13131,23,4,1039.3,4,4,4,12
13132,262,1,77.3,1,1,1,3
13133,274,2,109.8,1,2,1,4
13134,73,7,1740.63,2,5,4,11
13135,197,1,3096.0,1,1,5,7
13136,50,11,2545.38,3,5,5,13
13137,11,9,3605.08,5,5,5,15
13138,22,6,962.39,4,4,4,12
13139,16,8,5055.79,4,5,5,14
13140,108,3,423.72,2,3,2,7
13141,85,6,2385.8,2,4,5,11
13142,19,1,307.09000000000003,4,1,2,7
13144,333,1,110.95,1,1,1,3
13145,40,5,614.77,3,4,3,10
13146,26,1,228.91,4,1,1,6
13147,10,4,712.8,5,4,3,12
13148,29,17,3348.48,4,5,5,14
13149,14,4,1676.06,4,4,4,12
13151,203,2,1250.37,1,2,4,7
13153,6,1,486.22,5,1,3,9
13154,144,1,-611.86,2,1,1,4
13155,33,4,971.76,3,4,4,11
13157,49,5,1721.57,3,4,4,11
13158,95,4,1201.06,2,4,4,10
13159,9,5,1379.75,5,4,4,13
13160,22,1,91.8,4,1,1,6
13161,313,1,112.75,1,1,1,3
13162,122,5,1644.99,2,4,4,10
13165,46,2,1021.48,3,2,4,9
13166,282,2,414.7,1,2,2,5
13167,19,4,791.3299999999999,4,4,3,11
13168,36,5,1310.14,3,4,4,11
13169,64,2,712.88,3,2,3,8
13170,27,1,116.01,4,1,1,6
13171,8,5,426.81,5,4,2,11
13173,4,2,353.65,5,2,2,9
13174,16,3,2817.03,4,3,5,12
13176,46,1,492.84,3,1,3,7
13177,65,1,282.45,3,1,2,6
13178,26,11,5725.47,4,5,5,14
13182,45,1,121.18,3,1,1,5
13183,8,9,3957.78,5,5,5,15
13184,15,12,1648.79,4,5,4,13
13185,268,1,71.4,1,1,1,3
13186,40,5,1539.69,3,4,4,11
13187,337,1,236.02,1,1,2,4
13188,11,1,114.6,5,1,1,7
13189,19,2,260.68,4,2,2,8
13192,95,2,911.94,2,2,4,8
13193,61,1,117.88,3,1,1,5
13194,136,1,60.7,2,1,1,4
13196,11,4,1797.78,5,4,4,13
13198,10,8,3384.09,5,5,5,15
13199,4,39,9803.96,5,5,5,15
13200,19,4,870.09,4,4,3,11
13203,10,4,869.46,5,4,3,12
13207,15,2,250.26000000000005,4,2,2,8
13208,59,7,1205.9,3,5,4,12
13209,30,11,5820.16,4,5,5,14
13210,94,1,353.48,2,1,2,5
13211,10,3,1197.42,5,3,4,12
13212,9,4,780.58,5,4,3,12
13213,57,6,1518.43,3,4,4,11
13216,268,1,333.74,1,1,2,4
13217,122,5,133.62,2,4,1,7
13218,127,1,62.63999999999999,2,1,1,4
13220,78,4,819.29,2,4,3,9
13221,240,2,847.41,1,2,3,6
13223,200,2,163.2,1,2,1,4
13224,60,3,2150.85,3,3,5,11
13225,3,8,6083.04,5,5,5,15
13226,273,1,108.21,1,1,1,3
13227,202,1,257.7,1,1,2,4
13228,81,1,358.0,2,1,2,5
13229,226,1,160.95,1,1,1,3
13230,4,15,2763.41,5,5,5,15
13232,13,7,1357.6,4,5,4,13
13233,74,2,605.12,2,2,3,7
13235,212,2,101.17000000000004,1,2,1,4
13236,25,3,727.27,4,3,3,10
13238,11,5,680.83,5,4,3,12
13239,262,1,329.56,1,1,2,4
13240,96,4,663.65,2,4,3,9
13242,112,3,270.40000000000003,2,3,2,7
13243,203,1,600.07,1,1,3,5
13244,93,1,121.74,2,1,1,4
13245,51,1,430.5,3,1,2,6
13246,18,7,1922.1,4,5,4,13
13247,18,4,501.12,4,4,3,11
13248,125,2,465.68,2,2,3,7
13249,92,3,711.41,2,3,3,8
13253,157,2,1030.4,2,2,4,8
13255,4,3,390.66,5,3,2,10
13256,14,1,0.0,4,1,1,6
13258,12,3,698.5799999999999,4,3,3,10
13259,62,1,292.32,3,1,2,6
13260,61,1,557.62,3,1,3,7
13261,269,2,944.1,1,2,4,7
13262,263,1,200.29,1,1,1,3
13263,1,35,7454.07,5,5,5,15
13265,53,5,2107.66,3,4,5,12
13266,11,19,3717.67,5,5,5,15
13267,3,27,4404.4400000000005,5,5,5,15
13268,18,15,3167.64,4,5,5,14
13269,1,17,5315.92,5,5,5,15
13270,366,1,590.0,1,1,3,5
13271,37,2,178.26,3,2,1,6
13272,31,2,276.56,4,2,2,8
13273,113,1,138.98,2,1,1,4
13276,64,2,590.9300000000001,3,2,3,8
13277,16,4,258.4,4,4,2,10
13278,41,1,542.73,3,1,3,7
13279,64,2,126.3,3,2,1,6
13280,122,3,814.86,2,3,3,8
13282,18,6,1047.84,4,4,4,12
13283,60,2,93.66,3,2,1,6
13284,323,2,196.15,1,2,1,4
13285,23,4,2709.12,4,4,5,13
13291,156,1,361.11,2,1,2,5
13292,39,2,578.9399999999999,3,2,3,8
13294,190,2,873.74,1,2,3,6
13295,360,2,197.95,1,2,1,4
13296,137,1,87.4,2,1,1,4
13297,8,4,2089.85,5,4,5,14
13298,1,1,360.0,5,1,2,8
13299,268,1,142.5,1,1,1,3
13300,165,2,365.29,2,2,2,6
13301,104,4,618.09,2,4,3,9
13302,155,1,63.75,2,1,1,4
13304,351,1,300.42,1,1,2,4
13305,4,10,2000.86,5,5,4,14
13307,120,1,15.0,2,1,1,4
13308,23,4,1367.61,4,4,4,12
13309,7,5,1456.79,5,4,4,13
13310,9,6,1083.63,5,4,4,13
13311,4,2,598.57,5,2,3,10
13313,22,5,1555.32,4,4,4,12
13314,2,4,578.66,5,4,3,12
13316,37,5,5815.49,3,4,5,12
13317,64,9,2140.07,3,5,5,13
13318,1,3,640.76,5,3,3,11
13319,5,36,10664.34,5,5,5,15
13320,70,6,1491.7,3,4,4,11
13321,72,2,567.36,2,2,3,7
13322,17,1,199.48,4,1,1,6
13323,3,5,787.85,5,4,3,12
13324,32,12,7072.8,4,5,5,14
13325,82,1,675.3,2,1,3,6
13327,39,9,3617.57,3,5,5,13
13328,316,1,1308.48,1,1,4,6
13329,32,4,740.4,4,4,3,11
13330,93,3,1140.93,2,3,4,9
13332,14,1,350.9,4,1,2,7
13334,82,3,3536.82,2,3,5,10
13336,77,1,795.12,2,1,3,6
13338,154,3,431.8200000000001,2,3,2,7
13339,201,1,860.12,1,1,3,5
13340,45,7,10736.48,3,5,5,13
13341,261,1,775.85,1,1,3,5
13343,173,2,303.93,2,2,2,6
13344,68,3,2543.72,3,3,5,11
13345,277,2,377.6,1,2,2,5
13347,70,1,341.35999999999996,3,1,2,6
13348,64,1,233.76,3,1,1,5
13349,11,1,247.32,5,1,2,8
13350,16,3,910.72,4,3,4,11
13351,66,1,373.94,3,1,2,6
13352,8,2,389.28,5,2,2,9
13354,71,1,743.53,3,1,3,7
13355,122,1,674.7,2,1,3,6
13356,80,1,768.24,2,1,3,6
13357,257,1,609.95,1,1,3,5
13358,269,1,439.03,1,1,2,4
13359,59,2,431.26,3,2,2,7
13362,3,5,3085.49,5,4,5,14
13363,18,2,992.5,4,2,4,10
13364,67,2,1.7763568394002505e-15,3,2,1,6
13365,9,3,2191.22,5,3,5,13
13366,50,1,56.16,3,1,1,5
13368,257,2,623.4,1,2,3,6
13369,354,2,263.75,1,2,2,5
13370,366,2,721.32,1,2,3,6
13372,90,1,378.64,2,1,2,5
13373,61,3,3312.25,3,3,5,11
13375,81,2,772.9,2,2,3,7
13376,99,3,1019.76,2,3,4,9
13379,26,3,572.56,4,3,3,10
13381,21,7,3626.81,4,5,5,14
13382,281,1,222.99,1,1,1,3
13384,31,9,4122.28,4,5,5,14
13385,330,1,534.57,1,1,3,5
13388,121,3,627.15,2,3,3,8
13389,11,3,797.96,5,3,3,11
13390,75,1,544.08,2,1,3,6
13391,204,1,59.8,1,1,1,3
13394,2,10,2312.8,5,5,5,15
13395,185,1,307.71999999999997,1,1,2,4
13396,22,5,1325.29,4,4,4,12
13397,73,6,1539.18,2,4,4,10
13398,192,1,457.34,1,1,2,4
13402,127,2,621.23,2,2,3,7
13403,18,1,75.0,4,1,1,6
13404,1,2,252.49,5,2,2,9
13405,74,3,572.451,2,3,3,8
13408,2,81,27487.41,5,5,5,15
13410,9,7,988.91,5,5,4,14
13411,107,1,213.55,2,1,1,4
13414,134,3,1390.5,2,3,4,9
13416,44,2,712.5,3,2,3,8
13417,5,2,640.83,5,2,3,10
13418,12,23,5845.44,4,5,5,14
13419,64,1,221.06,3,1,1,5
13420,135,4,140.35,2,4,1,7
13421,40,3,1848.98,3,3,4,10
13422,51,2,2601.55,3,2,5,10
13425,108,3,1624.21,2,3,4,9
13426,1,12,3550.7000000000003,5,5,5,15
13427,19,3,582.6,4,3,3,10
13428,10,1,218.47,5,1,1,7
13429,11,4,1006.8,5,4,4,13
13430,19,4,648.6899999999999,4,4,3,11
13431,67,2,1269.1,3,2,4,9
13434,74,2,534.2400000000001,2,2,3,7
13435,5,9,3794.49,5,5,5,15
13436,2,1,196.89,5,1,1,7
13437,14,7,3408.06,4,5,5,14
13439,255,1,283.71,1,1,2,4
13441,92,1,296.64,2,1,2,5
13447,23,4,1104.23,4,4,4,12
13448,17,10,3465.67,4,5,5,14
13449,24,1,291.88,4,1,2,7
13450,27,6,2043.72,4,4,5,13
13451,26,6,2916.45,4,4,5,13
13452,259,2,590.0,1,2,3,6
13453,166,2,356.97999999999996,2,2,2,6
13455,25,4,1007.35,4,4,4,12
13456,18,7,1737.8200000000002,4,5,4,13
13458,7,22,9537.92,5,5,5,15
13460,29,2,183.44,4,2,1,7
13461,39,3,1445.0,3,3,4,10
13462,183,2,143.25,1,2,1,4
13464,58,1,674.68,3,1,3,7
13466,100,2,297.95,2,2,2,6
13467,11,2,1083.71,5,2,4,11
13468,2,41,5656.75,5,5,5,15
13470,99,2,165.0,2,2,1,5
13471,1,4,2531.58,5,4,5,14
13473,61,3,417.54,3,3,2,8
13474,236,1,229.59,1,1,1,3
13475,191,4,1431.78,1,4,4,9
13476,179,4,1092.77,1,4,4,9
13477,38,8,1441.53,3,5,4,12
13479,198,3,291.0,1,3,2,6
13481,46,8,1776.81,3,5,4,12
13482,232,1,184.64,1,1,1,3
13483,66,1,140.34,3,1,1,5
13484,241,1,313.8,1,1,2,4
13485,233,1,454.24,1,1,2,4
13486,78,3,1122.41,2,3,4,9
13487,58,3,575.4,3,3,3,9
13488,17,17,8910.61,4,5,5,14
13489,105,4,449.52,2,4,2,8
13491,52,10,1215.82,3,5,4,12
13492,136,3,1269.84,2,3,4,9
13493,275,2,618.63,1,2,3,6
13494,312,1,316.26000000000005,1,1,2,4
13495,8,6,1990.12,5,4,4,13
13496,11,3,617.9300000000001,5,3,3,11
13497,283,3,321.05,1,3,2,6
13499,18,7,1146.96,4,5,4,13
13500,23,4,1136.77,4,4,4,12
13501,243,2,1310.47,1,2,4,7
13502,17,3,292.0,4,3,2,9
13503,71,1,216.85,3,1,1,5
13504,64,1,295.93,3,1,2,6
13505,68,8,4282.88,3,5,5,13
13506,312,3,452.82,1,3,2,6
13507,3,4,2479.16,5,4,5,14
13508,244,1,110.97,1,1,1,3
13509,9,7,979.72,5,5,4,14
13510,1,5,1785.16,5,4,4,13
13512,261,1,251.21,1,1,2,4
13513,127,1,205.1,2,1,1,4
13514,74,1,152.20000000000002,2,1,1,4
13515,73,4,891.12,2,4,3,9
13516,21,3,1389.41,4,3,4,11
13517,60,5,2109.07,3,4,5,12
13518,86,1,659.4399999999999,2,1,3,6
13519,50,2,110.8,3,2,1,6
13520,59,8,3487.75,3,5,5,13
13521,1,3,1093.65,5,3,4,12
13522,30,1,125.8,4,1,1,6
13523,33,6,3755.38,3,4,5,12
13524,41,5,680.1800000000001,3,4,3,10
13525,15,2,628.78,4,2,3,9
13527,34,8,2263.76,3,5,5,13
13529,79,2,307.76,2,2,2,6
13531,205,2,483.8,1,2,3,6
13532,34,1,210.31,3,1,1,5
13533,183,3,270.79,1,3,2,6
13534,2,43,5613.08,5,5,5,15
13536,1,7,3448.29,5,5,5,15
13538,43,7,1280.85,3,5,4,12
13539,86,4,605.84,2,4,3,9
13544,40,2,291.41,3,2,2,7
13546,12,3,626.99,4,3,3,10
13548,96,2,682.41,2,2,3,7
13549,26,8,916.12,4,5,4,13
13551,319,1,91.8,1,1,1,3
13552,66,16,3539.53,3,5,5,13
13555,74,4,4149.28,2,4,5,11
13557,28,2,584.06,4,2,3,9
13558,6,4,605.06,5,4,3,12
13560,7,1,174.37,5,1,1,7
13561,216,1,141.86,1,1,1,3
13562,82,3,1799.33,2,3,4,9
13563,84,2,777.53,2,2,3,7
13564,144,5,647.74,2,4,3,9
13565,19,2,240.22,4,2,2,8
13566,41,2,874.71,3,2,3,8
13568,173,1,192.85,2,1,1,4
13569,17,2,373.75,4,2,2,8
13570,243,1,239.49,1,1,2,4
13571,13,13,2092.32,4,5,5,14
13572,206,1,1384.25,1,1,4,6
13573,50,2,294.4,3,2,2,7
13575,23,5,732.0699999999999,4,4,3,11
13576,10,20,6703.3,5,5,5,15
13577,25,5,1658.3,4,4,4,12
13579,15,2,467.04,4,2,3,9
13581,309,1,118.0,1,1,1,3
13583,156,1,781.03,2,1,3,6
13584,307,1,142.4,1,1,1,3
13587,32,3,347.0,4,3,2,9
13588,16,13,2445.12,4,5,5,14
13589,15,2,379.65,4,2,2,8
13590,11,7,1976.12,5,5,4,14
13591,65,3,1117.13,3,3,4,10
13592,36,4,247.96,3,4,2,9
13593,108,6,1990.28,2,4,4,10
13594,53,1,396.97,3,1,2,6
13596,6,2,697.04,5,2,3,10
13598,47,2,167.42000000000002,3,2,1,6
13599,1,33,5030.6,5,5,5,15
13600,312,1,219.52,1,1,1,3
13601,45,2,693.32,3,2,3,8
13602,65,1,428.89,3,1,2,6
13603,26,1,164.34,4,1,1,6
13606,29,3,280.53999999999996,4,3,2,9
13607,40,1,678.01,3,1,3,7
13610,12,9,1115.43,4,5,4,13
13611,89,4,1158.2,2,4,4,10
13614,24,4,1610.46,4,4,4,12
13615,313,2,399.99,1,2,2,5
13617,40,3,544.18,3,3,3,9
13618,174,1,177.34,2,1,1,4
13621,117,1,213.85,2,1,1,4
13623,31,7,672.4399999999999,4,5,3,12
13626,253,1,257.23,1,1,2,4
13627,59,7,1624.02,3,5,4,12
13629,23,11,7792.36,4,5,5,14
13630,5,11,1995.68,5,5,4,14
13631,100,12,3021.77,2,5,5,12
13632,25,6,2117.02,4,4,5,13
13634,33,5,1575.16,3,4,4,11
13635,68,1,1071.03,3,1,4,8
13636,37,6,941.62,3,4,4,11
13637,52,3,810.5,3,3,3,9
13638,16,1,122.64,4,1,1,6
13639,74,1,1033.34,2,1,4,7
13642,216,1,354.8,1,1,2,4
13643,31,3,519.44,4,3,3,10
13644,9,5,2597.52,5,4,5,14
13645,120,1,252.1,2,1,2,5
13647,10,5,1670.22,5,4,4,13
13649,257,2,346.6,1,2,2,5
13650,17,7,1809.34,4,5,4,13
13651,35,2,94.2,3,2,1,6
13652,46,3,1095.08,3,3,4,10
13654,43,6,2707.33,3,4,5,12
13655,114,2,932.97,2,2,4,8
13656,165,2,379.65,2,2,2,6
13657,11,2,382.14,5,2,2,9
13658,10,7,2421.47,5,5,5,15
13659,197,3,1550.85,1,3,4,8
13662,86,7,879.08,2,5,3,10
13663,179,1,189.47,1,1,1,3
13666,60,3,84.64999999999999,3,3,1,7
13667,149,1,305.02,2,1,2,5
13668,3,29,6216.07,5,5,5,15
13669,51,2,218.55,3,2,1,6
13670,75,1,349.7,2,1,2,5
13672,301,6,-71.46,1,4,1,6
13673,19,2,396.92,4,2,2,8
13675,151,2,486.8200000000001,2,2,3,7
13678,152,1,232.6,2,1,1,4
13680,1,5,2202.31,5,4,5,14
13681,18,4,827.83,4,4,3,11
13682,187,1,59.5,1,1,1,3
13684,286,2,64.23,1,2,1,4
13685,3,7,3119.44,5,5,5,15
13686,183,1,72.0,1,1,1,3
13689,63,1,910.0,3,1,4,8
13690,59,1,172.25,3,1,1,5
13692,25,5,1466.87,4,4,4,12
13693,325,2,-32.0,1,2,1,4
13694,4,60,62653.1,5,5,5,15
13695,31,15,2504.13,4,5,5,14
13697,39,1,151.29999999999998,3,1,1,5
13699,155,1,308.58000000000004,2,1,2,5
13700,26,10,2265.12,4,5,5,14
13703,318,1,99.5,1,1,1,3
13704,5,10,2295.31,5,5,5,15
13705,8,3,711.86,5,3,3,11
13706,303,1,330.79,1,1,2,4
13707,267,2,806.41,1,2,3,6
13708,271,1,296.88,1,1,2,4
13709,4,17,6249.11,5,5,5,15
13710,32,1,180.48,4,1,1,6
13711,219,2,252.06,1,2,2,5
13712,247,1,228.83999999999995,1,1,1,3
13715,281,8,1053.94,1,5,4,10
13716,269,1,138.28,1,1,1,3
13717,32,7,1432.26,4,5,4,13
13718,246,2,306.55,1,2,2,5
13719,15,5,1041.68,4,4,4,12
13720,117,4,799.9,2,4,3,9
13721,36,1,524.14,3,1,3,7
13722,120,4,2369.16,2,4,5,11
13723,217,1,199.85,1,1,1,3
13725,50,11,1809.81,3,5,4,12
13726,39,2,1079.66,3,2,4,9
13727,29,2,333.48,4,2,2,8
13728,37,6,1016.14,3,4,4,11
13730,136,2,752.6,2,2,3,7
13731,219,2,610.59,1,2,3,6
13732,28,1,491.86,4,1,3,8
13735,25,8,2766.18,4,5,5,14
13736,5,3,724.0,5,3,3,11
13737,200,1,339.59999999999997,1,1,2,4
13739,18,1,216.9,4,1,1,6
13740,241,1,350.75,1,1,2,4
13741,72,4,666.33,2,4,3,9
13742,17,14,3102.42,4,5,5,14
13743,3,8,1340.15,5,5,4,14
13744,95,2,1156.36,2,2,4,8
13745,151,2,291.54,2,2,2,6
13747,374,1,79.6,1,1,1,3
13748,96,5,948.25,2,4,4,10
13750,54,5,1647.26,3,4,4,11
13751,288,1,296.25,1,1,2,4
13752,124,6,1186.28,2,4,4,10
13753,288,1,741.26,1,1,3,5
13754,152,2,282.6,2,2,2,6
13755,4,10,2154.68,5,5,5,15
13756,2,15,5145.12,5,5,5,15
13758,12,7,3190.55,4,5,5,14
13759,33,2,659.41,3,2,3,8
13760,54,2,286.79,3,2,2,7
13761,50,2,1070.65,3,2,4,9
13762,204,2,0.0,1,2,1,4
13763,63,3,1689.46,3,3,4,10
13764,71,3,1521.76,3,3,4,10
13767,2,52,16945.71,5,5,5,15
13769,2,16,2771.87,5,5,5,15
13771,64,5,2631.7,3,4,5,12
13772,34,3,1132.13,3,3,4,10
13774,82,1,345.0,2,1,2,5
13777,1,41,25748.35,5,5,5,15
13778,103,1,178.7,2,1,1,4
13780,7,2,360.01,5,2,2,9
13781,251,1,127.84,1,1,1,3
13782,13,6,912.0,4,4,4,12
13784,10,11,2462.79,5,5,5,15
13786,367,1,230.4,1,1,1,3
13787,76,2,309.04,2,2,2,6
13790,4,1,348.8,5,1,2,8
13791,43,3,1047.68,3,3,4,10
13792,66,2,195.55,3,2,1,6
13798,1,63,36351.42,5,5,5,15
13799,117,2,688.86,2,2,3,7
13800,310,1,558.32,1,1,3,5
13801,67,1,324.8,3,1,2,6
13802,138,6,3906.27,2,4,5,11
13803,255,1,277.07,1,1,2,4
13804,31,7,2635.79,4,5,5,14
13805,52,2,924.6,3,2,4,9
13806,64,1,256.38,3,1,2,6
13807,367,1,112.6,1,1,1,3
13808,6,5,1747.66,5,4,4,13
13809,305,1,155.05,1,1,1,3
13810,29,4,899.51,4,4,3,11
13811,184,4,591.75,1,4,3,8
13812,42,3,539.0,3,3,3,9
13813,40,5,1353.41,3,4,4,11
13814,56,3,1562.12,3,3,4,10
13815,22,5,4014.91,4,4,5,13
13816,24,4,555.04,4,4,3,11
13817,29,2,382.98,4,2,2,8
13819,302,3,1140.35,1,3,4,8
13821,145,2,385.64,2,2,2,6
13822,6,2,632.0,5,2,3,10
13823,19,2,957.66,4,2,4,10
13824,33,5,1698.94,3,4,4,11
13826,158,2,174.65,2,2,1,5
13827,58,3,412.05,3,3,2,8
13828,22,1,209.49,4,1,1,6
13829,359,1,-102.0,1,1,1,3
13831,16,6,2202.99,4,4,5,13
13832,18,2,40.95,4,2,1,7
13833,159,1,384.8,2,1,2,5
13835,25,5,834.57,4,4,3,11
13837,212,2,271.24,1,2,2,5
13838,6,4,691.73,5,4,3,12
13841,253,1,85.0,1,1,1,3
13842,59,9,3385.62,3,5,5,13
13844,11,1,361.62,5,1,2,8
13845,65,1,312.98,3,1,2,6
13846,25,4,847.61,4,4,3,11
13848,92,3,1255.0,2,3,4,9
13849,52,2,1537.95,3,2,4,9
13850,88,2,1586.81,2,2,4,8
13851,96,3,2651.46,2,3,5,10
13853,9,2,1056.94,5,2,4,11
13854,9,29,8025.02,5,5,5,15
13856,169,5,363.4,2,4,2,8
13858,57,1,216.17,3,1,1,5
13859,326,1,201.16,1,1,1,3
13860,1,6,1240.0,5,4,4,13
13862,18,10,2187.31,4,5,5,14
13863,245,2,299.56,1,2,2,5
13865,58,4,501.56,3,4,3,10
13866,74,1,145.67000000000002,2,1,1,4
13867,31,3,1015.29,4,3,4,11
13868,7,2,3192.54,5,2,5,12
13869,123,4,3104.95,2,4,5,11
13870,2,10,2751.25,5,5,5,15
13871,23,14,6389.8,4,5,5,14
13873,120,4,381.7000000000001,2,4,2,8
13874,358,1,540.45,1,1,3,5
13875,54,5,1786.79,3,4,4,11
13876,64,1,122.7,3,1,1,5
13877,86,1,117.24,2,1,1,4
13878,55,1,1281.53,3,1,4,8
13880,21,13,3219.77,4,5,5,14
13881,4,22,16989.52,5,5,5,15
13882,3,6,1131.28,5,4,4,13
13883,1,9,2538.75,5,5,5,15
13884,7,6,781.3000000000001,5,4,3,12
13885,189,2,506.8,1,2,3,6
13886,71,1,243.56,3,1,2,6
13887,204,1,349.55,1,1,2,4
13888,120,2,605.63,2,2,3,7
13889,93,1,416.9,2,1,2,5
13890,1,14,1860.86,5,5,4,14
13892,27,4,632.97,4,4,3,11
13893,298,1,821.1,1,1,3,5
13894,22,5,535.97,4,4,3,11
13895,21,5,2588.12,4,4,5,13
13897,50,1,311.16,3,1,2,6
13898,326,1,155.93,1,1,1,3
13899,16,2,388.52,4,2,2,8
13900,183,3,740.95,1,3,3,7
13901,72,5,2867.2,2,4,5,11
13904,37,2,332.64,3,2,2,7
13908,80,5,2347.05,2,4,5,11
13911,57,9,2580.91,3,5,5,13
13914,4,3,613.95,5,3,3,11
13917,50,2,272.04,3,2,2,7
13918,50,2,1212.84,3,2,4,9
13919,53,3,350.15999999999997,3,3,2,8
13922,352,1,172.25,1,1,1,3
13923,54,1,351.13,3,1,2,6
13924,2,11,1682.08,5,5,4,14
13925,36,6,616.65,3,4,3,10
13926,23,1,223.85,4,1,1,6
13927,75,1,348.99,2,1,2,5
13928,11,4,464.57,5,4,2,11
13929,169,3,802.85,2,3,3,8
13930,58,2,337.34,3,2,2,7
13931,86,3,1230.93,2,3,4,9
13932,295,1,307.4,1,1,2,4
13933,109,2,608.79,2,2,3,7
13934,264,1,922.1,1,1,4,6
13936,171,2,361.28,2,2,2,6
13937,169,1,158.85,2,1,1,4
13938,35,1,71.66,3,1,1,5
13939,23,4,556.75,4,4,3,11
13940,17,4,839.14,4,4,3,11
13941,22,7,4912.41,4,5,5,14
13946,79,3,561.57,2,3,3,8
13947,65,1,90.6,3,1,1,5
13948,361,1,102.0,1,1,1,3
13949,3,6,2427.32,5,4,5,14
13950,11,5,728.56,5,4,3,12
13951,176,3,674.45,2,3,3,8
13952,211,3,3246.091,1,3,5,9
13953,7,7,3515.68,5,5,5,15
13954,2,3,378.59,5,3,2,10
13955,154,2,322.96,2,2,2,6
13956,5,5,1026.42,5,4,4,13
13958,372,1,-102.45,1,1,1,3
13959,79,3,598.2,2,3,3,8
13960,21,2,230.22,4,2,1,7
13962,22,2,169.55,4,2,1,7
13963,308,4,664.54,1,4,3,8
13967,146,1,80.7,2,1,1,4
13969,7,20,8986.69,5,5,5,15
13971,9,11,2702.2200000000003,5,5,5,15
13972,71,2,190.25,3,2,1,6
13973,287,1,264.7,1,1,2,4
13974,49,1,413.59,3,1,2,6
13975,31,7,2503.23,4,5,5,14
13976,207,1,357.98,1,1,2,4
13978,15,2,196.79,4,2,1,7
13979,73,1,869.87,2,1,3,6
13980,60,1,200.14,3,1,1,5
13982,39,5,1861.11,3,4,4,11
13983,30,13,2590.46,4,5,5,14
13984,27,6,488.03,4,4,3,11
13985,4,16,7024.530000000001,5,5,5,15
13986,17,1,320.46,4,1,2,7
13988,20,9,4098.8,4,5,5,14
13989,66,2,1266.08,3,2,4,9
13990,213,1,311.3,1,1,2,4
13991,12,7,850.63,4,5,3,12
13992,30,1,76.8,4,1,1,6
13993,32,12,3409.66,4,5,5,14
13994,4,6,2313.14,5,4,5,14
13995,15,6,1383.49,4,4,4,12
13999,10,15,3865.26,5,5,5,15
14000,206,2,633.71,1,2,3,6
14001,46,4,2030.33,3,4,5,12
14002,134,2,529.73,2,2,3,7
14004,43,7,4582.64,3,5,5,13
14005,10,5,2874.72,5,4,5,14
14006,116,3,962.19,2,3,4,9
14009,198,3,685.9300000000001,1,3,3,7
14012,278,1,328.8,1,1,2,4
14013,110,3,473.02,2,3,3,8
14014,77,1,505.1799999999999,2,1,3,6
14015,53,1,917.34,3,1,4,8
14016,154,5,4328.46,2,4,5,11
14019,47,4,1398.96,3,4,4,11
14020,17,2,642.8,4,2,3,9
14021,155,3,631.9,2,3,3,8
14022,225,1,440.0,1,1,2,4
14023,7,2,584.07,5,2,3,10
14024,122,2,327.7,2,2,2,6
14027,61,1,104.82,3,1,1,5
14029,63,2,467.66,3,2,3,8
14030,18,8,2360.09,4,5,5,14
14031,7,23,14634.64,5,5,5,15
14032,2,18,2929.84,5,5,5,15
14034,22,4,512.02,4,4,3,11
14035,29,5,1428.02,4,4,4,12
14036,285,1,626.65,1,1,3,5
14037,176,2,147.20000000000002,2,2,1,5
14038,78,4,1554.48,2,4,4,10
14039,33,1,152.2,3,1,1,5
14040,41,15,3542.19,3,5,5,13
14041,266,1,141.41,1,1,1,3
14044,27,4,652.82,4,4,3,11
14045,109,4,1659.75,2,4,4,10
14046,284,1,154.98999999999998,1,1,1,3
14047,9,7,1290.01,5,5,4,14
14048,277,2,375.13,1,2,2,5
14049,17,6,5639.15,4,4,5,13
14050,32,2,746.36,4,2,3,9
14051,1,26,15477.34,5,5,5,15
14052,20,1,225.36,4,1,1,6
14053,124,2,260.25,2,2,2,6
14054,65,1,92.46,3,1,1,5
14055,106,1,725.6400000000001,2,1,3,6
14056,1,29,8124.4,5,5,5,15
14057,24,18,6147.4,4,5,5,14
14059,267,1,183.6,1,1,1,3
14060,5,20,6135.38,5,5,5,15
14062,10,12,10464.85,5,5,5,15
14064,29,7,1188.32,4,5,4,13
14066,267,1,152.55,1,1,1,3
14067,64,2,374.7,3,2,2,7
14068,320,1,265.85,1,1,2,4
14071,4,9,1307.41,5,5,4,14
14073,21,2,139.54,4,2,1,7
14075,5,3,942.26,5,3,4,12
14076,129,1,122.47,2,1,1,4
14077,41,5,499.42,3,4,3,10
14078,102,6,1049.37,2,4,4,10
14079,125,1,375.1,2,1,2,5
14080,33,1,45.599999999999994,3,1,1,5
14081,267,4,904.67,1,4,3,8
14082,365,1,182.25,1,1,1,3
14083,4,9,1018.43,5,5,4,14
14085,2,19,4435.79,5,5,5,15
14087,3,2,181.67,5,2,1,8
14088,10,14,50415.49,5,5,5,15
14089,57,1,161.0,3,1,1,5
14090,325,1,76.32000000000001,1,1,1,3
14092,8,17,4063.1,5,5,5,15
14093,12,1,442.85,4,1,2,7
14096,4,34,57120.91,5,5,5,15
14098,37,1,147.35,3,1,1,5
14099,16,12,3092.9700000000003,4,5,5,14
14100,138,1,194.9,2,1,1,4
14101,74,6,5976.79,2,4,5,11
14102,5,8,1314.73,5,5,4,14
14104,155,2,216.21,2,2,1,5
14105,85,2,1260.33,2,2,4,8
14107,52,8,2688.48,3,5,5,13
14108,31,3,594.16,4,3,3,10
14109,23,2,80.2,4,2,1,7
14110,4,13,5669.65,5,5,5,15
14111,14,5,688.6,4,4,3,11
14112,23,12,2774.17,4,5,5,14
14113,4,8,1377.92,5,5,4,14
14114,274,2,386.53,1,2,2,5
14116,20,5,1382.74,4,4,4,12
14117,144,1,90.0,2,1,1,4
14119,354,1,-19.9,1,1,1,3
14121,4,6,2740.3,5,4,5,14
14124,84,1,419.58,2,1,2,5
14125,11,3,2740.43,5,3,5,13
14126,8,4,643.6300000000001,5,4,3,12
14127,123,3,709.71,2,3,3,8
14128,61,2,637.5,3,2,3,8
14129,2,5,1123.86,5,4,4,13
14130,319,1,483.86,1,1,3,5
14132,2,12,3580.13,5,5,5,15
14133,130,5,590.34,2,4,3,9
14135,2,15,4690.31,5,5,5,15
14138,2,2,982.38,5,2,4,11
14139,46,1,415.82,3,1,2,6
14140,4,3,920.05,5,3,4,12
14141,3,6,879.0300000000001,5,4,3,12
14142,373,1,311.81,1,1,2,4
14143,134,1,115.8,2,1,1,4
14145,47,5,3148.2,3,4,5,12
14146,9,6,2949.57,5,4,5,14
14147,49,3,468.4,3,3,3,9
14148,234,1,157.2,1,1,1,3
14149,213,3,259.43,1,3,2,6
14150,36,2,658.64,3,2,3,8
14152,75,3,611.09,2,3,3,8
14154,239,2,1345.62,1,2,4,7
14155,266,1,118.75,1,1,1,3
14156,10,66,113384.14,5,5,5,15
14157,20,3,400.43,4,3,2,9
14158,40,1,507.66,3,1,3,7
14159,20,14,4678.3,4,5,5,14
14161,216,3,1110.52,1,3,4,8
14162,174,2,289.36,2,2,2,6
14163,87,4,2445.91,2,4,5,11
14164,71,2,1631.77,3,2,4,9
14165,276,1,122.54,1,1,1,3
14167,39,4,574.84,3,4,3,10
14171,98,1,363.79,2,1,2,5
14173,11,4,450.84,5,4,2,11
14174,33,1,134.46,3,1,1,5
14175,51,7,3108.06,3,5,5,13
14176,297,5,574.0,1,4,3,8
14177,85,5,554.46,2,4,3,9
14178,9,7,1620.93,5,5,4,14
14179,41,2,719.78,3,2,3,8
14180,11,31,4640.77,5,5,5,15
14184,67,1,452.89,3,1,2,6
14185,331,1,197.65,1,1,1,3
14188,9,10,2018.91,5,5,5,15
14189,2,24,4604.31,5,5,5,15
14191,2,14,4660.01,5,5,5,15
14193,68,2,853.39,3,2,3,8
14194,5,32,11216.75,5,5,5,15
14195,202,3,962.7,1,3,4,8
14196,107,1,335.52,2,1,2,5
14198,4,7,663.5,5,5,3,13
14199,218,1,185.4,1,1,1,3
14201,60,9,688.04,3,5,3,11
14204,2,1,161.03,5,1,1,7
14205,11,4,218.77999999999997,5,4,1,10
14206,239,2,308.26,1,2,2,5
14208,95,1,151.74,2,1,1,4
14209,11,7,2067.13,5,5,5,15
14210,91,7,1900.89,2,5,4,11
14211,53,13,2208.3,3,5,5,13
14212,90,1,1070.48,2,1,4,7
14213,372,1,-1192.2,1,1,1,3
14214,31,7,1000.23,4,5,4,13
14215,12,7,1777.92,4,5,4,13
14216,3,4,1839.3,5,4,4,13
14217,2,24,1925.36,5,5,4,14
14218,43,1,169.48000000000002,3,1,1,5
14219,4,1,89.94,5,1,1,7
14220,247,2,632.4,1,2,3,6
14221,42,10,3427.85,3,5,5,13
14222,177,1,683.17,2,1,3,6
14223,92,4,975.23,2,4,4,10
14224,110,4,1050.12,2,4,4,10
14226,29,7,2201.64,4,5,5,14
14227,26,15,3315.71,4,5,5,14
14229,52,5,1450.6,3,4,4,11
14231,179,5,822.0600000000001,1,4,3,8
14232,32,8,2043.93,4,5,5,14
14233,44,5,1447.51,3,4,4,11
14234,22,4,775.46,4,4,3,11
14235,10,6,3093.86,5,4,5,14
14236,81,2,490.86,2,2,3,7
14237,373,1,161.0,1,1,1,3
14238,326,1,146.85,1,1,1,3
14239,43,13,2323.5,3,5,5,13
14240,30,2,890.34,4,2,3,9
14241,184,1,213.7,1,1,1,3
14242,235,2,280.55,1,2,2,5
14243,9,14,2535.88,5,5,5,15
14245,176,5,1677.48,2,4,4,10
14246,111,3,1474.06,2,3,4,9
14247,278,1,136.76999999999998,1,1,1,3
14248,318,1,302.58,1,1,2,4
14250,7,3,1904.05,5,3,4,12
14251,2,5,2879.7000000000003,5,4,5,14
14256,254,3,935.06,1,3,4,8
14257,51,6,3087.27,3,4,5,12
14258,9,10,12650.08,5,5,5,15
14259,142,1,120.0,2,1,1,4
14261,51,2,1163.45,3,2,4,9
14262,8,8,2618.23,5,5,5,15
14264,155,3,319.47,2,3,2,7
14265,109,2,530.18,2,2,3,7
14267,151,7,1279.09,2,5,4,11
14270,332,1,492.65,1,1,3,5
14271,226,1,112.32,1,1,1,3
14272,74,2,437.96,2,2,2,6
14273,51,4,559.97,3,4,3,10
14276,88,5,1019.39,2,4,4,10
14277,15,4,3957.0,4,4,5,13
14280,197,1,134.04,1,1,1,3
14282,3,15,3729.34,5,5,5,15
14284,31,3,578.45,4,3,3,10
14285,21,4,1910.01,4,4,4,12
14286,24,5,4595.81,4,4,5,13
14287,8,4,151.23,5,4,1,10
14288,212,2,413.85,1,2,2,5
14289,9,6,911.26,5,4,4,13
14290,11,6,2307.4500000000003,5,4,5,14
14291,2,12,3873.3,5,5,5,15
14292,8,14,4819.33,5,5,5,15
14293,3,4,1046.56,5,4,4,13
14295,40,2,154.70000000000002,3,2,1,6
14297,18,6,1284.06,4,4,4,12
14298,3,45,50862.44,5,5,5,15
14299,8,18,2855.35,5,5,5,15
14300,19,1,43.2,4,1,1,6
14301,108,2,632.04,2,2,3,7
14304,223,2,197.1,1,2,1,4
14305,71,5,1803.76,3,4,4,11
14306,51,3,2083.42,3,3,5,11
14307,89,6,2995.72,2,4,5,11
14309,8,10,2319.68,5,5,5,15
14311,225,2,229.71,1,2,1,4
14312,47,6,1611.59,3,4,4,11
14314,107,1,120.0,2,1,1,4
14315,21,7,2456.98,4,5,5,14
14317,65,1,508.58,3,1,3,7
14320,207,3,343.11,1,3,2,6
14321,11,5,1530.75,5,4,4,13
14323,115,4,574.26,2,4,3,9
14326,235,2,166.85,1,2,1,4
14327,163,1,311.65,2,1,2,5
14329,9,14,4928.74,5,5,5,15
14331,124,2,462.66,2,2,2,6
14332,23,3,866.3100000000001,4,3,3,10
14333,64,2,351.45,3,2,2,7
14334,17,9,2539.46,4,5,5,14
14335,16,2,468.26,4,2,3,9
14336,17,4,1614.91,4,4,4,12
14338,158,4,554.22,2,4,3,9
14339,235,4,289.91,1,4,2,7
14340,219,1,134.7,1,1,1,3
14341,45,9,2166.38,3,5,5,13
14342,21,6,607.71,4,4,3,11
14344,127,8,889.9300000000001,2,5,3,10
14345,39,1,108.98,3,1,1,5
14346,121,2,1021.58,2,2,4,8
14348,260,1,409.57,1,1,2,4
14349,10,1,133.5,5,1,1,7
14350,271,2,258.7,1,2,2,5
14351,165,1,51.0,2,1,1,4
14352,157,4,1078.96,2,4,4,10
14353,215,1,90.6,1,1,1,3
14354,6,2,163.62,5,2,1,8
14355,366,1,174.4,1,1,1,3
14356,60,4,666.9399999999999,3,4,3,10
14357,43,1,225.77,3,1,1,5
14359,19,6,882.58,4,4,3,11
14360,32,4,2128.23,4,4,5,13
14362,22,1,161.2,4,1,1,6
14364,109,8,3717.35,2,5,5,12
14367,8,19,9167.82,5,5,5,15
14368,320,1,155.0,1,1,1,3
14371,295,1,100.5,1,1,1,3
14373,358,1,76.55,1,1,1,3
14375,185,1,257.68,1,1,2,4
14377,191,2,617.05,1,2,3,6
14379,44,2,348.1,3,2,2,7
14381,52,1,202.68,3,1,1,5
14382,26,1,626.07,4,1,3,8
14383,38,3,1247.69,3,3,4,10
14385,9,3,202.11,5,3,1,9
14386,297,1,142.4,1,1,1,3
14387,33,3,1770.56,3,3,4,10
14388,9,10,3172.04,5,5,5,15
14389,9,5,999.72,5,4,4,13
14390,10,13,4592.47,5,5,5,15
14393,218,1,67.95,1,1,1,3
14395,2,12,3471.91,5,5,5,15
14396,65,2,487.99,3,2,3,8
14397,1,23,2556.68,5,5,5,15
14400,141,2,559.7,2,2,3,7
14401,4,14,4039.98,5,5,5,15
14403,130,5,1426.31,2,4,4,10
14404,34,7,1434.72,3,5,4,12
14406,119,1,156.75,2,1,1,4
14407,107,9,2111.08,2,5,5,12
14408,11,7,2606.53,5,5,5,15
14409,71,7,1908.25,3,5,4,12
14410,16,15,576.3,4,5,3,12
14411,311,1,1063.0,1,1,4,6
14412,35,3,761.33,3,3,3,9
14413,362,1,122.7,1,1,1,3
14414,92,8,1485.13,2,5,4,11
14415,1,18,5811.56,5,5,5,15
14416,22,2,490.22,4,2,3,9
14418,4,3,1937.25,5,3,4,12
14419,11,6,1058.06,5,4,4,13
14420,85,2,385.87,2,2,2,6
14421,57,2,813.11,3,2,3,8
14422,1,6,4263.64,5,4,5,14
14423,218,1,265.2,1,1,2,4
14424,18,1,322.08,4,1,2,7
14426,19,16,3918.9,4,5,5,14
14427,50,2,363.34,3,2,2,7
14428,7,7,1230.14,5,5,4,14
14431,299,2,397.7600000000001,1,2,2,5
14432,10,6,2255.51,5,4,5,14
14434,22,6,1372.8,4,4,4,12
14436,99,1,89.06,2,1,1,4
14437,143,2,-43.400000000000006,2,2,1,5
14438,306,1,131.9,1,1,1,3
14439,320,1,2661.24,1,1,5,7
14440,8,5,2357.6800000000003,5,4,5,14
14441,1,10,1545.14,5,5,4,14
14442,2,5,1544.62,5,4,4,13
14443,54,7,1400.88,3,5,4,12
14446,1,4,1039.58,5,4,4,13
14447,19,5,1163.23,4,4,4,12
14448,9,2,375.35,5,2,2,9
14449,19,4,907.1,4,4,3,11
14450,181,3,483.25,1,3,3,7
14451,60,2,662.59,3,2,3,8
14452,11,2,264.44,5,2,2,9
14453,190,1,119.93,1,1,1,3
14456,5,14,3047.63,5,5,5,15
14457,311,1,113.64,1,1,1,3
14459,155,1,1837.92,2,1,4,7
14460,110,4,383.34,2,4,2,8
14461,148,3,2103.06,2,3,5,10
14462,64,15,1965.9,3,5,4,12
14463,98,3,529.62,2,3,3,8
14465,247,3,1058.62,1,3,4,8
14466,29,7,2272.4,4,5,5,14
14467,18,4,598.76,4,4,3,11
14470,12,2,461.19,4,2,2,8
14472,104,8,1936.84,2,5,4,11
14473,74,2,234.34,2,2,1,5
14474,43,2,537.71,3,2,3,8
14475,72,6,799.82,2,4,3,9
14476,257,1,215.7,1,1,1,3
14477,20,5,1307.81,4,4,4,12
14479,254,2,316.25,1,2,2,5
14480,11,1,279.05,5,1,2,8
14481,165,2,636.51,2,2,3,7
14482,18,6,2068.15,4,4,5,13
14483,150,2,129.20000000000002,2,2,1,5
14484,50,1,321.92,3,1,2,6
14485,39,1,165.75,3,1,1,5
14487,27,7,1183.58,4,5,4,13
14488,51,2,1047.4299999999998,3,2,4,9
14489,207,1,463.38,1,1,2,4
14491,175,2,340.93,2,2,2,6
14493,7,7,2362.84,5,5,5,15
14494,26,1,139.56,4,1,1,6
14495,51,2,123.8,3,2,1,6
14496,312,2,538.81,1,2,3,6
14497,301,2,457.47,1,2,2,5
14498,43,5,1957.32,3,4,4,11
14499,26,3,815.32,4,3,3,10
14500,88,3,356.85,2,3,2,7
14501,64,3,190.31,3,3,1,7
14502,20,15,2351.02,4,5,5,14
14503,3,6,3543.26,5,4,5,14
14504,47,4,673.26,3,4,3,10
14505,17,11,5818.7,4,5,5,14
14506,17,5,2012.17,4,4,5,13
14507,24,7,1368.18,4,5,4,13
14508,22,2,276.42,4,2,2,8
14511,11,6,1267.41,5,4,4,13
14512,188,2,275.28,1,2,2,5
14513,101,4,438.49,2,4,2,8
14514,61,3,1055.35,3,3,4,10
14515,18,6,2102.09,4,4,5,13
14517,33,2,330.45,3,2,2,7
14518,64,1,174.37,3,1,1,5
14520,2,2,270.6,5,2,2,9
14522,24,4,974.54,4,4,4,12
14523,108,1,241.09,2,1,2,5
14524,32,9,1867.68,4,5,4,13
14525,9,13,4221.37,5,5,5,15
14527,3,86,7711.38,5,5,5,15
14528,37,1,364.22,3,1,2,6
14529,60,3,620.04,3,3,3,9
14530,26,6,2925.91,4,4,5,13
14532,236,4,932.85,1,4,4,9
14533,25,9,1812.62,4,5,4,13
14534,3,25,4075.35,5,5,5,15
14535,59,4,2841.09,3,4,5,12
14536,260,1,171.8,1,1,1,3
14537,58,1,355.56,3,1,2,6
14538,65,2,388.25,3,2,2,7
14539,16,2,537.48,4,2,3,9
14540,10,3,996.26,5,3,4,12
14541,59,8,1461.65,3,5,4,12
14542,186,1,103.25,1,1,1,3
14543,4,21,2916.17,5,5,5,15
14544,24,2,2024.45,4,2,5,11
14546,4,9,2487.02,5,5,5,15
14547,4,9,3986.74,5,5,5,15
14548,151,2,652.8,2,2,3,7
14549,311,1,289.24,1,1,2,4
14550,11,2,765.62,5,2,3,10
14551,18,2,186.23,4,2,1,7
14552,152,1,165.07,2,1,1,4
14553,19,5,859.27,4,4,3,11
14554,10,4,2381.04,5,4,5,14
14555,57,2,324.14,3,2,2,7
14557,64,2,7.105427357601002e-15,3,2,1,6
14560,7,24,2174.18,5,5,5,15
14561,76,3,1080.76,2,3,4,9
14562,4,22,4709.22,5,5,5,15
14565,96,6,3073.77,2,4,5,11
14566,111,1,1432.0,2,1,4,7
14567,35,3,1524.46,3,3,4,10
14569,1,1,227.39,5,1,1,7
14570,281,2,218.06,1,2,1,4
14572,3,10,2803.69,5,5,5,15
14573,180,13,1603.72,1,5,4,10
14576,372,1,35.400000000000006,1,1,1,3
14577,13,4,859.71,4,4,3,11
14578,3,1,168.63,5,1,1,7
14581,17,1,138.6,4,1,1,6
14582,41,1,114.11,3,1,1,5
14583,6,5,1052.55,5,4,4,13
14584,169,5,1029.26,2,4,4,10
14585,50,1,157.05,3,1,1,5
14586,227,3,134.16,1,3,1,5
14587,19,10,1598.24,4,5,4,13
14589,372,1,39.75,1,1,1,3
14591,15,4,1447.14,4,4,4,12
14592,35,3,570.46,3,3,3,9
14593,22,3,617.99,4,3,3,10
14594,7,2,379.83,5,2,2,9
14595,20,6,1740.6,4,4,4,12
14597,11,2,883.15,5,2,3,10
14598,44,1,221.97,3,1,1,5
14600,306,1,393.33,1,1,2,4
14601,11,1,213.96,5,1,1,7
14603,275,1,660.0,1,1,3,5
14606,1,128,11713.85,5,5,5,15
14607,16,17,11341.1,4,5,5,14
14608,4,4,1785.15,5,4,4,13
14609,72,4,601.56,2,4,3,9
14616,243,3,406.08,1,3,2,6
14618,9,4,538.59,5,4,3,12
14619,239,2,379.51,1,2,2,5
14620,204,3,393.28,1,3,2,6
14621,1,6,1765.76,5,4,4,13
14622,185,1,320.58,1,1,2,4
14623,32,6,869.35,4,4,3,11
14624,57,2,225.85,3,2,1,6
14625,185,5,848.48,1,4,3,8
14626,9,7,2757.07,5,5,5,15
14627,312,1,-21.85,1,1,1,3
14628,91,2,671.96,2,2,3,7
14629,4,3,939.21,5,3,4,12
14631,51,3,1006.98,3,3,4,10
14632,263,1,114.56,1,1,1,3
14633,266,1,344.9,1,1,2,4
14636,36,2,609.85,3,2,3,8
14638,51,1,443.6,3,1,2,6
14639,52,8,2952.34,3,5,5,13
14640,16,8,2042.15,4,5,5,14
14641,22,1,110.46,4,1,1,6
14642,59,1,96.12,3,1,1,5
14643,170,3,668.61,2,3,3,8
14644,9,4,780.46,5,4,3,12
14645,157,2,597.09,2,2,3,7
14646,2,77,279489.02,5,5,5,15
14647,201,1,243.22,1,1,2,4
14649,5,4,1417.29,5,4,4,13
14651,67,2,654.6,3,2,3,8
14652,77,1,114.18,2,1,1,4
14653,1,7,1947.55,5,5,4,14
14655,4,5,1930.15,5,4,4,13
14656,169,2,291.05,2,2,2,6
14657,18,5,838.27,4,4,3,11
14658,5,2,247.15,5,2,2,9
14659,9,12,2456.53,5,5,5,15
14660,87,2,285.74,2,2,2,6
14661,27,1,107.95,4,1,1,6
14662,29,4,771.17,4,4,3,11
14664,20,2,637.89,4,2,3,9
14665,61,7,1258.38,3,5,4,12
14666,24,1,195.25,4,1,1,6
14667,11,27,9231.2,5,5,5,15
14669,242,3,1269.99,1,3,4,8
14670,280,2,411.53,1,2,2,5
14672,235,2,765.55,1,2,3,6
14673,3,5,1736.4,5,4,4,13
14675,16,1,604.75,4,1,3,8
14676,31,8,2543.24,4,5,5,14
14679,372,1,-2.55,1,1,1,3
14680,25,23,26932.34,4,5,5,14
14681,71,3,498.95,3,3,3,9
14682,188,2,52.0,1,2,1,4
14684,26,5,1236.28,4,4,4,12
14687,107,1,628.38,2,1,3,6
14688,8,27,5107.38,5,5,5,15
14689,209,1,112.8,1,1,1,3
14690,44,3,358.61,3,3,2,8
14691,31,5,2114.33,4,4,5,13
14692,137,5,582.05,2,4,3,9
14693,265,1,172.9,1,1,1,3
14696,4,9,2070.97,5,5,5,15
14697,218,2,188.61,1,2,1,4
14698,2,5,1250.76,5,4,4,13
14699,214,1,109.13,1,1,1,3
14700,32,3,2235.3,4,3,5,12
14701,11,12,2486.2200000000003,5,5,5,15
14702,1,18,3250.64,5,5,5,15
14703,15,1,318.17,4,1,2,7
14704,11,9,1546.91,5,5,4,14
14705,199,1,179.0,1,1,1,3
14708,3,4,1096.67,5,4,4,13
14709,15,14,4911.14,4,5,5,14
14710,14,4,606.13,4,4,3,11
14711,10,12,2838.2,5,5,5,15
14712,29,3,917.07,4,3,4,11
14713,9,12,2664.26,5,5,5,15
14714,24,1,160.19,4,1,1,6
14715,25,4,867.38,4,4,3,11
14716,43,2,329.68,3,2,2,7
14719,2,6,1592.18,5,4,4,13
14720,6,3,663.81,5,3,3,11
14722,147,1,187.92,2,1,1,4
14723,10,6,1158.3,5,4,4,13
14725,25,1,718.08,4,1,3,8
14727,274,1,268.58,1,1,2,4
14729,374,1,313.49,1,1,2,4
14730,1,8,2005.06,5,5,5,15
14731,47,3,380.02,3,3,2,8
14732,8,10,2686.34,5,5,5,15
14733,9,15,9451.54,5,5,5,15
14735,4,34,5807.6900000000005,5,5,5,15
14737,4,3,1164.55,5,3,4,12
14738,39,9,1289.94,3,5,4,12
14739,2,8,3899.1,5,5,5,15
14740,191,4,1423.21,1,4,4,9
14741,12,6,1400.34,4,4,4,12
14744,16,9,1088.53,4,5,4,13
14745,113,6,1167.16,2,4,4,10
14747,248,2,294.3,1,2,2,5
14748,29,6,1311.79,4,4,4,12
14752,44,1,389.64,3,1,2,6
14753,87,1,563.15,2,1,3,6
14754,45,2,638.05,3,2,3,8
14755,10,12,4965.38,5,5,5,15
14756,15,1,738.96,4,1,3,8
14757,75,1,420.5,2,1,2,5
14758,145,4,1484.06,2,4,4,10
14759,5,3,1625.97,5,3,4,12
14760,294,2,53.8,1,2,1,4
14761,59,2,255.9,3,2,2,7
14762,264,1,300.52,1,1,2,4
14764,44,2,250.55,3,2,2,7
14765,29,3,254.11,4,3,2,9
14766,8,8,2423.07,5,5,5,15
14768,17,3,139.5,4,3,1,8
14769,3,10,10641.6,5,5,5,15
14770,232,2,876.42,1,2,3,6
14772,112,1,139.26,2,1,1,4
14775,58,3,1011.9,3,3,4,10
14776,51,13,2195.58,3,5,5,13
14777,4,2,-17.45,5,2,1,8
14778,127,2,730.86,2,2,3,7
14779,281,3,386.15,1,3,2,6
14780,55,2,447.68,3,2,2,7
14782,320,1,200.1,1,1,1,3
14784,26,2,289.99,4,2,2,8
14785,10,2,77.4,5,2,1,8
14788,7,2,679.4399999999999,5,2,3,10
14789,29,1,197.64,4,1,1,6
14790,17,4,745.06,4,4,3,11
14792,64,2,2.220446049250313e-16,3,2,1,6
14793,4,2,214.14,5,2,1,8
14794,3,9,1272.11,5,5,4,14
14795,166,1,131.45000000000002,2,1,1,4
14796,1,27,7839.51,5,5,5,15
14798,53,3,173.74,3,3,1,7
14799,51,1,157.7,3,1,1,5
14800,48,16,4236.34,3,5,5,13
14801,61,1,193.14,3,1,1,5
14803,162,3,845.55,2,3,3,8
14804,9,1,353.27,5,1,2,8
14805,15,4,554.65,4,4,3,11
14806,75,1,193.39,2,1,1,4
14808,40,15,2175.37,3,5,5,13
14810,41,11,2087.88,3,5,5,13
14813,370,2,155.43,1,2,1,4
14815,37,2,778.5,3,2,3,8
14816,197,1,271.85,1,1,2,4
14817,200,2,1110.34,1,2,4,7
14818,74,3,657.8,2,3,3,8
14819,64,2,272.07,3,2,2,7
14820,21,4,507.29,4,4,3,11
14821,367,1,48.8,1,1,1,3
14823,180,3,321.43,1,3,2,6
14824,10,4,1127.71,5,4,4,13
14825,4,12,2226.91,5,5,5,15
14828,197,3,2139.76,1,3,5,9
14829,29,6,644.65,4,4,3,11
14830,53,1,197.13,3,1,1,5
14834,18,8,1698.35,4,5,4,13
14836,10,3,102.45,5,3,1,9
14837,90,5,1641.2,2,4,4,10
14840,268,1,62.85,1,1,1,3
14841,53,6,3295.76,3,4,5,12
14842,35,8,2456.8,3,5,5,13
14844,64,4,3189.81,3,4,5,12
14847,149,1,309.4,2,1,2,5
14849,22,28,7904.28,4,5,5,14
14850,312,2,278.15,1,2,2,5
14851,23,2,511.35,4,2,3,9
14852,58,6,2836.69,3,4,5,12
14853,9,3,463.05,5,3,2,10
14854,78,8,2749.89,2,5,5,12
14855,119,2,645.65,2,2,3,7
14856,36,3,1311.38,3,3,4,10
14857,60,3,1165.65,3,3,4,10
14859,13,5,1352.04,4,4,4,12
14860,9,2,168.62,5,2,1,8
14861,52,1,125.79,3,1,1,5
14862,26,2,841.1999999999999,4,2,3,9
14863,29,1,266.76,4,1,2,7
14865,7,2,52.2,5,2,1,8
14866,11,13,14197.45,5,5,5,15
14867,186,4,701.33,1,4,3,8
14868,3,9,2939.64,5,5,5,15
14869,4,3,721.95,5,3,3,11
14870,262,1,327.25,1,1,2,4
14871,3,4,522.38,5,4,3,12
14873,210,1,519.68,1,1,3,5
14875,9,5,1448.72,5,4,4,13
14878,13,9,1485.54,4,5,4,13
14880,77,3,706.19,2,3,3,8
14881,20,1,255.4,4,1,2,7
14882,27,2,589.7,4,2,3,9
14883,19,7,756.64,4,5,3,12
14885,132,1,765.3199999999999,2,1,3,6
14886,253,1,364.8,1,1,2,4
14887,79,1,1862.0,2,1,4,7
14888,207,1,369.2,1,1,2,4
14889,336,1,135.9,1,1,1,3
14890,254,1,125.65,1,1,1,3
14891,148,2,554.38,2,2,3,7
14893,10,2,1237.85,5,2,4,11
14894,85,1,655.75,2,1,3,6
14895,8,24,11020.26,5,5,5,15
14896,205,2,468.77,1,2,3,6
14897,8,4,1366.38,5,4,4,13
14898,23,8,1228.32,4,5,4,13
14901,11,10,1414.99,5,5,4,14
14902,21,2,314.11,4,2,2,8
14903,21,10,2744.48,4,5,5,14
14904,2,2,1025.44,5,2,4,11
14905,154,3,599.9,2,3,3,8
14907,3,10,3478.85,5,5,5,15
14908,74,1,277.8,2,1,2,5
14910,3,7,389.86,5,5,2,12
14911,1,248,132572.62,5,5,5,15
14912,17,3,841.52,4,3,3,10
14913,36,4,1227.43,3,4,4,11
14915,86,3,258.83000000000004,2,3,2,7
14916,71,5,1264.84,3,4,4,11
14918,116,2,1610.15,2,2,4,8
14920,213,2,977.77,1,2,4,7
14921,30,2,1316.07,4,2,4,10
14923,51,1,749.1,3,1,3,7
14924,246,1,310.05,1,1,2,4
14929,32,1,223.88,4,1,1,6
14930,109,3,2372.86,2,3,5,10
14931,5,6,964.68,5,4,4,13
14932,366,1,363.53,1,1,2,4
14934,73,3,1888.84,2,3,4,9
14935,297,1,1784.71,1,1,4,6
14936,9,9,8117.42,5,5,5,15
14937,57,4,1617.63,3,4,4,11
14944,30,14,5842.95,4,5,5,14
14946,14,1,100.9,4,1,1,6
14947,72,2,290.82,2,2,2,6
14948,23,7,1066.57,4,5,4,13
14950,9,2,361.25,5,2,2,9
14951,79,1,311.69,2,1,2,5
14952,46,15,7912.79,3,5,5,13
14953,25,1,289.82,4,1,2,7
14954,12,1,336.17,4,1,2,7
14957,253,1,58.49,1,1,1,3
14958,147,3,499.68,2,3,3,8
14959,59,5,684.97,3,4,3,10
14960,8,2,221.27,5,2,1,8
14961,11,12,7006.58,5,5,5,15
14962,271,1,126.7,1,1,1,3
14963,10,5,1487.8,5,4,4,13
14964,247,1,206.21,1,1,1,3
14965,96,2,599.0,2,2,3,7
14966,15,1,191.32,4,1,1,6
14967,50,1,463.8,3,1,2,6
14968,30,1,147.59,4,1,1,6
14970,68,4,1592.06,3,4,4,11
14971,35,3,1116.57,3,3,4,10
14972,128,1,114.77,2,1,1,4
14973,107,3,1314.45,2,3,4,9
14974,37,1,114.39,3,1,1,5
14975,57,1,279.94,3,1,2,6
14976,57,8,765.86,3,5,3,11
14978,72,5,1931.42,2,4,4,10
14981,246,1,102.12,1,1,1,3
14984,19,2,213.27,4,2,1,7
14985,198,2,296.75,1,2,2,5
14987,16,2,326.4,4,2,2,8
14988,212,1,334.54,1,1,2,4
14995,39,2,233.23,3,2,1,6
14997,46,4,540.98,3,4,3,10
14998,170,2,429.87,2,2,2,6
15000,48,1,490.52,3,1,3,7
15002,116,4,1641.76,2,4,4,10
15004,147,1,1246.32,2,1,4,7
15005,16,35,6180.49,4,5,5,14
15006,51,1,502.09,3,1,3,7
15007,159,1,156.91,2,1,1,4
15009,12,3,1261.78,4,3,4,11
15010,36,1,308.94,3,1,2,6
15012,54,2,423.04,3,2,2,7
15014,43,2,260.17,3,2,2,7
15016,173,1,170.04,2,1,1,4
15017,34,1,125.58,3,1,1,5
15018,39,4,456.26,3,4,2,9
15019,267,1,266.0,1,1,2,4
15021,9,13,1872.28,5,5,4,14
15022,12,4,905.04,4,4,3,11
15023,3,12,6763.16,5,5,5,15
15024,10,10,1661.33,5,5,4,14
15025,33,1,377.01,3,1,2,6
15026,80,3,469.0,2,3,3,8
15027,31,6,1051.95,4,4,4,12
15028,8,4,627.13,5,4,3,12
15030,72,2,518.28,2,2,3,7
15031,4,4,668.14,5,4,3,12
15032,256,5,4464.1,1,4,5,10
15033,5,11,2571.02,5,5,5,15
15034,16,11,4277.66,4,5,5,14
15035,90,1,252.73,2,1,2,5
15036,72,3,465.55,2,3,3,8
15038,43,7,665.59,3,5,3,11
15039,10,52,19786.44,5,5,5,15
15041,170,1,180.35,2,1,1,4
15042,199,1,135.93,1,1,1,3
15043,31,1,537.0,4,1,3,8
15044,19,22,7629.38,4,5,5,14
15045,152,3,633.66,2,3,3,8
15046,9,16,5064.01,5,5,5,15
15047,270,1,343.62,1,1,2,4
15048,65,5,380.57,3,4,2,9
15049,274,1,121.17000000000002,1,1,1,3
15050,25,5,1727.17,4,4,4,12
15051,23,3,1391.61,4,3,4,11
15052,319,1,215.78,1,1,1,3
15053,5,3,697.79,5,3,3,11
15054,12,2,302.1,4,2,2,8
15057,275,2,1489.5,1,2,4,7
15058,25,11,2124.99,4,5,5,14
15059,41,11,1325.82,3,5,4,12
15060,8,4,303.09,5,4,2,11
15061,4,55,54228.74,5,5,5,15
15062,71,4,987.86,3,4,4,11
15063,213,1,370.7999999999999,1,1,2,4
15065,38,6,3135.98,3,4,5,12
15066,32,2,760.59,4,2,3,9
15067,78,3,1744.76,2,3,4,9
15068,46,2,553.36,3,2,3,8
15069,179,1,1109.53,1,1,4,6
15070,373,1,106.2,1,1,1,3
15071,94,2,982.07,2,2,4,8
15073,10,4,612.43,5,4,3,12
15074,105,1,748.87,2,1,3,6
15075,78,1,773.03,2,1,3,6
15076,173,1,880.85,2,1,3,6
15078,7,38,9623.35,5,5,5,15
15079,213,5,893.66,1,4,3,8
15081,22,6,487.35,4,4,3,11
15083,257,1,88.2,1,1,1,3
15087,282,1,306.94,1,1,2,4
15088,21,3,1140.27,4,3,4,11
15089,10,6,2420.84,5,4,5,14
15090,308,1,381.32,1,1,2,4
15091,54,2,476.96,3,2,3,8
15092,215,2,457.81,1,2,2,5
15093,18,9,4410.14,4,5,5,14
15095,104,5,1364.7,2,4,4,10
15096,43,1,219.39,3,1,1,5
15097,4,1,248.08,5,1,2,8
15098,182,5,649.5,1,4,3,8
15099,84,1,410.48,2,1,2,5
15100,330,6,635.0999999999999,1,4,3,8
15101,9,3,310.03000000000003,5,3,2,10
15103,31,2,703.36,4,2,3,9
15104,167,3,1002.54,2,3,4,9
15105,18,7,2298.93,4,5,5,14
15106,18,7,1407.73,4,5,4,13
15107,311,8,247.66,1,5,2,8
15108,142,5,1291.75,2,4,4,10
15109,241,2,463.75,1,2,2,5
15110,24,7,970.25,4,5,4,13
15111,29,3,1567.48,4,3,4,11
15113,10,4,3439.41,5,4,5,14
15114,30,10,2760.56,4,5,5,14
15115,18,1,340.11,4,1,2,7
15116,18,4,1352.75,4,4,4,12
15117,15,6,1550.13,4,4,4,12
15118,134,1,244.8,2,1,2,5
15119,246,1,266.4,1,1,2,4
15120,130,2,343.82,2,2,2,6
15121,50,2,457.72,3,2,2,7
15122,85,6,1612.13,2,4,4,10
15123,7,2,2199.31,5,2,5,12
15124,23,2,184.19,4,2,1,7
15125,25,23,11117.05,4,5,5,14
15127,66,1,406.53,3,1,2,6
15128,60,8,1419.54,3,5,4,12
15129,50,11,3447.4,3,5,5,13
15130,170,1,330.11,2,1,2,5
15132,18,5,977.93,4,4,4,12
15133,128,3,982.42,2,3,4,9
15134,15,8,1387.99,4,5,4,13
15135,233,2,127.15,1,2,1,4
15136,3,5,1282.45,5,4,4,13
15139,240,2,178.96,1,2,1,4
15140,52,8,2350.0,3,5,5,13
15142,46,1,498.74,3,1,3,7
15143,226,1,259.45,1,1,2,4
15144,8,18,6530.04,5,5,5,15
15145,4,4,1194.73,5,4,4,13
15146,165,3,1313.66,2,3,4,9
15147,219,2,608.65,1,2,3,6
15148,11,1,301.29,5,1,2,8
15149,134,1,520.8000000000001,2,1,3,6
15150,17,11,5303.97,4,5,5,14
15152,10,16,4684.24,5,5,5,15
15153,31,1,329.25,4,1,2,7
15154,74,2,240.27,2,2,2,6
15156,1,3,961.49,5,3,4,12
15157,4,5,1869.5,5,4,4,13
15158,45,1,401.4,3,1,2,6
15159,2,34,18573.68,5,5,5,15
15160,357,1,158.16,1,1,1,3
15163,18,2,304.46999999999997,4,2,2,8
15164,69,3,843.05,3,3,3,9
15165,373,1,487.75,1,1,3,5
15167,321,1,163.0,1,1,1,3
15168,26,1,106.56,4,1,1,6
15171,325,2,1034.5,1,2,4,7
15172,9,5,1624.05,5,4,4,13
15174,323,1,135.75,1,1,1,3
15175,72,1,224.14,2,1,1,4
15178,260,1,40.5,1,1,1,3
15179,18,7,2186.2,4,5,5,14
15180,367,1,87.5,1,1,1,3
15181,66,5,680.28,3,4,3,10
15182,154,2,622.85,2,2,3,7
15184,29,2,406.76,4,2,2,8
15185,70,1,310.62,3,1,2,6
15186,14,2,411.41,4,2,2,8
15187,2,18,4670.08,5,5,5,15
15189,1,53,15802.14,5,5,5,15
15192,120,3,1044.32,2,3,4,9
15193,61,1,499.32,3,1,3,7
15194,3,22,7521.17,5,5,5,15
15195,3,1,3861.0,5,1,5,11
15197,9,5,656.44,5,4,3,12
15198,92,2,193.64,2,2,1,5
15199,59,4,1268.7,3,4,4,11
15201,79,11,927.84,2,5,4,11
15203,26,6,1827.8,4,4,4,12
15204,357,1,316.58,1,1,2,4
15205,85,3,648.8299999999999,2,3,3,8
15206,10,4,420.3,5,4,2,11
15208,1,6,867.62,5,4,3,12
15210,225,1,331.18,1,1,2,4
15211,60,2,894.41,3,2,3,8
15212,239,2,88.94999999999999,1,2,1,4
15213,319,3,325.05,1,3,2,6
15214,2,8,1661.44,5,5,4,14
15215,45,6,615.99,3,4,3,10
15216,88,1,96.6,2,1,1,4
15218,11,11,5756.89,5,5,5,15
15219,176,1,305.75,2,1,2,5
15220,52,7,1758.92,3,5,4,12
15221,366,2,114.1,1,2,1,4
15222,319,1,585.0,1,1,3,5
15223,226,3,454.9,1,3,2,6
15224,358,3,310.48,1,3,2,6
15225,234,1,409.4,1,1,2,4
15226,311,1,154.41,1,1,1,3
15227,37,5,1219.4,3,4,4,11
15228,66,5,3376.96,3,4,5,12
15230,239,2,429.6,1,2,2,5
15232,113,2,612.06,2,2,3,7
15234,277,1,197.0,1,1,1,3
15235,218,12,2247.51,1,5,5,11
15236,299,1,321.05,1,1,2,4
15237,2,4,1412.32,5,4,4,13
15238,29,5,1056.54,4,4,4,12
15239,10,3,764.34,5,3,3,11
15240,45,7,1685.57,3,5,4,12
15241,67,9,1738.59,3,5,4,12
15243,74,1,316.68,2,1,2,5
15244,65,2,631.57,3,2,3,8
15245,134,3,2515.84,2,3,5,10
15246,238,2,514.15,1,2,3,6
15247,122,1,356.0,2,1,2,5
15249,32,15,6657.36,4,5,5,14
15251,9,15,10327.11,5,5,5,15
15252,36,2,740.78,3,2,3,8
15253,16,6,915.3,4,4,4,12
15254,127,1,300.36,2,1,2,5
15255,67,1,890.85,3,1,3,7
15256,149,1,98.45,2,1,1,4
15257,281,2,232.15,1,2,1,4
15258,169,2,623.16,2,2,3,7
15260,100,8,1780.77,2,5,4,11
15261,135,1,254.82,2,1,2,5
15262,324,1,178.95000000000002,1,1,1,3
15263,107,1,156.51,2,1,1,4
15264,64,1,393.74,3,1,2,6
15265,151,2,1506.12,2,2,4,8
15266,338,1,119.3,1,1,1,3
15267,22,5,1717.36,4,4,4,12
15269,24,1,408.8,4,1,2,7
15270,16,9,2298.2,4,5,5,14
15271,7,16,2485.82,5,5,5,15
15272,57,2,721.94,3,2,3,8
15274,4,2,716.57,5,2,3,10
15275,31,2,609.19,4,2,3,9
15276,66,1,135.31,3,1,1,5
15277,47,1,255.9,3,1,2,6
15279,355,2,277.40999999999997,1,2,2,5
15280,172,1,113.12,2,1,1,4
15281,59,12,2239.95,3,5,5,13
15286,50,1,240.55,3,1,2,6
15287,22,3,485.24,4,3,3,10
15288,43,5,2306.52,3,4,5,12
15289,29,4,935.1,4,4,4,12
15290,5,21,7803.77,5,5,5,15
15291,26,20,4596.51,4,5,5,14
15292,201,1,180.94,1,1,1,3
15296,44,10,3610.31,3,5,5,13
15297,10,4,635.04,5,4,3,12
15298,2,14,3774.1,5,5,5,15
15299,67,11,3787.09,3,5,5,13
15300,64,1,496.44,3,1,3,7
15301,51,14,5028.12,3,5,5,13
15303,290,1,574.02,1,1,3,5
15304,61,10,680.3000000000001,3,5,3,11
15306,64,3,1174.35,3,3,4,10
15307,96,1,205.3,2,1,1,4
15308,271,2,302.27,1,2,2,5
15311,1,118,59419.34,5,5,5,15
15312,75,5,921.1,2,4,4,10
15313,110,1,52.0,2,1,1,4
15314,199,1,327.97,1,1,2,4
15315,64,3,551.54,3,3,3,9
15316,327,1,165.0,1,1,1,3
15318,4,1,312.62,5,1,2,8
15319,284,1,204.5,1,1,1,3
15320,44,1,267.13,3,1,2,6
15321,49,4,2650.73,3,4,5,12
15322,64,2,602.97,3,2,3,8
15325,104,1,162.29,2,1,1,4
15326,334,1,311.71,1,1,2,4
15327,53,1,208.75,3,1,1,5
15329,35,5,1005.5,3,4,4,11
15330,32,2,714.9599999999999,4,2,3,9
15332,366,4,1661.06,1,4,4,9
15333,208,1,1028.56,1,1,4,6
15334,157,3,351.67,2,3,2,7
15335,54,1,173.97,3,1,1,5
15339,66,3,557.57,3,3,3,9
15341,81,1,2020.52,2,1,5,8
15342,116,2,391.76,2,2,2,6
15343,87,1,364.5,2,1,2,5
15344,1,5,476.58,5,4,3,12
15345,35,2,367.69,3,2,2,7
15346,333,1,252.42,1,1,2,4
15347,366,1,201.6,1,1,1,3
15348,72,1,158.04,2,1,1,4
15349,158,2,473.81,2,2,3,7
15350,373,1,115.65,1,1,1,3
15351,12,10,1862.14,4,5,4,13
15353,255,2,777.02,1,2,3,6
15355,29,2,277.05,4,2,2,8
15356,31,10,2766.5,4,5,5,14
15358,5,29,8234.8,5,5,5,15
15360,40,1,427.93,3,1,2,6
15361,362,1,418.92,1,1,2,4
15363,241,2,318.05,1,2,2,5
15364,96,2,913.19,2,2,4,8
15365,26,9,1330.45,4,5,4,13
15366,75,2,602.51,2,2,3,7
15367,57,5,1867.69,3,4,4,11
15368,21,1,446.94000000000005,4,1,2,7
15369,144,1,-1592.49,2,1,1,4
15370,41,8,2360.55,3,5,5,13
15372,137,1,2007.4,2,1,5,8
15373,8,13,2213.11,5,5,5,15
15374,129,1,168.0,2,1,1,4
15376,40,3,1233.36,3,3,4,10
15379,169,8,3631.89,2,5,5,12
15380,9,6,1682.36,5,4,4,13
15381,214,2,596.85,1,2,3,6
15382,15,8,5927.86,4,5,5,14
15384,170,3,635.76,2,3,3,8
15385,40,1,316.88,3,1,2,6
15386,186,1,394.14,1,1,2,4
15388,270,1,140.54,1,1,1,3
15389,172,1,500.0,2,1,3,6
15392,5,5,1515.73,5,4,4,13
15393,16,2,231.86,4,2,1,7
15394,10,4,2183.54,5,4,5,14
15395,326,1,107.45,1,1,1,3
15396,113,1,288.18,2,1,2,5
15397,290,1,94.0,1,1,1,3
15398,16,3,1339.63,4,3,4,11
15399,1,3,815.77,5,3,3,11
15400,92,6,666.7,2,4,3,9
15402,149,2,626.77,2,2,3,7
15405,189,1,349.1,1,1,2,4
15406,18,4,426.61,4,4,2,10
15407,34,4,1056.44,3,4,4,11
15408,264,1,267.18,1,1,2,4
15410,84,8,3450.84,2,5,5,12
15411,26,5,1346.38,4,4,4,12
15412,171,1,190.53,2,1,1,4
15414,10,3,774.9000000000001,5,3,3,11
15415,313,1,572.8100000000001,1,1,3,5
15416,65,5,3974.37,3,4,5,12
15417,85,1,508.8,2,1,3,6
15419,25,1,135.86,4,1,1,6
15421,59,4,950.36,3,4,4,11
15422,323,2,97.7,1,2,1,4
15423,38,1,43.5,3,1,1,5
15424,254,2,383.34,1,2,2,5
15426,19,7,1429.9,4,5,4,13
15427,33,3,1483.14,3,3,4,10
15428,15,1,93.78,4,1,1,6
15429,27,3,364.9,4,3,2,9
15432,23,1,171.19,4,1,1,6
15433,79,3,417.87,2,3,2,7
15434,8,6,997.48,5,4,4,13
15435,22,1,149.29,4,1,1,6
15436,12,3,1122.53,4,3,4,11
15437,262,1,200.16,1,1,1,3
15438,131,1,156.58,2,1,1,4
15440,55,3,383.68,3,3,2,8
15442,249,1,594.0,1,1,3,5
15443,2,8,3212.16,5,5,5,15
15444,9,2,1418.26,5,2,4,11
15445,264,1,113.5,1,1,1,3
15447,331,1,155.17,1,1,1,3
15448,313,1,494.64,1,1,3,5
15449,26,5,971.22,4,4,4,12
15450,30,1,429.84,4,1,2,7
15452,30,3,538.73,4,3,3,10
15453,2,7,1388.37,5,5,4,14
15454,362,1,179.1,1,1,1,3
15456,283,3,447.22,1,3,2,6
15457,262,1,237.07,1,1,2,4
15458,25,1,161.64,4,1,1,6
15460,354,1,216.76,1,1,1,3
15462,94,3,234.6,2,3,2,7
15463,29,1,126.14,4,1,1,6
15464,338,1,1048.85,1,1,4,6
15465,20,24,6945.0199999999995,4,5,5,14
15466,85,1,334.53,2,1,2,5
15467,9,4,511.88,5,4,3,12
15468,35,5,438.46,3,4,2,9
15469,43,4,504.5,3,4,3,10
15471,2,1,469.48,5,1,3,9
15472,113,1,371.56,2,1,2,5
15473,14,10,1465.2,4,5,4,13
15475,77,1,454.11,2,1,2,5
15478,40,2,1441.42,3,3,4,10
15480,116,1,905.5,2,1,3,6
15482,16,16,6568.72,4,5,5,14
15483,161,4,233.81,2,4,1,7
15484,1,5,3563.11,5,4,5,14
15485,30,3,2575.0,4,3,5,12
15488,93,1,91.32,2,1,1,4
15489,23,4,1090.03,4,4,4,12
15491,95,7,3090.85,2,5,5,12
15492,28,2,659.4599999999999,4,3,3,10
15493,33,7,1967.25,3,5,4,12
15494,21,2,1299.23,4,3,4,11
15497,18,3,1259.7,4,3,4,11
15498,1,35,12396.46,5,5,5,15
15500,8,4,1131.56,5,4,4,13
15502,16,23,5541.46,4,5,5,14
15503,363,1,147.09,1,1,1,3
15504,81,1,52.83,2,1,1,4
15505,53,7,3497.14,3,5,5,13
15506,23,3,979.26,4,3,4,11
15507,172,1,492.36,2,1,3,6
15508,189,6,1000.27,1,4,4,9
15510,331,1,250.0,1,1,2,4
15511,12,5,909.23,4,4,3,11
15512,156,2,121.0,2,3,1,6
15513,31,22,14520.08,4,5,5,14
15514,12,13,2963.19,4,5,5,14
15516,45,3,62.43,3,3,1,7
15517,233,1,267.03,1,1,2,4
15518,64,13,1911.89,3,5,4,12
15520,2,1,343.5,5,1,2,8
15521,36,13,2574.65,3,5,5,13
15522,33,2,398.84,3,3,2,8
15523,84,1,412.0100000000001,2,1,2,5
15524,25,1,440.0,4,1,2,7
15525,2,4,811.02,5,4,3,12
15526,33,2,148.44,3,3,1,7
15527,19,10,2348.82,4,5,5,14
15528,254,1,229.33,1,1,1,3
15529,23,12,3967.78,4,5,5,14
15530,22,4,1502.35,4,4,4,12
15531,8,2,2007.44,5,3,5,13
15532,25,6,1517.08,4,4,4,12
15533,19,5,746.92,4,4,3,11
15535,173,7,459.9,2,5,2,9
15537,163,1,110.92,2,1,1,4
15539,7,1,538.46,5,1,3,9
15540,11,1,213.3,5,1,1,7
15541,114,1,85.13000000000001,2,1,1,4
15543,288,1,127.86,1,1,1,3
15544,9,11,3542.51,5,5,5,15
15545,54,2,292.72,3,3,2,8
15547,7,14,4954.84,5,5,5,15
15549,77,4,1655.76,2,4,4,10
15550,4,4,575.63,5,4,3,12
15551,37,1,436.06,3,1,2,6
15552,217,1,90.12,1,1,1,3
15553,60,1,437.23,3,1,2,6
15554,278,1,217.2,1,1,1,3
15555,12,20,4758.2,4,5,5,14
15556,24,1,279.77,4,1,2,7
15557,29,1,473.65,4,1,3,8
15561,12,5,722.74,4,4,3,11
15562,352,1,134.55,1,1,1,3
15563,9,7,1319.69,5,5,4,14
15565,50,2,173.16000000000005,3,3,1,7
15567,19,1,186.01,4,1,1,6
15568,3,3,758.29,5,3,3,11
15569,104,5,1375.71,2,4,4,10
15570,7,13,4109.97,5,5,5,15
15571,12,4,650.4300000000001,4,4,3,11
15572,5,7,2552.86,5,5,5,15
15573,32,2,607.45,4,3,3,10
15574,178,4,702.25,2,4,3,9
15576,38,1,940.67,3,1,4,8
15577,151,3,258.88,2,3,2,7
15578,162,1,127.1,2,1,1,4
15579,69,2,348.6,3,3,2,8
15581,121,14,3429.9700000000003,2,5,5,12
15582,25,3,682.9100000000001,4,3,3,10
15584,24,5,722.61,4,4,3,11
15585,177,1,455.3,2,1,2,5
15587,50,4,913.68,3,4,4,11
15589,253,4,456.58,1,4,2,7
15590,289,1,-30.19,1,1,1,3
15592,47,1,388.58,3,1,2,6
15593,71,1,199.8,3,1,1,5
15594,16,6,1767.53,4,4,4,12
15596,101,9,1343.34,2,5,4,11
15597,30,2,315.72,4,3,2,9
15598,35,3,235.68,3,3,2,8
15599,27,2,761.74,4,3,3,10
15601,11,18,6745.36,5,5,5,15
15602,8,15,1083.63,5,5,4,14
15603,79,1,48.48,2,1,1,4
15604,52,1,216.39,3,1,1,5
15605,36,5,1198.23,3,4,4,11
15606,57,11,2422.64,3,5,5,13
15607,337,1,104.76,1,1,1,3
15608,28,4,1093.68,4,4,4,12
15609,183,2,270.03000000000003,1,3,2,6
15610,52,1,112.46,3,1,1,5
15611,10,15,1568.39,5,5,4,14
15612,36,2,195.15,3,3,1,7
15615,10,27,10360.04,5,5,5,15
15618,33,5,747.031,3,4,3,10
15619,11,1,336.4,5,1,2,8
15620,50,6,1524.4,3,4,4,11
15621,4,6,1158.77,5,4,4,13
15622,3,16,3224.53,5,5,5,15
15623,141,1,301.03,2,1,2,5
15624,117,4,588.13,2,4,3,9
15625,100,8,1504.56,2,5,4,11
15626,75,2,675.8,2,3,3,8
15628,5,10,2865.64,5,5,5,15
15630,45,3,1180.4,3,3,4,10
15632,16,10,3147.31,4,5,5,14
15634,17,1,243.55,4,1,2,7
15636,90,2,724.76,2,3,3,8
15637,53,1,223.36,3,1,1,5
15638,301,1,-94.0,1,1,1,3
15639,134,1,425.32,2,1,2,5
15640,4,17,12433.34,5,5,5,15
15641,105,4,1887.2,2,4,4,10
15643,179,6,647.4,1,4,3,8
15644,166,4,813.0,2,4,3,9
15645,19,1,612.01,4,1,3,8
15646,158,4,425.14,2,4,2,8
15648,204,4,599.9,1,4,3,8
15649,336,2,816.0,1,3,3,7
15651,37,3,646.3,3,3,3,9
15652,91,1,337.74,2,1,2,5
15653,93,2,877.44,2,3,3,8
15654,9,2,922.53,5,3,4,12
15655,233,2,511.32,1,3,3,7
15656,45,4,748.5,3,4,3,10
15657,23,1,30.0,4,1,1,6
15658,190,8,958.9,1,5,4,10
15659,44,1,306.45,3,1,2,6
15660,25,12,1552.01,4,5,4,13
15661,317,2,309.8,1,3,2,6
15663,106,1,138.14,2,1,1,4
15664,51,2,358.63,3,3,2,8
15665,168,2,2242.01,2,3,5,10
15667,40,1,301.32,3,1,2,6
15668,218,1,76.32000000000001,1,1,1,3
15669,40,5,677.69,3,4,3,10
15670,297,1,173.05,1,1,1,3
15671,19,10,2635.49,4,5,5,14
15673,88,4,2881.02,2,4,5,11
15674,73,8,1744.02,2,5,4,11
15675,81,3,323.69,2,3,2,7
15676,9,5,3324.09,5,4,5,14
15677,49,1,657.23,3,1,3,7
15678,53,1,352.70000000000005,3,1,2,6
15679,24,4,781.28,4,4,3,11
15680,9,3,1333.68,5,3,4,12
15681,18,6,946.36,4,4,4,12
15683,117,1,193.75,2,1,1,4
15687,9,11,2981.5,5,5,5,15
15689,120,2,254.1,2,3,2,7
15690,4,2,239.76,5,3,2,10
15691,252,1,136.8,1,1,1,3
15692,28,1,191.04,4,1,1,6
15694,1,15,6423.6,5,5,5,15
15695,267,2,409.98,1,3,2,6
15696,33,12,2644.46,3,5,5,13
15699,18,1,309.65,4,1,2,7
15700,172,3,664.03,2,3,3,8
15701,2,4,1542.14,5,4,4,13
15703,265,1,211.5,1,1,1,3
15704,140,4,2293.62,2,4,5,11
15705,201,1,143.1,1,1,1,3
15706,60,7,1001.81,3,5,4,12
15707,35,4,945.58,3,4,4,11
15708,41,11,3329.7200000000003,3,5,5,13
15709,284,1,133.25,1,1,1,3
15712,9,5,1072.36,5,4,4,13
15713,143,3,346.75,2,3,2,7
15714,12,2,330.88,4,3,2,9
15716,146,4,1118.81,2,4,4,10
15717,234,1,150.3,1,1,1,3
15719,33,14,5043.96,3,5,5,13
15720,24,1,598.73,4,1,3,8
15721,12,1,507.08,4,1,3,8
15722,36,6,2181.21,3,4,5,12
15723,365,1,203.1,1,1,1,3
15724,201,3,212.3,1,3,1,5
15725,15,1,415.25,4,1,2,7
15727,17,7,5178.96,4,5,5,14
15728,49,1,-134.8,3,1,1,5
15729,198,2,62.0,1,3,1,5
15730,66,4,1108.38,3,4,4,11
15732,212,2,294.12,1,3,2,6
15733,283,1,162.3,1,1,1,3
15734,115,2,1339.45,2,3,4,9
15737,15,12,1121.21,4,5,4,13
15738,19,19,4788.77,4,5,5,14
15739,66,1,449.12,3,1,2,6
15740,49,1,154.88,3,1,1,5
15743,16,4,784.46,4,4,3,11
15744,78,1,34.8,2,1,1,4
15745,9,6,1071.24,5,4,4,13
15746,134,2,182.96,2,3,1,6
15747,13,3,974.04,4,3,4,11
15748,40,1,149.31,3,1,1,5
15749,235,4,21535.9,1,4,5,10
15750,3,9,2451.23,5,5,5,15
15752,40,8,2628.93,3,5,5,13
15753,305,1,79.2,1,1,1,3
15754,51,4,455.67,3,4,2,9
15755,1,8,2318.88,5,5,5,15
15756,61,4,532.96,3,4,3,10
15757,66,2,714.42,3,3,3,9
15758,25,1,205.25,4,1,1,6
15759,218,3,253.04,1,3,2,6
15762,65,2,583.75,3,3,3,9
15763,32,3,1048.67,4,3,4,11
15764,81,10,3245.47,2,5,5,12
15766,64,1,315.06,3,1,2,6
15768,116,4,581.83,2,4,3,9
15769,7,29,51823.72,5,5,5,15
15773,6,1,635.6800000000001,5,1,3,9
15774,69,1,270.8,3,1,2,6
15775,245,1,104.9,1,1,1,3
15776,133,1,241.62,2,1,2,5
15777,241,5,1021.61,1,4,4,9
15780,184,3,475.28,1,3,3,7
15781,25,4,333.56,4,4,2,10
15782,10,4,2593.94,5,4,5,14
15783,11,1,246.3,5,1,2,8
15785,30,8,2303.75,4,5,5,14
15786,44,5,4834.2,3,4,5,12
15787,26,3,948.05,4,3,4,11
15789,358,1,351.3,1,1,2,4
15790,10,1,220.85,5,1,1,7
15791,44,3,1604.44,3,3,4,10
15793,9,4,948.96,5,4,4,13
15795,150,1,610.01,2,1,3,6
15796,1,10,2666.61,5,5,5,15
15797,113,4,2207.4,2,4,5,11
15799,76,3,884.14,2,3,3,8
15800,107,2,699.08,2,3,3,8
15801,46,4,1042.19,3,4,4,11
15802,143,3,-451.42,2,3,1,6
15803,51,1,415.82,3,1,2,6
15804,1,19,3848.55,5,5,5,15
15805,23,20,5452.17,4,5,5,14
15806,46,3,784.58,3,3,3,9
15807,50,3,903.9,3,3,3,9
15808,306,5,3724.77,1,4,5,10
15809,36,6,399.21,3,4,2,9
15810,79,7,1145.43,2,5,4,11
15811,17,9,2171.32,4,5,5,14
15812,107,5,1801.14,2,4,4,10
15813,208,2,1303.91,1,3,4,8
15814,3,6,1842.73,5,4,4,13
15815,64,5,2100.6,3,4,5,12
15819,49,4,1905.45,3,4,4,11
15820,320,1,206.98,1,1,1,3
15821,44,2,570.96,3,3,3,9
15822,3,2,885.47,5,3,3,11
15823,337,2,-840.76,1,3,1,5
15825,172,1,532.94,2,1,3,6
15826,51,4,1649.36,3,4,4,11
15827,73,20,1641.48,2,5,4,11
15829,99,2,636.14,2,3,3,8
15830,29,2,547.7,4,3,3,10
15831,58,5,747.76,3,4,3,10
15832,254,1,836.79,1,1,3,5
15834,70,6,2084.9,3,4,5,12
15835,44,4,954.09,3,4,4,11
15836,45,2,117.47,3,3,1,7
15837,65,1,391.98,3,1,2,6
15838,11,21,33350.76,5,5,5,15
15839,25,5,1020.74,4,4,4,12
15840,59,3,345.65999999999997,3,3,2,8
15841,64,6,1209.1,3,4,4,11
15843,304,1,118.95000000000002,1,1,1,3
15844,46,1,130.74,3,1,1,5
15845,18,10,3650.87,4,5,5,14
15847,38,2,389.27,3,3,2,8
15850,19,2,238.85,4,3,2,9
15852,187,2,160.71,1,3,1,5
15853,52,1,110.8,3,1,1,5
15854,4,12,2974.65,5,5,5,15
15855,137,5,712.24,2,4,3,9
15856,4,31,16173.67,5,5,5,15
15857,19,1,297.0,4,1,2,7
15858,16,5,1438.85,4,4,4,12
15860,41,8,977.21,3,5,4,12
15861,12,9,3000.36,4,5,5,14
15862,8,4,832.88,5,4,3,12
15863,26,2,68.84,4,3,1,8
15864,22,8,1769.78,4,5,4,13
15865,41,3,895.13,3,3,3,9
15866,101,1,230.53,2,1,1,4
15867,5,16,3797.79,5,5,5,15
15869,277,2,149.64,1,3,1,5
15870,33,1,354.09000000000003,3,1,2,6
15872,15,2,360.93,4,3,2,9
15874,63,9,4330.67,3,5,5,13
15877,2,3,440.78,5,3,2,10
15880,369,2,313.28,1,3,2,6
15881,312,8,438.24,1,5,2,8
15882,199,5,495.36,1,4,3,8
15883,2,2,396.48,5,3,2,10
15885,93,3,379.35,2,3,2,7
15886,60,1,181.09,3,1,1,5
15888,80,2,141.27,2,3,1,6
15889,157,2,446.87,2,3,2,7
15891,227,1,524.52,1,1,3,5
15894,253,2,263.55,1,3,2,6
15895,150,1,179.17,2,1,1,4
15897,194,2,222.05,1,3,1,5
15898,1,6,1384.68,5,4,4,13
15899,369,1,56.25,1,1,1,3
15900,24,1,351.11,4,1,2,7
15901,17,3,363.88,4,3,2,9
15903,10,8,5126.34,5,5,5,15
15904,8,1,164.68,5,1,1,7
15906,20,8,1521.79,4,5,4,13
15907,4,3,967.45,5,3,4,12
15909,174,1,191.94,2,1,1,4
15910,1,8,1232.18,5,5,4,14
15912,178,2,264.62,2,3,2,7
15916,16,10,1491.24,4,5,4,13
15917,248,1,123.1,1,1,1,3
15918,191,2,334.23,1,3,2,6
15919,20,2,639.89,4,3,3,10
15920,154,4,167.5,2,4,1,7
15921,173,1,336.03,2,1,2,5
15922,372,2,363.6,1,3,2,6
15923,373,1,127.08,1,1,1,3
15925,194,1,207.15,1,1,1,3
15930,67,1,426.63,3,1,2,6
15932,4,11,2461.85,5,5,5,15
15933,21,3,1107.46,4,3,4,11
15935,239,2,416.86,1,3,2,6
15937,64,1,145.35,3,1,1,5
15938,112,5,404.58,2,4,2,8
15939,90,16,6102.26,2,5,5,12
15940,311,2,31.799999999999997,1,3,1,5
15942,134,1,337.44,2,1,2,5
15944,277,1,325.1,1,1,2,4
15945,365,1,181.0,1,1,1,3
15947,83,1,1708.24,2,1,4,7
15948,8,2,955.24,5,3,4,12
15949,17,2,364.72,4,3,2,9
15950,2,5,1705.26,5,4,4,13
15951,1,3,669.57,5,3,3,11
15952,34,4,806.57,3,4,3,10
15953,15,10,1634.53,4,5,4,13
15955,24,16,4389.81,4,5,5,14
15957,32,1,428.89,4,1,2,7
15958,74,1,104.35,2,1,1,4
15963,20,2,470.76,4,3,3,10
15965,17,4,845.64,4,4,3,11
15967,23,2,418.83,4,3,2,9
15969,3,4,582.9,5,4,3,12
15970,304,1,314.09999999999997,1,1,2,4
15971,18,12,4199.85,4,5,5,14
15973,236,3,99.77,1,3,1,5
15974,39,8,3429.55,3,5,5,13
15975,84,1,371.01,2,1,2,5
15976,165,2,430.94,2,3,2,7
15977,17,2,1054.73,4,3,4,11
15978,77,1,1098.78,2,1,4,7
15980,89,3,2398.86,2,3,5,10
15981,25,8,3408.48,4,5,5,14
15983,22,4,1475.02,4,4,4,12
15984,3,11,2816.9700000000003,5,5,5,15
15985,123,3,1037.42,2,3,4,9
15986,30,1,168.11999999999998,4,1,1,6
15987,12,7,1451.28,4,5,4,13
15988,19,1,158.03,4,1,1,6
15990,44,2,792.11,3,3,3,9
15992,4,1,41.989999999999995,5,1,1,7
15993,9,10,2756.82,5,5,5,15
15994,55,1,427.07,3,1,2,6
15996,88,7,1044.78,2,5,4,11
15998,37,6,3084.17,3,4,5,12
16000,3,3,12393.7,5,3,5,13
16003,30,5,2735.37,4,4,5,13
16005,12,4,615.39,4,4,3,11
16006,211,1,101.4,1,1,1,3
16007,48,4,1701.94,3,4,4,11
16008,24,3,478.78,4,3,3,10
16009,22,4,992.71,4,4,4,12
16010,246,3,407.5,1,3,2,6
16011,8,16,3362.71,5,5,5,15
16012,35,3,1415.29,3,3,4,10
16013,4,54,33366.25,5,5,5,15
16014,36,4,653.13,3,4,3,10
16015,4,4,690.54,5,4,3,12
16016,3,10,1483.31,5,5,4,14
16017,47,1,211.88,3,1,1,5
16018,39,2,408.9,3,3,2,8
16019,2,10,3450.24,5,5,5,15
16020,17,3,851.01,4,3,3,10
16022,260,1,628.28,1,1,3,5
16023,46,3,719.81,3,3,3,9
16024,12,1,251.24,4,1,2,7
16025,30,1,439.66,4,1,2,7
16026,43,1,236.09,3,1,2,6
16027,92,7,852.12,2,5,3,10
16029,39,76,50992.61,3,5,5,13
16030,310,1,331.24,1,1,2,4
16031,92,2,548.94,2,3,3,8
16033,6,27,8727.61,5,5,5,15
16034,196,3,437.7,1,3,2,6
16036,87,2,758.9200000000001,2,3,3,8
16037,270,3,855.02,1,3,3,7
16038,8,4,454.33,5,4,2,11
16040,65,3,1313.55,3,3,4,10
16041,31,3,3166.4,4,3,5,12
16042,22,7,1147.37,4,5,4,13
16043,38,4,773.99,3,4,3,10
16045,120,4,1340.7,2,4,4,10
16048,86,3,243.69000000000003,2,3,2,7
16049,40,3,1111.79,3,3,4,10
16050,174,1,137.89999999999998,2,1,1,4
16052,54,1,362.06,3,1,2,6
16053,33,2,1511.95,3,3,4,10
16054,145,1,783.9,2,1,3,6
16055,221,1,134.8,1,1,1,3
16056,45,1,664.85,3,1,3,7
16057,4,10,2140.2200000000003,5,5,5,15
16059,66,6,1459.86,3,4,4,11
16061,269,1,-29.95,1,1,1,3
16062,10,4,1153.62,5,4,4,13
16063,260,1,335.32,1,1,2,4
16065,365,1,372.09,1,1,2,4
16066,17,5,1521.87,4,4,4,12
16070,22,2,852.15,4,3,3,10
16071,45,1,326.24,3,1,2,6
16072,288,1,584.3199999999999,1,1,3,5
16073,292,2,94.35,1,3,1,5
16076,3,11,2173.53,5,5,5,15
16078,284,1,79.2,1,1,1,3
16079,17,3,1352.0,4,3,4,11
16080,82,3,176.6,2,3,1,6
16081,56,5,2806.9,3,4,5,12
16083,101,2,1317.62,2,3,4,9
16084,299,1,436.18,1,1,2,4
16085,23,5,981.51,4,4,4,12
16086,59,6,1119.31,3,4,4,11
16091,155,2,315.06,2,3,2,7
16092,99,5,779.36,2,4,3,9
16093,107,1,17.0,2,1,1,4
16094,12,6,1041.83,4,4,4,12
16096,264,1,320.62,1,1,2,4
16097,240,1,185.05,1,1,1,3
16098,88,7,2005.63,2,5,5,12
16099,50,3,731.9,3,3,3,9
16101,9,3,1245.96,5,3,4,12
16102,42,3,1842.14,3,3,4,10
16103,7,6,1429.64,5,4,4,13
16104,62,1,302.36,3,1,2,6
16105,249,1,336.96,1,1,2,4
16106,66,1,108.38,3,1,1,5
16107,18,7,3204.16,4,5,5,14
16108,85,2,816.1,2,3,3,8
16109,219,2,611.88,1,3,3,7
16110,45,3,1337.48,3,3,4,10
16112,143,4,195.74,2,4,1,7
16113,183,1,161.38,1,1,1,3
16114,171,1,135.75,2,1,1,4
16115,10,8,1667.97,5,5,4,14
16116,206,2,592.88,1,3,3,7
16117,190,1,232.21,1,1,1,3
16119,8,2,423.36,5,3,2,10
16120,59,5,1294.14,3,4,4,11
16121,57,2,867.11,3,3,3,9
16122,73,4,684.42,2,4,3,9
16123,52,1,307.78,3,1,2,6
16124,316,2,187.15,1,3,1,5
16125,367,1,289.35,1,1,2,4
16126,29,4,6287.77,4,4,5,13
16127,39,1,656.25,3,1,3,7
16128,18,5,1880.22,4,4,4,12
16131,52,6,3506.54,3,4,5,12
16133,4,46,14305.66,5,5,5,15
16134,22,3,603.69,4,3,3,10
16135,263,1,517.55,1,1,3,5
16136,60,3,709.38,3,3,3,9
16138,368,1,-7.95,1,1,1,3
16139,19,3,635.41,4,3,3,10
16140,53,4,703.77,3,4,3,10
16141,88,1,620.4000000000001,2,1,3,6
16142,250,1,535.34,1,1,3,5
16143,3,7,2419.84,5,5,5,15
16144,247,1,175.2,1,1,1,3
16145,9,18,3741.98,5,5,5,15
16146,157,3,734.13,2,3,3,8
16147,134,1,375.0,2,1,2,5
16148,296,1,76.32000000000001,1,1,1,3
16149,5,2,280.52,5,3,2,10
16150,39,10,1906.07,3,5,4,12
16152,269,1,1829.04,1,1,4,6
16153,50,5,1824.23,3,4,4,11
16156,9,13,3024.62,5,5,5,15
16157,16,4,644.24,4,4,3,11
16159,282,1,348.2,1,1,2,4
16160,64,4,1009.45,3,4,4,11
16161,2,26,5352.97,5,5,5,15
16162,252,1,37.4,1,1,1,3
16163,225,3,441.6,1,3,2,6
16164,17,4,802.53,4,4,3,11
16168,11,28,3770.6,5,5,5,15
16169,8,4,1822.97,5,4,4,13
16170,51,7,1880.42,3,5,4,12
16171,59,1,73.19999999999999,3,1,1,5
16172,95,5,1140.21,2,4,4,10
16173,16,7,1406.57,4,5,4,13
16174,126,3,1009.55,2,3,4,9
16175,94,4,1037.59,2,4,4,10
16177,50,1,331.95,3,1,2,6
16178,138,1,197.9,2,1,1,4
16179,61,1,215.83,3,1,1,5
16180,100,10,10217.48,2,5,5,12
16181,73,1,305.54,2,1,2,5
16182,72,4,6617.65,2,4,5,11
16183,67,1,338.71,3,1,2,6
16184,64,7,1155.54,3,5,4,12
16185,17,2,529.41,4,3,3,10
16186,23,13,3991.94,4,5,5,14
16187,32,17,6841.24,4,5,5,14
16188,45,4,981.86,3,4,4,11
16189,16,2,215.48,4,3,1,8
16190,40,1,215.08,3,1,1,5
16191,3,25,4913.32,5,5,5,15
16193,237,1,314.45,1,1,2,4
16198,75,1,400.681,2,1,2,5
16200,4,2,1080.62,5,3,4,12
16201,3,5,1821.52,5,4,4,13
16202,361,1,365.27,1,1,2,4
16203,59,5,589.15,3,4,3,10
16204,23,1,405.71,4,1,2,7
16205,31,4,761.38,4,4,3,11
16206,55,4,537.0600000000001,3,4,3,10
16207,25,1,394.38,4,1,2,7
16208,45,2,664.26,3,3,3,9
16209,89,5,2262.62,2,4,5,11
16210,2,18,21086.3,5,5,5,15
16211,81,2,542.77,2,3,3,8
16212,19,3,681.19,4,3,3,10
16213,79,1,159.0,2,1,1,4
16214,171,3,1062.75,2,3,4,9
16215,81,1,242.35,2,1,2,5
16216,267,1,914.93,1,1,4,6
16217,235,4,259.39000000000004,1,4,2,7
16218,30,8,3054.87,4,5,5,14
16221,37,3,864.86,3,3,3,9
16222,318,1,846.72,1,1,3,5
16224,57,4,1295.3,3,4,4,11
16225,45,5,1096.32,3,4,4,11
16226,203,3,255.12,1,3,2,6
16227,219,2,308.32000000000005,1,3,2,6
16229,87,2,1010.6,2,3,4,9
16230,190,2,542.03,1,3,3,7
16232,33,5,983.23,3,4,4,11
16233,71,5,422.13,3,4,2,9
16235,41,6,858.41,3,4,3,10
16236,78,1,432.2,2,1,2,5
16239,57,3,372.9,3,3,2,8
16240,8,5,3693.81,5,4,5,14
16241,10,13,2607.87,5,5,5,15
16242,8,8,3598.26,5,5,5,15
16243,34,2,409.1,3,3,2,8
16244,212,2,1522.75,1,3,4,8
16245,24,5,1352.36,4,4,4,12
16247,170,1,114.56,2,1,1,4
16248,62,1,152.94,3,1,1,5
16249,53,5,1800.0700000000002,3,4,4,11
16250,261,2,389.44,1,3,2,6
16252,366,1,-295.09,1,1,1,3
16253,32,3,3665.62,4,3,5,12
16255,17,10,2609.3,4,5,5,14
16256,258,2,732.63,1,3,3,7
16257,177,1,46.95,2,1,1,4
16258,45,5,5203.51,3,4,5,12
16260,51,1,1035.45,3,1,4,8
16261,17,4,746.83,4,4,3,11
16262,361,1,-31.65,1,1,1,3
16265,9,11,5423.15,5,5,5,15
16266,74,7,861.89,2,5,3,10
16268,71,2,667.65,3,3,3,9
16270,353,1,1141.24,1,1,4,6
16271,3,6,1423.29,5,4,4,13
16272,117,1,411.7,2,1,2,5
16274,373,1,357.95,1,1,2,4
16275,197,1,559.87,1,1,3,5
16276,177,1,810.6000000000001,2,1,3,6
16278,23,3,537.83,4,3,3,10
16279,21,4,1496.68,4,4,4,12
16281,72,1,2062.06,2,1,5,8
16282,340,1,168.3,1,1,1,3
16283,6,7,1531.51,5,5,4,14
16284,31,2,823.97,4,3,3,10
16287,170,1,142.5,2,1,1,4
16292,117,2,280.9,2,3,2,7
16293,9,12,2236.74,5,5,5,15
16295,10,4,1328.55,5,4,4,13
16297,213,4,275.4,1,4,2,7
16298,23,3,598.2,4,3,3,10
16302,108,2,212.82,2,3,1,6
16303,26,4,5305.83,4,4,5,13
16305,139,1,361.22,2,2,2,6
16306,214,9,602.27,1,5,3,9
16308,38,4,2560.0,3,4,5,12
16309,92,3,686.67,2,3,3,8
16311,18,2,616.26,4,3,3,10
16313,3,2,274.15,5,3,2,10
16315,331,1,226.37,1,2,1,4
16316,64,12,2755.56,3,5,5,13
16317,120,3,1341.65,2,3,4,9
16318,35,1,328.15,3,2,2,7
16319,218,1,404.4,1,2,2,5
16320,172,2,1038.46,2,3,4,9
16321,72,7,230.7,2,5,1,8
16322,1,2,326.75,5,3,2,10
16323,196,1,207.50000000000003,1,2,1,4
16324,128,3,428.68,2,3,2,7
16325,44,5,510.54,3,4,3,10
16326,6,15,3085.96,5,5,5,15
16327,14,6,3844.22,4,4,5,13
16330,18,4,242.21,4,4,2,10
16332,28,8,1583.2,4,5,4,13
16333,8,22,26626.8,5,5,5,15
16337,37,1,151.05,3,2,1,6
16338,157,1,214.8,2,2,1,5
16339,284,1,109.95,1,2,1,4
16340,107,1,549.07,2,2,3,7
16341,25,6,1959.38,4,4,4,12
16342,75,4,322.41,2,4,2,8
16343,16,2,370.48,4,3,2,9
16344,158,1,101.1,2,2,1,5
16345,44,1,575.41,3,2,3,8
16347,11,2,887.65,5,3,3,11
16348,32,7,1469.45,4,5,4,13
16349,291,1,53.5,1,2,1,4
16350,21,5,1100.47,4,4,4,12
16351,333,1,153.9,1,2,1,4
16352,18,2,494.44,4,3,3,10
16353,4,23,6675.71,5,5,5,15
16354,63,2,395.8,3,3,2,8
16356,198,4,210.32,1,4,1,6
16357,33,3,658.88,3,3,3,9
16358,1,5,2024.95,5,4,5,14
16359,7,12,1460.37,5,5,4,14
16360,5,8,3411.69,5,5,5,15
16361,10,4,896.66,5,4,3,12
16362,32,9,652.07,4,5,3,12
16363,53,1,109.36,3,2,1,6
16364,12,2,707.04,4,3,3,10
16365,18,9,1540.4199999999998,4,5,4,13
16366,19,1,327.3,4,2,2,8
16367,37,2,804.49,3,3,3,9
16368,2,2,497.43,5,3,3,11
16369,18,3,1553.66,4,3,4,11
16370,82,4,1320.56,2,4,4,10
16372,33,2,367.93,3,3,2,8
16374,66,2,473.03,3,3,3,9
16376,9,3,977.52,5,3,4,12
16377,267,1,676.2,1,2,3,6
16378,247,3,362.95,1,3,2,6
16379,4,5,2131.9,5,4,5,14
16380,61,1,1780.59,3,2,4,9
16383,75,2,668.36,2,3,3,8
16384,90,2,584.5,2,3,3,8
16385,60,3,555.89,3,3,3,9
16386,29,2,317.2,4,3,2,9
16387,323,1,94.36,1,2,1,4
16389,53,5,1362.27,3,4,4,11
16392,270,1,221.19,1,2,1,4
16393,2,20,2941.05,5,5,5,15
16394,50,9,1412.06,3,5,4,12
16395,61,5,1486.9,3,4,4,11
16398,145,4,1631.15,2,4,4,10
16399,19,2,408.57,4,3,2,9
16400,95,1,303.93,2,2,2,6
16401,1,20,4061.24,5,5,5,15
16402,265,2,299.6,1,3,2,6
16403,302,2,161.04999999999998,1,3,1,5
16404,70,1,443.05,3,2,2,7
16405,302,2,167.25,1,3,1,5
16406,19,1,163.07,4,2,1,7
16407,13,10,2126.93,4,5,5,14
16409,36,5,2028.88,3,4,5,12
16411,19,2,214.65,4,3,1,8
16412,54,1,151.83,3,2,1,6
16413,57,1,262.2,3,2,2,7
16414,22,2,126.25,4,3,1,8
16415,44,1,210.35,3,2,1,6
16416,27,4,1026.99,4,4,4,12
16418,45,3,675.27,3,3,3,9
16419,113,7,959.48,2,5,4,11
16422,17,75,33805.69,4,5,5,14
16423,25,1,346.12,4,2,2,8
16424,191,2,82.56,1,3,1,5
16425,302,1,302.7,1,2,2,5
16426,2,10,1908.25,5,5,4,14
16427,263,2,241.06,1,3,2,6
16428,81,1,-2.95,2,2,1,5
16429,106,1,284.55,2,2,2,6
16430,57,1,300.85,3,2,2,7
16431,213,3,642.8100000000001,1,3,3,7
16432,64,1,287.40000000000003,3,2,2,7
16433,28,1,184.26,4,2,1,7
16434,29,7,1522.25,4,5,4,13
16438,6,5,798.35,5,4,3,12
16440,8,5,3640.67,5,4,5,14
16441,67,2,381.2,3,3,2,8
16442,2,3,616.79,5,3,3,11
16444,46,5,638.77,3,4,3,10
16445,34,1,230.51,3,2,1,6
16446,1,3,2.9,5,3,1,9
16447,136,1,259.01,2,2,2,6
16448,198,1,188.89,1,2,1,4
16449,191,3,674.69,1,3,3,7
16450,150,1,311.92,2,2,2,6
16451,88,1,266.96999999999997,2,2,2,6
16454,45,3,-8.15,3,3,1,7
16455,64,7,1841.18,3,5,4,12
16456,99,5,2158.37,2,4,5,11
16457,218,1,208.36,1,2,1,4
16458,3,18,3482.74,5,5,5,15
16460,28,3,814.72,4,3,3,10
16461,178,1,151.42,2,2,1,5
16462,64,4,102.0,3,4,1,8
16463,21,7,1383.7,4,5,4,13
16464,20,3,1314.68,4,3,4,11
16466,34,7,1603.46,3,5,4,12
16468,74,1,74.9,2,2,1,5
16469,24,4,650.4300000000001,4,4,3,11
16470,52,5,757.44,3,4,3,10
16471,275,1,223.95,1,2,1,4
16473,165,4,314.86,2,4,2,8
16474,7,11,1811.47,5,5,4,14
16475,88,4,544.3,2,4,3,9
16477,64,7,2494.46,3,5,5,13
16478,25,3,331.0,4,3,2,9
16479,10,2,300.83,5,3,2,10
16480,76,1,769.29,2,2,3,7
16482,16,1,220.62,4,2,1,7
16483,192,1,139.35,1,2,1,4
16484,174,3,379.4,2,3,2,7
16485,77,1,363.65,2,2,2,6
16488,33,4,492.2,3,4,3,10
16491,47,1,731.5,3,2,3,8
16493,73,6,1329.66,2,4,4,10
16494,297,1,826.53,1,2,3,6
16495,3,3,684.41,5,3,3,11
16496,9,4,1562.22,5,4,4,13
16497,50,6,2965.69,3,4,5,12
16498,161,3,86.12,2,3,1,6
16499,360,5,319.1,1,4,2,7
16500,5,6,400.86,5,4,2,11
16503,107,5,1421.43,2,4,4,10
16504,25,1,484.38,4,2,3,9
16505,32,1,777.6,4,2,3,9
16506,20,2,90.3,4,3,1,8
16509,297,1,363.7000000000001,1,2,2,5
16510,372,1,248.1,1,2,2,5
16511,22,3,950.26,4,3,4,11
16513,5,4,874.59,5,4,3,12
16515,52,5,1627.13,3,4,4,11
16516,30,1,101.7,4,2,1,7
16517,277,1,162.7,1,2,1,4
16518,61,3,480.92,3,3,3,9
16519,25,2,215.08,4,3,1,8
16520,186,4,1036.62,1,4,4,9
16523,2,28,9295.67,5,5,5,15
16525,2,29,11895.57,5,5,5,15
16526,172,1,290.36,2,2,2,6
16527,81,1,228.06,2,2,1,5
16528,4,1,244.41,5,2,2,9
16529,190,1,455.25,1,2,2,5
16531,22,7,1244.59,4,5,4,13
16532,18,3,6748.8,4,3,5,12
16533,19,5,1026.94,4,4,4,12
16535,5,1,593.75,5,2,3,10
16536,107,2,539.02,2,3,3,8
16539,3,4,1388.81,5,4,4,13
16542,54,1,119.62,3,2,1,6
16545,165,1,339.3,2,2,2,6
16546,291,3,-95.9300000000001,1,3,1,5
16549,10,10,4154.64,5,5,5,15
16550,109,9,2266.25,2,5,5,12
16551,96,3,922.12,2,3,4,9
16552,243,2,379.73,1,3,2,6
16553,163,15,5664.57,2,5,5,12
16554,3,7,641.55,5,5,3,13
16555,35,2,285.89,3,3,2,8
16556,67,7,3313.79,3,5,5,13
16557,24,2,281.85,4,3,2,9
16558,1,24,8257.04,5,5,5,15
16560,21,3,816.51,4,3,3,10
16561,6,2,511.12,5,3,3,11
16563,54,1,1077.74,3,2,4,9
16565,364,1,173.7,1,2,1,4
16566,15,6,614.01,4,4,3,11
16567,194,2,865.6,1,3,3,7
16569,3,1,124.2,5,2,1,8
16570,9,15,3622.95,5,5,5,15
16571,3,5,1285.22,5,4,4,13
16572,127,4,999.7,2,4,4,10
16573,74,4,648.41,2,4,3,9
16574,71,1,451.44,3,2,2,7
16579,365,1,-30.6,1,2,1,4
16581,155,2,70.44,2,3,1,6
16582,113,1,313.62,2,2,2,6
16583,374,1,233.45,1,2,1,4
16584,80,3,908.03,2,3,3,8
16586,249,1,463.95,1,2,2,5
16587,232,1,225.15,1,2,1,4
16589,71,3,459.24,3,3,2,8
16591,69,1,213.5,3,2,1,6
16592,4,19,4073.28,5,5,5,15
16593,51,3,330.03,3,3,2,8
16594,75,1,181.09,2,2,1,5
16595,61,1,360.16,3,2,2,7
16596,16,2,250.15,4,3,2,9
16597,4,1,90.04,5,2,1,8
16598,277,2,140.7,1,3,1,5
16600,4,6,813.52,5,4,3,12
16601,41,1,244.8,3,2,2,7
16602,31,2,494.73,4,3,3,10
16603,75,2,482.47,2,3,3,8
16607,18,16,3038.67,4,5,5,14
16609,15,9,5450.96,4,5,5,14
16610,219,1,75.66,1,2,1,4
16611,186,2,120.99,1,3,1,5
16612,33,4,1187.66,3,4,4,11
16613,70,1,618.59,3,2,3,8
16614,183,1,506.19,1,2,3,6
16616,15,2,500.42,4,3,3,10
16617,236,1,151.85,1,2,1,4
16618,31,6,2630.64,4,4,5,13
16619,254,2,204.41,1,3,1,5
16620,4,2,178.96,5,3,1,9
16621,52,4,813.48,3,4,3,10
16623,246,1,129.45000000000002,1,2,1,4
16624,81,2,810.5699999999999,2,3,3,8
16625,275,1,333.08,1,2,2,5
16626,1,20,4379.65,5,5,5,15
16627,79,1,322.8,2,2,2,6
16628,30,6,2183.04,4,4,5,13
16629,74,2,417.73,2,3,2,7
16633,17,7,2878.15,4,5,5,14
16634,223,2,217.9,1,3,1,5
16637,32,5,1124.59,4,4,4,12
16638,23,11,1676.47,4,5,4,13
16639,25,4,1169.38,4,4,4,12
16641,106,1,231.1,2,2,1,5
16642,5,3,679.83,5,3,3,11
16643,246,1,487.51,1,2,3,6
16644,178,2,833.78,2,3,3,8
16647,170,2,214.06,2,3,1,6
16648,39,2,270.85999999999996,3,3,2,8
16650,72,1,518.42,2,2,3,7
16652,54,11,6654.26,3,5,5,13
16653,16,3,1166.92,4,3,4,11
16654,141,5,594.97,2,4,3,9
16655,18,6,3794.52,4,4,5,13
16656,22,21,8568.24,4,5,5,14
16657,10,4,933.62,5,4,4,13
16658,368,1,123.24,1,2,1,4
16659,189,1,39.12,1,2,1,4
16660,16,5,810.45,4,4,3,11
16665,362,1,135.4,1,2,1,4
16666,19,1,118.98,4,2,1,7
16667,68,2,570.13,3,3,3,9
16668,15,6,306.72,4,4,2,10
16669,24,4,1370.87,4,4,4,12
16670,17,17,4022.46,4,5,5,14
16671,28,3,1692.27,4,3,4,11
16672,2,23,8093.59,5,5,5,15
16674,55,2,319.61,3,3,2,8
16676,34,5,1558.72,3,4,4,11
16678,3,17,3013.83,5,5,5,15
16679,366,1,129.75,1,2,1,4
16680,43,1,183.7,3,2,1,6
16681,73,6,1770.34,2,4,4,10
16682,5,5,1028.0,5,4,4,13
16684,4,31,65892.08,5,5,5,15
16685,61,2,324.24,3,3,2,8
16686,47,9,3043.48,3,5,5,13
16688,1,4,1260.86,5,4,4,13
16689,76,3,303.26,2,3,2,7
16690,44,3,208.63,3,3,1,7
16692,256,2,1276.0,1,3,4,8
16693,69,2,482.01,3,3,3,9
16696,135,4,657.9,2,4,3,9
16697,241,1,112.75,1,2,1,4
16698,227,2,1998.0,1,3,4,8
16700,9,17,5040.0,5,5,5,15
16701,9,18,5150.27,5,5,5,15
16705,1,29,13946.13,5,5,5,15
16706,37,3,531.35,3,3,3,9
16708,46,1,656.63,3,2,3,8
16709,85,5,3029.8700000000003,2,4,5,11
16710,19,10,2483.04,4,5,5,14
16711,3,5,1651.03,5,4,4,13
16712,9,11,3645.43,5,5,5,15
16713,19,21,6840.23,4,5,5,14
16714,219,4,911.53,1,4,4,9
16715,78,1,301.71999999999997,2,2,2,6
16716,267,3,319.8000000000001,1,3,2,6
16717,9,9,3278.36,5,5,5,15
16718,369,1,623.75,1,2,3,6
16719,15,8,1773.92,4,5,4,13
16720,26,1,155.24,4,2,1,7
16721,262,1,292.47,1,2,2,5
16722,17,16,4711.21,4,5,5,14
16723,91,2,589.15,2,3,3,8
16725,302,8,775.07,1,5,3,9
16726,26,5,1382.02,4,4,4,12
16727,364,1,272.82,1,2,2,5
16728,46,4,1054.67,3,4,4,11
16729,36,26,7076.28,3,5,5,13
16730,52,4,702.79,3,4,3,10
16732,32,1,603.75,4,2,3,9
16734,52,3,650.51,3,3,3,9
16735,79,7,2269.21,2,5,5,12
16737,53,1,417.6,3,2,2,7
16738,298,1,3.75,1,2,1,4
16739,172,2,312.55,2,3,2,7
16742,47,2,0.0,3,3,1,7
16743,29,8,2191.84,4,5,5,14
16744,11,7,1304.76,5,5,4,14
16745,87,18,7170.7,2,5,5,12
16746,5,19,6694.31,5,5,5,15
16747,25,4,826.96,4,4,3,11
16748,18,5,1515.9,4,4,4,12
16750,45,5,623.9300000000001,3,4,3,10
16751,31,1,1764.72,4,2,4,10
16752,373,1,207.5,1,2,1,4
16753,58,1,223.92,3,2,1,6
16754,372,1,2002.4,1,2,4,7
16755,114,5,1484.63,2,4,4,10
16756,215,1,239.4,1,2,2,5
16757,319,1,106.83,1,2,1,4
16758,65,1,369.34,3,2,2,7
16759,8,4,772.84,5,4,3,12
16761,97,1,316.62,2,2,2,6
16762,20,3,1501.38,4,3,4,11
16763,185,2,594.9,1,3,3,7
16764,4,18,2758.25,5,5,5,15
16765,294,1,34.0,1,2,1,4
16766,273,2,1145.6,1,3,4,8
16767,31,11,5580.6,4,5,5,14
16768,48,5,458.04,3,4,2,9
16769,260,1,380.39,1,2,2,5
16770,58,6,744.9,3,4,3,10
16771,33,5,2246.81,3,4,5,12
16773,57,1,171.59,3,2,1,6
16774,68,5,654.92,3,4,3,10
16775,10,11,1695.66,5,5,4,14
16776,60,1,388.28,3,2,2,7
16777,80,2,226.35,2,3,1,6
16778,74,2,245.94,2,3,2,7
16779,2,28,10454.05,5,5,5,15
16780,100,2,425.19,2,3,2,7
16781,365,2,294.65,1,3,2,6
16782,10,19,2242.25,5,5,5,15
16784,20,1,107.6,4,2,1,7
16788,123,2,597.48,2,3,3,8
16789,8,1,80.8,5,2,1,8
16790,4,8,1520.12,5,5,4,14
16791,29,8,1706.28,4,5,4,13
16792,282,2,110.38,1,3,1,5
16793,57,1,243.84,3,2,2,7
16794,1,12,1201.51,5,5,4,14
16795,365,1,414.88,1,2,2,5
16796,89,1,305.62,2,2,2,6
16800,11,1,1201.49,5,2,4,11
16801,163,5,867.8299999999999,2,4,3,9
16803,65,1,332.3,3,2,2,7
16804,23,3,536.99,4,3,3,10
16805,174,2,460.59,2,3,2,7
16806,103,4,801.49,2,4,3,9
16807,143,3,1121.59,2,3,4,9
16808,99,2,288.42,2,3,2,7
16809,23,6,912.74,4,4,4,12
16810,192,2,275.64,1,3,2,6
16811,5,2,547.07,5,3,3,11
16812,361,1,479.35,1,2,3,6
16813,8,10,1692.98,5,5,4,14
16814,14,22,6500.6,4,5,5,14
16816,103,4,417.06,2,4,2,8
16817,3,13,1446.95,5,5,4,14
16818,11,13,3317.97,5,5,5,15
16820,96,1,497.61,2,2,3,7
16823,227,1,358.38,1,2,2,5
16824,16,2,460.64,4,3,2,9
16825,39,2,775.18,3,3,3,9
16826,51,1,341.7,3,2,2,7
16828,93,2,128.5,2,3,1,6
16829,157,1,197.22,2,2,1,5
16830,39,1,325.91,3,2,2,7
16832,184,3,199.15,1,3,1,5
16833,1,4,1106.53,5,4,4,13
16834,228,1,413.46,1,2,2,5
16835,128,2,180.85,2,3,1,6
16836,40,2,251.87,3,3,2,8
16837,31,12,3167.73,4,5,5,14
16838,197,3,582.9,1,3,3,7
16839,9,39,15357.78,5,5,5,15
16841,37,7,1774.62,3,5,4,12
16842,64,4,1260.44,3,4,4,11
16843,43,17,10183.82,3,5,5,13
16846,50,1,214.32,3,2,1,6
16847,43,1,193.44,3,2,1,6
16848,53,1,281.42,3,2,2,7
16849,187,1,124.57,1,2,1,4
16850,334,1,332.41,1,2,2,5
16851,4,3,342.45,5,3,2,10
16852,10,2,144.91,5,3,1,9
16855,24,2,328.4,4,3,2,9
16856,15,1,35.400000000000006,4,2,1,7
16858,366,2,345.89000000000004,1,3,2,6
16859,106,5,473.14,2,4,3,9
16861,60,3,151.65,3,3,1,7
16863,29,4,481.35,4,4,3,11
16866,141,3,207.74,2,3,1,6
16869,23,5,805.62,4,4,3,11
16871,22,7,2761.49,4,5,5,14
16872,77,3,680.02,2,3,3,8
16873,5,10,7066.31,5,5,5,15
16875,64,9,2023.47,3,5,5,13
16877,12,6,853.72,4,4,3,11
16878,25,2,8.881784197001252e-16,4,3,1,8
16880,31,7,1519.08,4,5,4,13
16881,67,1,432.0,3,2,2,7
16882,67,3,705.12,3,3,3,9
16883,187,2,276.73,1,3,2,6
16884,38,2,429.84,3,3,2,8
16885,15,3,471.51,4,3,3,10
16887,35,1,194.88,3,2,1,6
16889,195,3,1578.67,1,3,4,8
16891,2,5,809.7,5,4,3,12
16892,1,7,496.84,5,5,3,13
16893,367,1,145.93,1,2,1,4
16895,65,1,219.14,3,2,1,6
16897,299,3,213.03,1,3,1,5
16898,26,4,444.46,4,4,2,10
16899,8,6,1281.56,5,4,4,13
16900,12,5,187.69,4,4,1,9
16902,116,1,1706.88,2,2,4,8
16903,29,1,373.24,4,2,2,8
16904,4,16,3754.27,5,5,5,15
16905,5,8,3085.48,5,5,5,15
16906,82,4,579.77,2,4,3,9
16907,29,5,981.65,4,4,4,12
16909,64,2,364.14,3,3,2,8
16910,4,8,1510.06,5,5,4,14
16912,23,14,2528.67,4,5,5,14
16913,290,1,113.44,1,2,1,4
16914,36,1,208.46,3,2,1,6
16915,9,6,621.6800000000001,5,4,3,12
16916,24,2,576.26,4,3,3,10
16917,277,1,391.52,1,2,2,5
16918,50,7,1043.34,3,5,4,12
16919,156,11,2596.45,2,5,5,12
16921,61,1,169.79,3,2,1,6
16923,12,26,6666.83,4,5,5,14
16924,21,4,739.5,4,4,3,11
16926,371,1,230.25,1,2,1,4
16927,116,3,543.05,2,3,3,8
16928,80,19,2781.5,2,5,5,12
16929,4,7,1295.39,5,5,4,14
16930,26,3,380.55,4,3,2,9
16931,5,21,4604.22,5,5,5,15
16932,53,1,161.94,3,2,1,6
16933,1,5,530.08,5,4,3,12
16934,55,2,950.93,3,3,4,10
16936,26,1,262.68,4,2,2,8
16938,9,5,1903.13,5,4,4,13
16940,52,3,3049.88,3,3,5,11
16942,13,10,1894.11,4,5,4,13
16943,212,3,816.73,1,3,3,7
16945,22,19,4345.5,4,5,5,14
16947,236,1,406.48,1,2,2,5
16948,139,3,435.02,2,3,2,7
16949,4,7,1161.27,5,5,4,14
16950,57,3,1178.56,3,3,4,10
16951,123,4,1262.75,2,4,4,10
16952,109,2,167.61,2,3,1,6
16953,30,1,20.8,4,2,1,7
16954,1,9,2085.08,5,5,5,15
16955,185,5,493.67,1,4,3,8
16956,9,2,292.34,5,3,2,10
16957,239,2,416.64,1,3,2,6
16959,87,1,117.35,2,2,1,5
16960,39,3,507.05,3,3,3,9
16961,116,1,234.17,2,2,1,5
16963,187,1,110.55,1,2,1,4
16965,227,1,201.19,1,2,1,4
16966,8,10,2148.47,5,5,5,15
16967,189,1,319.02,1,2,2,5
16968,4,2,439.43,5,3,2,10
16969,39,3,650.41,3,3,3,9
16971,3,2,232.21,5,3,1,9
16976,267,1,251.52,1,2,2,5
16978,78,1,344.33,2,2,2,6
16979,4,8,1809.05,5,5,4,14
16980,255,2,1078.96,1,3,4,8
16982,61,1,384.06,3,2,2,7
16983,13,8,1920.2,4,5,4,13
16984,78,5,4392.42,2,4,5,11
16985,17,11,5461.62,4,5,5,14
16986,30,2,1873.2,4,3,4,11
16987,3,7,1625.05,5,5,4,14
16988,5,1,126.12,5,2,1,8
16989,7,6,1133.25,5,4,4,13
16990,219,1,179.0,1,2,1,4
16992,11,6,1601.86,5,4,4,13
16995,372,1,-1.25,1,2,1,4
16996,30,9,1427.46,4,5,4,13
16997,288,3,702.0,1,3,3,7
16998,150,6,287.02,2,4,2,8
16999,23,2,484.82,4,3,3,10
17001,1,11,3989.57,5,5,5,15
17002,73,4,1487.78,2,4,4,10
17004,46,2,1412.94,3,3,4,10
17006,5,4,781.78,5,4,3,12
17007,51,7,877.4300000000001,3,5,3,11
17010,17,2,185.46,4,3,1,8
17011,30,1,270.9,4,2,2,8
17014,8,4,565.58,5,4,3,12
17015,29,3,1842.56,4,3,4,11
17017,3,27,8574.11,5,5,5,15
17018,41,2,920.1,3,3,4,10
17019,11,4,1272.61,5,4,4,13
17022,31,1,71.0,4,2,1,7
17024,45,3,95.85,3,3,1,7
17025,61,3,357.77,3,3,2,8
17026,185,2,154.83,1,3,1,5
17027,79,7,848.59,2,5,3,10
17029,111,2,716.0,2,3,3,8
17030,64,1,146.87,3,2,1,6
17031,12,2,380.35,4,3,2,9
17033,86,3,1030.14,2,3,4,9
17034,16,4,734.5699999999999,4,4,3,11
17035,246,3,388.33,1,3,2,6
17037,78,2,1253.22,2,3,4,9
17038,30,1,112.4,4,2,1,7
17040,138,1,449.73,2,2,2,6
17041,27,4,1065.77,4,4,4,12
17042,3,5,1044.38,5,4,4,13
17043,32,4,1735.18,4,4,4,12
17044,9,3,897.4300000000001,5,3,3,11
17045,113,3,339.44,2,3,2,7
17046,157,1,642.02,2,2,3,7
17047,85,3,1100.9,2,3,4,9
17048,115,6,864.32,2,4,3,9
17049,3,11,5594.78,5,5,5,15
17050,96,6,3228.84,2,4,5,11
17051,194,1,247.14,1,2,2,5
17052,28,1,413.75,4,2,2,8
17053,129,2,496.38,2,3,3,8
17054,28,6,1353.83,4,4,4,12
17058,82,3,1179.89,2,3,4,9
17059,30,5,3095.04,4,4,5,13
17060,266,1,234.24,1,2,1,4
17061,74,12,5116.13,2,5,5,12
17062,314,5,534.47,1,4,3,8
17063,9,11,1421.59,5,5,4,14
17064,59,3,859.35,3,3,3,9
17065,143,1,-112.35,2,2,1,5
17068,12,22,4531.34,4,5,5,14
17069,28,13,2655.2200000000003,4,5,5,14
17070,114,1,312.14,2,2,2,6
17071,9,14,2385.48,5,5,5,15
17073,18,4,1446.09,4,4,4,12
17075,18,5,813.77,4,4,3,11
17076,36,3,841.0799999999999,3,3,3,9
17078,36,2,378.2,3,3,2,8
17079,78,1,118.8,2,2,1,5
17080,22,3,285.5,4,3,2,9
17081,25,2,290.16,4,3,2,9
17082,33,2,2003.85,3,3,5,11
17083,109,3,1405.78,2,3,4,9
17084,35,3,2949.75,3,3,5,11
17085,123,6,1555.05,2,4,4,10
17086,7,6,2050.08,5,4,5,14
17088,28,4,1991.01,4,4,4,12
17090,4,8,2041.85,5,5,5,15
17091,3,10,3802.81,5,5,5,15
17092,50,4,1777.78,3,4,4,11
17094,318,2,270.2,1,3,2,6
17095,22,6,1088.2,4,4,4,12
17096,9,7,992.68,5,5,4,14
17097,2,9,937.92,5,5,4,14
17100,18,2,971.74,4,3,4,11
17101,10,4,1621.73,5,4,4,13
17102,262,1,25.5,1,2,1,4
17105,159,2,665.78,2,3,3,8
17107,33,7,10380.43,3,5,5,13
17109,29,8,869.6800000000001,4,5,3,12
17110,165,1,163.29999999999998,2,2,1,5
17111,47,1,248.61,3,2,2,7
17114,6,10,747.22,5,5,3,13
17115,8,5,806.9,5,4,3,12
17117,288,1,116.2,1,2,1,4
17118,318,1,157.02,1,2,1,4
17119,3,3,593.61,5,3,3,11
17120,233,1,307.46,1,2,2,5
17122,119,1,138.32,2,2,1,5
17123,162,1,345.3,2,2,2,6
17124,185,1,298.89,1,2,2,5
17125,50,1,259.35,3,2,2,7
17126,152,7,991.85,2,5,4,11
17128,335,1,157.09,1,2,1,4
17131,5,5,2463.17,5,4,5,14
17133,16,7,4892.24,4,5,5,14
17134,107,2,425.0,2,3,2,7
17135,16,7,1139.73,4,5,4,13
17138,276,1,380.5,1,2,2,5
17139,16,15,10585.57,4,5,5,14
17140,247,1,465.32,1,2,2,5
17142,239,1,579.0,1,2,3,6
17144,1,2,984.57,5,3,4,12
17146,106,3,749.78,2,3,3,8
17147,23,6,1679.64,4,4,4,12
17148,52,1,124.88,3,2,1,6
17152,195,4,1503.5,1,4,4,9
17153,24,1,213.78,4,2,1,7
17154,75,1,329.34,2,2,2,6
17155,18,2,251.7,4,3,2,9
17157,8,3,306.55,5,3,2,10
17158,32,3,1266.97,4,3,4,11
17159,22,4,1534.73,4,4,4,12
17160,31,6,3518.03,4,4,5,13
17162,29,11,1707.21,4,5,4,13
17163,22,2,293.1,4,3,2,9
17164,33,8,2466.4,3,5,5,13
17165,284,1,158.68,1,2,1,4
17166,39,3,189.49,3,3,1,7
17169,50,4,816.88,3,4,3,10
17171,289,1,224.91,1,2,1,4
17172,75,2,313.26,2,3,2,7
17173,5,9,3755.65,5,5,5,15
17174,218,1,59.9,1,2,1,4
17175,44,5,1430.94,3,4,4,11
17176,202,1,306.13,1,2,2,5
17179,178,3,711.79,2,3,3,8
17180,56,6,780.38,3,4,3,10
17181,57,2,239.92,3,3,2,8
17183,8,8,3286.91,5,5,5,15
17186,47,2,144.0,3,3,1,7
17187,227,1,203.95,1,2,1,4
17188,11,9,2275.58,5,5,5,15
17189,106,2,384.4,2,3,2,7
17190,59,3,249.74,3,3,2,8
17191,28,7,2095.13,4,5,5,14
17193,36,9,1674.46,3,5,4,12
17194,274,2,262.62,1,3,2,6
17197,30,1,1013.01,4,2,4,10
17198,24,3,692.22,4,3,3,10
17201,54,1,342.63,3,2,2,7
17203,36,6,3563.85,3,4,5,12
17204,169,9,1352.91,2,5,4,11
17205,54,1,384.08,3,2,2,7
17206,53,1,204.24,3,2,1,6
17211,27,9,2299.67,4,5,5,14
17212,253,1,226.85,1,2,1,4
17213,40,11,2741.08,3,5,5,13
17214,60,7,984.12,3,5,4,12
17217,234,1,113.5,1,2,1,4
17218,4,10,1960.72,5,5,4,14
17219,32,1,114.23,4,2,1,7
17220,24,14,3198.25,4,5,5,14
17221,7,2,335.13,5,3,2,10
17222,65,1,354.15,3,2,2,7
17223,310,2,426.79,1,3,2,6
17226,309,1,393.49,1,2,2,5
17227,19,6,939.32,4,4,4,12
17228,16,8,1906.09,4,5,4,13
17229,96,2,318.76,2,3,2,7
17230,264,11,3466.67,1,5,5,11
17231,12,14,3127.82,4,5,5,14
17232,3,2,421.52,5,3,2,10
17233,35,1,190.88,3,2,1,6
17234,183,1,149.89,1,2,1,4
17235,25,2,550.06,4,3,3,10
17236,13,6,916.13,4,4,4,12
17237,11,2,314.69,5,3,2,10
17238,3,17,3744.65,5,5,5,15
17239,313,2,379.95,1,3,2,6
17242,108,2,1135.04,2,3,4,9
17243,1,30,8628.55,5,5,5,15
17244,53,1,954.9,3,2,4,9
17245,205,1,171.45,1,2,1,4
17247,15,1,282.19,4,2,2,8
17248,120,1,318.65,2,2,2,6
17250,4,2,384.52,5,3,2,10
17251,363,1,283.28,1,2,2,5
17252,117,2,353.86,2,3,2,7
17253,18,1,178.26,4,2,1,7
17254,5,2,272.44,5,3,2,10
17255,41,2,298.41,3,3,2,8
17256,107,2,240.0,2,3,2,7
17259,148,2,603.37,2,3,3,8
17262,52,5,1253.36,3,4,4,11
17263,208,1,63.44,1,2,1,4
17265,139,2,562.9,2,3,3,8
17266,2,3,310.64,5,3,2,10
17267,127,2,317.62,2,3,2,7
17268,108,4,763.64,2,4,3,9
17272,42,5,2144.53,3,4,5,12
17274,35,1,111.98,3,2,1,6
17277,228,2,1065.35,1,3,4,8
17278,241,1,246.04,1,2,2,5
17279,58,1,187.83,3,2,1,6
17282,130,3,1703.41,2,3,4,9
17284,60,7,1641.68,3,5,4,12
17286,22,1,153.92000000000002,4,2,1,7
17287,26,7,1064.11,4,5,4,13
17288,9,7,1419.73,5,5,4,14
17289,32,4,936.16,4,4,4,12
17290,4,2,525.24,5,3,3,11
17291,308,1,550.8000000000001,1,2,3,6
17293,8,9,1875.11,5,5,4,14
17295,29,3,556.95,4,3,3,10
17297,17,1,131.78,4,2,1,7
17298,101,2,498.42,2,3,3,8
17299,12,4,669.11,4,4,3,11
17301,21,1,197.63,4,2,1,7
17302,15,6,1119.93,4,4,4,12
17303,361,1,250.04,1,2,2,5
17306,11,21,8600.73,5,5,5,15
17307,365,1,-152.64,1,2,1,4
17309,95,1,82.75,2,2,1,5
17311,78,2,1384.85,2,3,4,9
17312,139,3,644.3000000000001,2,3,3,8
17313,18,2,2288.13,4,3,5,12
17314,25,11,2514.76,4,5,5,14
17315,1,43,6204.46,5,5,5,15
17317,46,5,2524.02,3,4,5,12
17320,100,3,1200.62,2,3,4,9
17321,8,2,700.86,5,3,3,11
17323,15,9,908.99,4,5,3,12
17324,18,4,990.23,4,4,4,12
17325,280,1,96.8,1,2,1,4
17329,14,2,523.11,4,3,3,10
17330,23,2,363.9,4,3,2,9
17331,124,1,175.2,2,2,1,5
17333,86,1,494.25,2,2,3,7
17334,301,3,306.6,1,3,2,6
17337,151,7,1944.32,2,5,4,11
17338,17,10,6612.18,4,5,5,14
17339,94,2,243.36,2,3,2,7
17340,9,16,11891.18,5,5,5,15
17341,157,3,781.36,2,3,3,8
17343,355,1,193.64,1,2,1,4
17344,46,1,160.57,3,2,1,6
17345,15,4,537.74,4,4,3,11
17346,4,16,2611.58,5,5,5,15
17347,86,1,228.96,2,2,1,5
17348,15,5,1159.52,4,4,4,12
17349,179,1,110.75,1,2,1,4
17350,8,5,1256.19,5,4,4,13
17351,36,3,587.15,3,3,3,9
17353,129,2,1740.0,2,3,4,9
17354,51,1,1393.06,3,2,4,9
17356,312,1,178.22,1,2,1,4
17357,24,2,388.14,4,3,2,9
17358,303,2,365.85,1,3,2,6
17359,11,1,127.86,5,2,1,8
17360,17,3,585.79,4,3,3,10
17361,49,3,488.2,3,3,3,9
17362,239,2,312.23,1,3,2,6
17364,1,12,4455.73,5,5,5,15
17365,13,8,4801.56,4,5,5,14
17367,238,1,168.4,1,2,1,4
17368,23,9,1349.52,4,5,4,13
17370,73,4,446.18,2,4,2,8
17371,17,3,423.89,4,3,2,9
17372,41,8,1342.68,3,5,4,12
17373,40,4,646.92,3,4,3,10
17374,219,2,495.77,1,3,3,7
17375,190,4,372.5,1,4,2,7
17376,71,2,203.2,3,3,1,7
17377,24,21,3925.92,4,5,5,14
17379,11,1,404.66,5,2,2,9
17381,9,30,20272.43,5,5,5,15
17382,65,1,65.4,3,2,1,6
17383,4,1,199.29,5,2,1,8
17384,19,2,336.4,4,3,2,9
17385,15,1,261.11,4,2,2,8
17386,8,6,2686.42,5,4,5,14
17387,20,2,784.11,4,3,3,10
17388,78,4,1259.56,2,4,4,10
17389,1,43,31300.08,5,5,5,15
17391,164,2,508.8,2,3,3,8
17392,307,2,457.91,1,3,2,6
17394,219,1,203.87,1,2,1,4
17396,39,8,7330.8,3,5,5,13
17397,22,2,696.41,4,3,3,10
17398,115,3,653.38,2,3,3,8
17400,126,5,2129.96,2,4,5,11
17402,5,13,2633.85,5,5,5,15
17403,36,1,281.62,3,2,2,7
17404,4,18,30300.82,5,5,5,15
17405,1,5,967.22,5,4,4,13
17406,330,5,1928.72,1,4,4,9
17408,163,1,32.65,2,2,1,5
17409,185,2,771.85,1,3,3,7
17410,16,5,1214.72,4,4,4,12
17411,12,4,748.94,4,4,3,11
17412,3,7,1258.06,5,5,4,14
17414,44,2,778.0,3,3,3,9
17415,80,1,507.84,2,2,3,7
17416,30,9,6838.34,4,5,5,14
17418,42,2,463.46,3,3,2,8
17419,11,14,4200.97,5,5,5,15
17420,50,3,598.83,3,3,3,9
17422,16,10,1853.13,4,5,4,13
17423,45,4,663.63,3,4,3,10
17425,19,2,759.17,4,3,3,10
17426,4,7,5022.26,5,5,5,15
17427,72,1,100.8,2,2,1,5
17428,1,33,17078.45,5,5,5,15
17429,121,4,512.12,2,4,3,9
17430,33,2,265.76,3,3,2,8
17431,313,1,403.3,1,2,2,5
17432,18,2,365.76,4,3,2,9
17433,88,1,303.16,2,2,2,6
17434,2,9,2333.42,5,5,5,15
17436,2,2,216.3,5,3,1,9
17438,247,2,378.3,1,3,2,6
17440,148,5,177.10000000000002,2,4,1,7
17442,29,10,2210.26,4,5,5,14
17443,220,1,534.24,1,2,3,6
17444,148,3,2940.04,2,3,5,10
17446,177,2,120.9,2,3,1,6
17447,40,2,541.53,3,3,3,9
17448,145,1,-4287.63,2,2,1,5
17449,2,8,2504.86,5,5,5,15
17450,8,55,187482.17,5,5,5,15
17451,1,10,1648.95,5,5,4,14
17453,18,2,486.72,4,3,3,10
17454,192,4,517.53,1,4,3,8
17455,204,1,131.7,1,2,1,4
17456,365,1,249.86,1,2,2,5
17457,127,5,1737.7,2,4,4,10
17458,15,1,316.5,4,2,2,8
17459,43,2,657.3,3,3,3,9
17460,79,8,452.63,2,5,2,9
17461,23,3,757.46,4,3,3,10
17462,51,3,662.94,3,3,3,9
17463,16,6,1881.36,4,4,4,12
17464,158,1,289.96,2,2,2,6
17466,10,2,763.28,5,3,3,11
17468,10,2,137.0,5,3,1,9
17469,16,6,1843.06,4,4,4,12
17470,45,5,1125.07,3,4,4,11
17472,191,3,710.29,1,3,3,7
17475,79,1,194.37,2,2,1,5
17480,74,2,506.51,2,3,3,8
17481,4,5,1249.34,5,4,4,13
17483,65,3,414.04,3,3,2,8
17486,261,1,396.87,1,2,2,5
17489,59,2,376.64,3,3,2,8
17490,1,11,1926.88,5,5,4,14
17491,1,11,3541.92,5,5,5,15
17492,248,1,374.57,1,2,2,5
17495,8,2,497.56,5,3,3,11
17496,359,1,271.05,1,2,2,5
17498,76,1,272.21999999999997,2,2,2,6
17499,290,1,622.88,1,2,3,6
17500,17,3,1138.0,4,3,4,11
17501,221,2,288.6,1,3,2,6
17502,9,4,689.1,5,4,3,12
17503,3,2,558.96,5,3,3,11
17504,206,10,2745.28,1,5,5,11
17505,162,2,1145.84,2,3,4,9
17506,70,2,294.29,3,3,2,8
17507,262,2,605.58,1,3,3,7
17508,281,1,387.31,1,2,2,5
17509,58,11,6100.74,3,5,5,13
17510,25,1,308.48,4,2,2,8
17511,3,46,88125.38,5,5,5,15
17512,29,11,2920.04,4,5,5,14
17513,72,1,513.2,2,2,3,7
17514,128,1,208.65,2,2,1,5
17515,31,4,639.02,4,4,3,11
17516,15,5,768.08,4,4,3,11
17517,309,1,153.94,1,2,1,4
17519,17,7,1839.07,4,5,4,13
17520,54,1,546.81,3,2,3,8
17521,24,4,721.96,4,4,3,11
17522,2,5,1070.71,5,4,4,13
17523,11,4,652.74,5,4,3,12
17524,361,1,145.0,1,2,1,4
17525,360,1,422.7,1,2,2,5
17526,1,8,706.7,5,5,3,13
17527,54,6,888.86,3,4,3,10
17528,1,11,3540.1,5,5,5,15
17530,1,10,2385.0,5,5,5,15
17531,121,2,293.45,2,3,2,7
17534,54,1,223.36,3,2,1,6
17535,280,1,164.4,1,2,1,4
17536,177,1,76.5,2,2,1,5
17537,30,2,897.62,4,3,3,10
17538,26,1,98.42,4,2,1,7
17540,9,3,570.4,5,3,3,11
17542,270,1,170.75,1,2,1,4
17545,43,3,645.96,3,3,3,9
17547,372,1,-11.8,1,2,1,4
17548,218,3,-141.48,1,3,1,5
17549,24,2,148.86,4,3,1,8
17550,197,3,267.16,1,3,2,6
17551,359,1,306.84,1,2,2,5
17552,43,6,909.96,3,4,4,11
17553,130,1,1487.6,2,2,4,8
17554,1,5,1952.45,5,4,4,13
17555,20,2,483.26,4,3,3,10
17556,206,1,157.9,1,2,1,4
17557,14,3,541.46,4,3,3,10
17560,95,5,854.95,2,4,3,9
17561,19,1,167.62,4,2,1,7
17562,14,8,1107.38,4,5,4,13
17564,24,3,454.01,4,3,2,9
17566,8,2,901.21,5,3,3,11
17567,7,10,4012.56,5,5,5,15
17569,332,1,344.14,1,2,2,5
17571,50,4,1498.51,3,4,4,11
17572,71,4,226.75000000000003,3,4,1,8
17573,29,4,362.9,4,4,2,10
17574,243,1,185.65,1,2,1,4
17576,8,22,3457.78,5,5,5,15
17578,191,2,124.74,1,3,1,5
17579,5,4,440.2,5,4,2,11
17580,253,3,215.72,1,3,1,5
17581,1,31,10736.11,5,5,5,15
17582,236,1,175.27,1,2,1,4
17584,7,3,1227.3,5,3,4,12
17585,109,4,1133.07,2,4,4,10
17588,100,3,1240.2,2,3,4,9
17589,60,4,2404.17,3,4,5,12
17590,2,3,1479.22,5,3,4,12
17591,73,8,2215.02,2,5,5,12
17593,4,6,3911.56,5,4,5,14
17594,85,2,993.18,2,3,4,9
17595,12,2,388.79,4,3,2,9
17596,23,7,2827.93,4,5,5,14
17597,214,1,2044.37,1,2,5,8
17600,18,1,161.67000000000002,4,2,1,7
17601,239,1,116.01,1,2,1,4
17602,2,8,5050.77,5,5,5,15
17603,50,5,-1165.3000000000002,3,4,1,8
17604,217,2,309.36,1,3,2,6
17608,33,2,193.42,3,3,1,7
17609,41,6,1103.92,3,4,4,11
17611,4,19,3947.87,5,5,5,15
17612,53,10,1992.76,3,5,4,12
17613,23,17,4509.37,4,5,5,14
17614,57,1,390.07,3,2,2,7
17615,130,3,329.6,2,3,2,7
17616,174,3,571.1999999999999,2,3,3,8
17618,6,3,971.58,5,3,4,12
17619,312,1,218.52,1,2,1,4
17620,60,1,81.44,3,2,1,6
17621,21,4,1336.1,4,4,4,12
17623,33,1,527.0500000000001,3,2,3,8
17624,15,2,843.48,4,3,3,10
17625,18,4,2047.0,4,4,5,13
17628,81,1,75.75,2,2,1,5
17629,6,9,1784.12,5,5,4,14
17630,170,2,503.6,2,3,3,8
17631,2,3,528.33,5,3,3,11
17633,31,6,1242.34,4,4,4,12
17634,36,9,2361.9700000000003,3,5,5,13
17636,9,2,265.93,5,3,2,10
17637,31,2,547.0600000000001,4,3,3,10
17639,276,1,108.5,1,2,1,4
17640,87,1,621.66,2,2,3,7
17642,120,2,712.29,2,3,3,8
17643,373,1,101.55,1,2,1,4
17644,1,17,2768.98,5,5,5,15
17646,219,4,995.66,1,4,4,9
17647,65,1,133.06,3,2,1,6
17648,61,5,1789.55,3,4,4,11
17649,135,2,861.74,2,3,3,8
17650,21,1,166.07999999999998,4,2,1,7
17651,12,14,3886.67,4,5,5,14
17652,25,18,4737.13,4,5,5,14
17653,29,5,1175.88,4,4,4,12
17654,277,1,117.55,1,2,1,4
17655,11,8,2571.74,5,5,5,15
17656,73,5,1674.69,2,4,4,10
17658,11,3,485.88,5,3,3,11
17659,4,14,2954.75,5,5,5,15
17660,141,1,196.0,2,2,1,5
17663,26,9,1788.27,4,5,4,13
17664,19,2,604.64,4,3,3,10
17666,4,2,728.16,5,3,3,11
17667,66,5,2055.51,3,4,5,12
17668,1,2,347.75,5,3,2,10
17669,43,7,3406.72,3,5,5,13
17670,228,1,205.7,1,2,1,4
17671,16,6,1284.08,4,4,4,12
17672,44,4,3106.62,3,4,5,12
17673,1,7,1622.22,5,5,4,14
17674,74,2,551.04,2,3,3,8
17675,1,41,20098.1,5,5,5,15
17676,4,7,1383.27,5,5,4,14
17677,2,43,16219.22,5,5,5,15
17678,264,1,298.11,1,2,2,5
17679,53,2,1992.11,3,3,4,10
17680,24,1,184.4,4,2,1,7
17682,10,7,2459.33,5,5,5,15
17684,44,1,239.41,3,2,2,7
17685,17,7,3191.53,4,5,5,14
17686,7,7,5739.46,5,5,5,15
17690,30,16,4748.45,4,5,5,14
17691,358,2,290.40000000000003,1,3,2,6
17692,127,5,733.44,2,4,3,9
17693,136,3,187.02,2,3,1,6
17694,142,1,283.12,2,2,2,6
17695,132,2,765.34,2,3,3,8
17696,38,14,2201.05,3,5,5,13
17697,236,1,338.95,1,2,2,5
17698,261,1,154.95,1,2,1,4
17700,17,6,2508.89,4,4,5,13
17701,253,1,417.95,1,2,2,5
17702,30,6,1719.72,4,4,4,12
17703,35,3,798.74,3,3,3,9
17704,169,2,885.19,2,3,3,8
17705,3,10,1781.12,5,5,4,14
17706,4,22,10097.37,5,5,5,15
17707,185,2,152.4,1,3,1,5
17708,188,2,267.08,1,3,2,6
17709,170,1,137.45,2,2,1,5
17711,11,2,385.1,5,3,2,10
17712,45,1,522.91,3,2,3,8
17714,321,1,153.0,1,2,1,4
17715,201,1,326.4,1,2,2,5
17716,23,12,5505.79,4,5,5,14
17718,232,1,139.35,1,2,1,4
17719,38,18,5367.8,3,5,5,13
17720,26,4,1195.94,4,4,4,12
17722,96,6,2380.64,2,4,5,11
17723,127,6,3276.4,2,4,5,11
17724,58,4,995.65,3,4,4,11
17725,16,14,3371.13,4,5,5,14
17727,9,2,1042.55,5,3,4,12
17728,4,5,2515.68,5,4,5,14
17730,3,15,5288.83,5,5,5,15
17731,79,5,878.2,2,4,3,9
17732,373,1,303.97,1,2,2,5
17733,39,2,692.1899999999999,3,3,3,9
17734,54,3,700.63,3,3,3,9
17735,2,19,13110.02,5,5,5,15
17736,9,4,337.49,5,4,2,11
17737,9,2,168.24,5,3,1,9
17738,19,5,1863.35,4,4,4,12
17739,12,8,2786.05,4,5,5,14
17742,113,2,355.11,2,3,2,7
17744,4,7,2291.08,5,5,5,15
17746,235,2,98.8,1,3,1,5
17747,100,2,64.65,2,3,1,6
17749,178,2,674.52,2,3,3,8
17750,5,9,1797.57,5,5,4,14
17752,359,1,80.64,1,2,1,4
17754,1,6,1739.92,5,4,4,13
17757,1,31,5585.49,5,5,5,15
17758,19,9,3456.7,4,5,5,14
17759,17,3,834.99,4,3,3,10
17760,22,2,287.59,4,3,2,9
17761,33,1,712.78,3,2,3,8
17763,263,1,15.0,1,2,1,4
17764,51,2,818.82,3,3,3,9
17765,159,3,371.88,2,3,2,7
17767,15,1,271.2,4,2,2,8
17768,8,3,2273.18,5,3,5,13
17769,13,12,3960.63,4,5,5,14
17770,199,5,1143.27,1,4,4,9
17771,57,2,245.81,3,3,2,8
17772,11,2,182.77,5,3,1,9
17774,97,5,1215.46,2,4,4,10
17775,255,1,56.4,1,2,1,4
17777,25,3,665.86,4,3,3,10
17779,21,5,642.17,4,4,3,11
17781,159,2,188.02,2,3,1,6
17783,72,2,283.47,2,3,2,7
17785,53,1,131.94,3,2,1,6
17786,85,2,278.74,2,3,2,7
17787,153,4,1865.19,2,4,4,10
17788,74,2,1117.9,2,3,4,9
17789,281,1,225.9,1,2,1,4
17790,27,14,1965.55,4,5,4,13
17791,30,1,106.1,4,2,1,7
17793,25,1,323.04,4,2,2,8
17795,180,2,350.39,1,3,2,6
17796,40,4,697.9,3,4,3,10
17797,22,3,780.4300000000001,4,3,3,10
17799,22,11,3026.08,4,5,5,14
17800,37,9,1199.01,3,5,4,12
17802,82,4,1251.84,2,4,4,10
17805,74,1,512.31,2,2,3,7
17806,11,1,546.04,5,2,3,10
17809,16,15,4627.62,4,5,5,14
17811,4,51,7677.71,5,5,5,15
17812,13,4,732.16,4,4,3,11
17813,14,7,1714.6,4,5,4,13
17816,37,4,36.56,3,4,1,8
17817,4,3,387.68,5,3,2,10
17819,72,8,3661.07,2,5,5,12
17820,191,2,-24.05,1,3,1,5
17824,51,1,298.4,3,2,2,7
17827,5,5,1995.46,5,4,4,13
17828,9,9,1599.97,5,5,4,14
17829,299,1,889.24,1,2,3,6
17830,2,3,398.7,5,3,2,10
17831,33,1,35.400000000000006,3,2,1,6
17832,50,1,155.37,3,2,1,6
17835,3,3,350.64,5,3,2,10
17836,47,1,110.21,3,2,1,6
17837,42,10,1560.53,3,5,4,12
17838,27,6,2312.7,4,4,5,13
17839,42,1,338.8,3,2,2,7
17841,2,169,40340.78,5,5,5,15
17843,303,1,205.48,1,2,1,4
17844,107,1,51.56,2,2,1,5
17846,85,1,2033.1,2,2,5,9
17848,81,9,901.2,2,5,3,10
17849,218,4,605.8000000000001,1,4,3,8
17850,302,35,5288.63,1,5,5,11
17852,12,2,114.34,4,3,1,8
17854,185,2,311.26,1,3,2,6
17855,373,1,208.97,1,2,1,4
17856,2,6,1393.79,5,4,4,13
17857,3,25,26763.34,5,5,5,15
17858,6,12,5155.66,5,5,5,15
17859,305,1,148.21,1,2,1,4
17860,369,1,252.8,1,2,2,5
17861,3,9,2059.2,5,5,5,15
17862,324,1,330.9,1,2,2,5
17863,59,6,3160.0,3,4,5,12
17864,13,3,597.5,4,3,3,10
17865,31,27,10158.54,4,5,5,14
17866,143,2,325.7,2,3,2,7
17867,30,8,622.75,4,5,3,12
17869,107,5,428.18,2,4,2,8
17870,2,13,1889.4,5,5,4,14
17871,205,1,155.9,1,2,1,4
17873,80,6,1764.36,2,4,4,10
17874,185,7,658.26,1,5,3,9
17877,170,1,237.61,2,2,2,6
17878,44,1,379.45,3,2,2,7
17879,174,1,178.52,2,2,1,5
17880,365,1,458.92,1,2,2,5
17881,304,1,133.35,1,2,1,4
17883,3,4,671.77,5,4,3,12
17884,4,4,717.45,5,4,3,12
17885,12,1,190.19,4,2,1,7
17886,32,3,899.61,4,3,3,10
17887,129,1,111.35,2,2,1,5
17888,19,10,525.78,4,5,3,12
17889,212,2,203.87,1,3,1,5
17890,323,2,602.09,1,3,3,7
17891,162,1,203.86,2,2,1,5
17892,56,3,244.1,3,3,2,8
17893,225,1,112.25,1,2,1,4
17894,72,8,1119.81,2,5,4,11
17895,44,1,98.0,3,2,1,6
17896,23,1,256.32,4,2,2,8
17897,173,4,541.1,2,4,3,9
17898,85,2,152.06,2,3,1,6
17899,159,1,155.79999999999998,2,2,1,5
17900,165,4,15.0,2,4,1,7
17901,29,1,110.38,4,2,1,7
17904,21,2,178.92000000000002,4,3,1,8
17905,71,4,800.24,3,4,3,10
17906,247,1,72.9,1,2,1,4
17908,374,1,243.28,1,2,2,5
17911,9,1,366.23,5,2,2,9
17912,310,6,295.61,1,4,2,7
17913,59,2,411.6,3,3,2,8
17914,4,1,336.43,5,2,2,9
17917,45,3,341.28,3,3,2,8
17919,88,1,1304.04,2,2,4,8
17920,4,17,4204.1,5,5,5,15
17921,64,4,826.52,3,4,3,10
17923,282,1,207.50000000000003,1,2,1,4
17924,1,13,2894.33,5,5,5,15
17925,373,1,244.08,1,2,2,5
17926,133,2,397.29,2,3,2,7
17928,45,2,212.54,3,3,1,7
17929,11,5,834.5,5,4,3,12
17930,36,5,1740.48,3,4,4,11
17931,134,2,408.36,2,3,2,7
17932,29,3,1331.57,4,3,4,11
17934,52,2,704.25,3,3,3,9
17935,138,2,145.79,2,3,1,6
17936,5,1,389.84,5,2,2,9
17937,9,7,4301.22,5,5,5,15
17939,160,1,99.14,2,2,1,5
17940,49,14,1983.58,3,5,4,12
17941,131,1,304.56,2,2,2,6
17942,8,1,77.50000000000001,5,2,1,8
17946,233,2,149.57999999999998,1,3,1,5
17947,37,1,176.68,3,2,1,6
17948,147,1,358.56000000000006,2,2,2,6
17949,1,52,52750.84,5,5,5,15
17950,72,4,472.12,2,4,3,9
17951,40,4,990.84,3,4,4,11
17954,5,16,2295.37,5,5,5,15
17955,199,4,557.3,1,4,3,8
17956,249,1,12.75,1,2,1,4
17957,66,1,111.68,3,2,1,6
17958,117,1,508.4599999999999,2,2,3,7
17960,171,1,73.78,2,2,1,5
17961,21,39,1296.44,4,5,4,13
17962,142,1,102.83,2,2,1,5
17964,32,2,471.7,4,3,3,10
17965,38,14,2622.57,3,5,5,13
17966,38,5,1098.43,3,4,4,11
17967,372,1,123.07,1,2,1,4
17968,374,1,277.35,1,2,2,5
17969,166,2,228.2,2,3,1,6
17970,211,1,582.59,1,2,3,6
17972,242,1,136.04,1,2,1,4
17973,52,1,337.04,3,2,2,7
17974,25,3,740.79,4,3,3,10
17975,15,14,4393.61,4,5,5,14
17976,372,1,353.19,1,2,2,5
17977,29,1,288.14,4,2,2,8
17978,365,1,300.92,1,2,2,5
17979,36,5,737.8100000000001,3,4,3,10
17980,166,3,811.45,2,3,3,8
17984,145,1,152.68,2,2,1,5
17985,22,1,634.95,4,2,3,9
17986,56,1,20.8,3,2,1,6
17987,185,1,198.57,1,2,1,4
17988,12,8,191.17,4,5,1,10
17990,237,3,630.84,1,3,3,7
17991,225,2,93.35,1,3,1,5
17994,122,6,629.69,2,4,3,9
17995,282,1,76.1,1,2,1,4
17997,74,12,1511.3,2,5,4,11
17999,37,2,382.06,3,3,2,8
18001,12,2,417.23,4,3,2,9
18004,362,1,169.47,1,2,1,4
18005,4,2,249.72,5,3,2,10
18006,23,1,444.68,4,2,2,8
18008,70,9,2116.19,3,5,5,13
18009,235,2,252.24,1,3,2,6
18010,257,1,174.8,1,2,1,4
18011,373,1,102.79,1,2,1,4
18013,155,2,187.29,2,3,1,6
18014,28,1,166.42,4,2,1,7
18015,4,1,120.03,5,2,1,8
18016,32,5,1483.56,4,4,4,12
18017,81,3,523.0,2,3,3,8
18018,108,2,122.14,2,3,1,6
18019,52,1,38.45,3,2,1,6
18022,36,1,668.11,3,2,3,8
18024,153,3,236.78,2,3,2,7
18027,99,1,115.31,2,2,1,5
18030,4,3,220.7,5,3,1,9
18032,334,1,73.5,1,2,1,4
18033,65,1,97.97,3,2,1,6
18034,22,2,422.88,4,3,2,9
18035,36,3,730.4,3,3,3,9
18036,32,3,405.62,4,3,2,9
18037,154,6,70.02,2,4,1,7
18040,19,2,357.20000000000005,4,3,2,9
18041,12,22,4161.14,4,5,5,14
18042,54,1,165.04999999999998,3,2,1,6
18043,25,3,559.51,4,3,3,10
18044,4,11,2085.65,5,5,5,15
18045,45,1,189.4,3,2,1,6
18048,203,2,172.29,1,3,1,5
18050,359,1,74.4,1,2,1,4
18053,66,2,297.07,3,3,2,8
18055,7,11,6752.14,5,5,5,15
18056,288,1,363.65,1,2,2,5
18058,10,1,170.15999999999997,5,2,1,8
18059,9,4,296.71,5,4,2,11
18061,22,10,2119.41,4,5,5,14
18062,173,3,720.52,2,3,3,8
18064,133,2,814.0,2,3,3,8
18065,6,15,2380.08,5,5,5,15
18066,75,1,318.0,2,2,2,6
18067,40,1,396.33,3,2,2,7
18068,289,1,101.7,1,2,1,4
18069,26,7,2021.82,4,5,5,14
18071,258,2,453.0,1,3,2,6
18072,155,2,3.552713678800501e-15,2,3,1,6
18073,114,13,3864.44,2,5,5,12
18074,374,1,489.6,1,2,3,6
18075,23,14,2538.7200000000003,4,5,5,14
18077,8,11,2633.01,5,5,5,15
18078,217,2,336.13,1,3,2,6
18079,45,4,3651.97,3,4,5,12
18080,19,2,1231.5,4,3,4,11
18081,36,3,343.45000000000005,3,3,2,8
18082,26,1,703.37,4,2,3,9
18084,16,2,87.53,4,3,1,8
18085,330,2,689.95,1,3,3,7
18086,274,1,101.34,1,2,1,4
18087,98,4,3770.119999999999,2,4,5,11
18088,61,1,167.67000000000002,3,2,1,6
18092,2,12,9065.76,5,5,5,15
18093,93,5,2083.42,2,4,5,11
18094,82,7,3017.3,2,5,5,12
18095,313,2,580.0500000000001,1,3,3,7
18096,12,3,911.15,4,3,4,11
18097,8,7,2692.85,5,5,5,15
18099,127,1,168.31,2,2,1,5
18101,11,2,223.65,5,3,1,9
18102,1,62,256438.49,5,5,5,15
18104,37,1,754.64,3,2,3,8
18105,38,1,113.48,3,2,1,6
18106,330,1,430.7,1,2,2,5
18108,249,2,264.65,1,3,2,6
18109,2,31,7925.32,5,5,5,15
18110,19,2,206.05,4,3,1,8
18112,12,2,352.69,4,3,2,9
18113,369,1,76.32000000000001,1,2,1,4
18114,290,1,220.1,1,2,1,4
18116,68,8,1418.03,3,5,4,12
18117,26,1,320.71999999999997,4,2,2,8
18118,11,31,5595.77,5,5,5,15
18119,368,1,181.12,1,2,1,4
18120,214,1,111.15,1,2,1,4
18121,149,2,673.1,2,3,3,8
18122,8,6,1826.21,5,4,4,13
18123,24,2,589.4399999999999,4,3,3,10
18125,30,5,1141.34,4,4,4,12
18126,61,1,206.83,3,2,1,6
18127,19,3,348.73,4,3,2,9
18129,243,1,112.55,1,2,1,4
18130,9,4,1045.74,5,4,4,13
18133,211,2,715.5,1,3,3,7
18135,29,5,681.9100000000001,4,4,3,11
18136,63,4,761.83,3,4,3,10
18138,295,1,152.65,1,2,1,4
18139,17,8,8393.22,4,5,5,14
18141,361,1,-35.400000000000006,1,2,1,4
18142,151,4,1014.9,2,4,4,10
18143,117,2,1000.16,2,3,4,9
18144,8,12,2888.75,5,5,5,15
18145,13,4,2861.5499999999997,4,4,5,13
18146,141,2,160.35,2,3,1,6
18147,46,2,179.34,3,3,1,7
18149,51,3,612.0799999999999,3,3,3,9
18150,32,3,566.58,4,3,3,10
18151,135,2,653.35,2,3,3,8
18154,3,2,399.19,5,3,2,10
18155,75,4,347.82,2,4,2,8
18156,13,2,734.94,4,3,3,10
18158,9,3,451.75,5,3,2,10
18159,301,1,530.15,1,2,3,6
18160,57,2,638.0600000000001,3,3,3,9
18161,10,6,1612.79,5,4,4,13
18164,31,2,394.7,4,3,2,9
18165,177,1,302.46,2,2,2,6
18167,4,6,1355.51,5,4,4,13
18168,176,9,1133.64,2,5,4,11
18169,61,1,202.65,3,2,1,6
18170,33,3,980.31,3,3,4,10
18171,59,7,1208.51,3,5,4,12
18172,15,26,7490.17,4,5,5,14
18173,87,4,2106.84,2,4,5,11
18174,7,1,104.0,5,2,1,8
18176,354,2,448.65,1,3,2,6
18177,31,7,1314.17,4,5,4,13
18178,114,6,1573.41,2,4,4,10
18179,9,6,1793.17,5,4,4,13
18180,5,6,1843.75,5,4,4,13
18181,24,1,382.8,4,2,2,8
18183,218,6,600.52,1,4,3,8
18184,15,1,49.8,4,2,1,7
18185,249,1,304.25,1,2,2,5
18188,15,4,1998.49,4,4,4,12
18189,78,3,1084.34,2,3,4,9
18190,192,3,274.51,1,3,2,6
18191,262,1,207.8,1,2,1,4
18192,72,1,957.97,2,2,4,8
18193,151,3,212.96,2,3,1,6
18194,64,2,896.0,3,3,3,9
18196,95,2,689.13,2,3,3,8
18198,4,21,5083.06,5,5,5,15
18200,106,1,163.8,2,2,1,5
18202,200,3,1396.99,1,3,4,8
18203,157,1,160.42,2,2,1,5
18204,71,4,1979.3,3,4,4,11
18205,36,2,517.36,3,3,3,9
18209,29,1,139.10000000000002,4,2,1,7
18210,2,6,2621.38,5,4,5,14
18211,26,5,600.07,4,4,3,11
18212,326,1,248.42,1,2,2,5
18213,237,1,232.48,1,2,1,4
18215,89,1,299.34000000000003,2,2,2,6
18216,31,1,481.75,4,2,3,9
18217,29,2,621.75,4,3,3,10
18218,206,4,626.38,1,4,3,8
18219,3,11,2019.77,5,5,5,15
18220,220,2,297.78,1,3,2,6
18221,22,6,1033.31,4,4,4,12
18222,93,1,443.0,2,2,2,6
18223,2,27,6315.2300000000005,5,5,5,15
18224,264,1,158.95000000000002,1,2,1,4
18225,3,17,5361.02,5,5,5,15
18226,39,14,5192.1,3,5,5,13
18227,218,1,93.75,1,2,1,4
18228,50,3,769.2,3,3,3,9
18229,12,20,7276.9,4,5,5,14
18230,9,10,2716.6000000000004,5,5,5,15
18231,192,6,2066.17,1,4,5,10
18232,82,5,582.47,2,4,3,9
18233,326,1,440.0,1,2,2,5
18235,72,3,1796.48,2,3,4,9
18236,30,6,882.24,4,4,3,11
18237,3,5,987.1,5,4,4,13
18239,219,5,1561.61,1,4,4,9
18240,46,1,422.58,3,2,2,7
18241,10,18,2058.09,5,5,5,15
18242,72,4,2232.49,2,4,5,11
18245,7,8,2507.56,5,5,5,15
18246,24,2,596.1,4,3,3,10
18248,114,4,783.02,2,4,3,9
18249,17,1,95.34,4,2,1,7
18250,301,2,342.92,1,3,2,6
18251,87,1,4314.72,2,2,5,9
18252,51,2,526.67,3,3,3,9
18255,89,1,103.3,2,2,1,5
18256,355,1,-50.099999999999994,1,2,1,4
18257,39,12,2265.38,3,5,5,13
18259,25,3,2338.6,4,3,5,12
18260,173,8,2595.0,2,5,5,12
18261,43,2,324.24,3,3,2,8
18262,140,1,149.48,2,2,1,5
18263,23,4,1211.08,4,4,4,12
18265,72,2,801.51,2,3,3,8
18268,134,2,0.0,2,3,1,6
18269,358,2,138.9,1,3,1,5
18270,38,3,238.95,3,3,2,8
18272,3,7,3064.78,5,5,5,15
18273,2,3,204.0,5,3,1,9
18274,18,2,-5.3290705182007506e-15,4,3,1,8
18276,21,3,323.36,4,3,2,9
18277,58,2,97.63,3,3,1,7
18278,74,1,173.9,2,2,1,5
18280,278,1,180.6,1,2,1,4
18281,181,1,80.82,1,2,1,4
18282,8,3,176.6,5,3,1,9
18283,4,16,2094.88,5,5,5,15
18287,43,3,1837.28,3,3,4,10
,1,3711,1447682.12,5,5,5,15
