CustomerID,Recency,Frequency,Monetary,Cluster,Segment
12347,2,7,4310.0,0,Potential Loyalists
12348,75,4,1797.24,0,Potential Loyalists
12349,19,1,1757.55,0,Potential Loyalists
12350,310,1,334.4,3,At Risk
12352,36,11,1545.4099999999999,0,Potential Loyalists
12353,204,1,89.0,3,At Risk
12354,232,1,1079.4,3,At Risk
12355,214,1,459.4,3,At Risk
12356,23,3,2811.43,0,Potential Loyalists
12357,33,1,6207.67,0,Potential Loyalists
12358,2,2,1168.06,0,Potential Loyalists
12359,8,6,6245.53,0,Potential Loyalists
12360,52,3,2662.06,0,Potential Loyalists
12361,287,1,189.9,3,At Risk
12362,3,13,5154.58,0,Potential Loyalists
12363,110,2,552.0,0,Potential Loyalists
12364,8,4,1313.1,0,Potential Loyalists
12365,291,3,320.69,3,At Risk
12367,4,1,168.9,0,Potential Loyalists
12370,51,4,3545.69,0,Potential Loyalists
12371,45,2,1887.96,0,Potential Loyalists
12372,72,3,1298.04,0,Potential Loyalists
12373,311,1,364.6,3,At Risk
12374,25,1,742.93,0,Potential Loyalists
12375,3,3,455.42,0,Potential Loyalists
12377,315,2,1628.1200000000001,3,At Risk
12378,130,1,4008.62,0,Potential Loyalists
12379,82,3,850.29,0,Potential Loyalists
12380,22,5,2720.56,0,Potential Loyalists
12381,5,6,1803.96,0,Potential Loyalists
12383,185,6,1839.31,3,At Risk
12384,29,3,566.16,0,Potential Loyalists
12386,338,2,401.9,3,At Risk
12388,16,6,2780.6600000000003,0,Potential Loyalists
12390,80,1,549.84,0,Potential Loyalists
12391,22,1,460.89,0,Potential Loyalists
12393,72,4,1582.6000000000001,0,Potential Loyalists
12394,64,2,1272.48,0,Potential Loyalists
12395,16,15,2998.28,0,Potential Loyalists
12397,36,2,2409.9,0,Potential Loyalists
12398,46,1,1635.66,0,Potential Loyalists
12399,119,4,1108.65,0,Potential Loyalists
12401,303,1,84.3,3,At Risk
12402,323,1,225.6,3,At Risk
12403,50,2,409.7,0,Potential Loyalists
12405,149,1,1710.39,3,At Risk
12406,22,3,3280.75,0,Potential Loyalists
12407,50,5,1708.12,0,Potential Loyalists
12408,33,9,2842.57,0,Potential Loyalists
12409,79,7,11056.93,0,Potential Loyalists
12410,301,3,681.08,3,At Risk
12412,75,3,1226.88,0,Potential Loyalists
12413,67,5,694.15,0,Potential Loyalists
12414,217,3,562.41,3,At Risk
12415,24,26,123725.45,1,Champions / VIPs
12417,3,12,3578.8,0,Potential Loyalists
12418,113,1,668.58,0,Potential Loyalists
12420,64,1,600.39,0,Potential Loyalists
12421,16,5,806.27,0,Potential Loyalists
12422,96,3,803.5600000000001,0,Potential Loyalists
12423,1,9,1849.1100000000001,0,Potential Loyalists
12424,163,2,1760.96,3,At Risk
12425,78,1,777.2,0,Potential Loyalists
12426,195,1,582.73,3,At Risk
12427,12,5,708.37,0,Potential Loyalists
12428,26,12,7877.2,0,Potential Loyalists
12429,9,4,3750.4,0,Potential Loyalists
12430,43,1,256.4,0,Potential Loyalists
12431,36,18,6416.39,2,Loyal Customers
12432,43,5,5059.32,0,Potential Loyalists
12433,1,7,13375.87,0,Potential Loyalists
12434,85,4,765.19,0,Potential Loyalists
12435,80,2,7829.89,0,Potential Loyalists
12436,100,1,509.01,0,Potential Loyalists
12437,2,19,4896.66,2,Loyal Customers
12438,14,2,2906.85,0,Potential Loyalists
12441,367,1,173.55,3,At Risk
12442,3,1,172.06,0,Potential Loyalists
12444,21,5,5005.46,0,Potential Loyalists
12445,22,1,133.4,0,Potential Loyalists
12446,58,1,1002.3100000000001,0,Potential Loyalists
12447,243,1,476.49,3,At Risk
12448,44,1,449.45,0,Potential Loyalists
12449,22,4,4067.29,0,Potential Loyalists
12450,156,2,197.88,3,At Risk
12451,11,6,8933.52,0,Potential Loyalists
12452,17,3,428.57,0,Potential Loyalists
12453,134,1,707.09,0,Potential Loyalists
12454,53,2,8.526512829121202e-14,0,Potential Loyalists
12455,73,6,2466.86,0,Potential Loyalists
12456,44,4,3153.89,0,Potential Loyalists
12457,58,12,1917.78,0,Potential Loyalists
12458,71,2,947.4,0,Potential Loyalists
12461,94,2,826.88,0,Potential Loyalists
12462,2,4,1124.01,0,Potential Loyalists
12463,46,7,1303.63,0,Potential Loyalists
12464,10,8,1212.05,0,Potential Loyalists
12465,8,3,733.89,0,Potential Loyalists
12468,143,3,724.04,0,Potential Loyalists
12471,2,49,18740.92,2,Loyal Customers
12472,31,13,6229.48,0,Potential Loyalists
12473,29,9,2848.23,0,Potential Loyalists
12474,17,30,7116.47,2,Loyal Customers
12475,54,1,723.38,0,Potential Loyalists
12476,1,20,6546.58,2,Loyal Customers
12477,23,9,13117.01,0,Potential Loyalists
12478,4,1,680.99,0,Potential Loyalists
12479,4,3,477.3,0,Potential Loyalists
12480,28,4,3281.63,0,Potential Loyalists
12481,23,11,5590.86,0,Potential Loyalists
12483,17,13,2327.13,0,Potential Loyalists
12484,33,8,4495.27,0,Potential Loyalists
12488,10,3,1298.66,0,Potential Loyalists
12489,336,1,334.93,3,At Risk
12490,5,10,5417.93,0,Potential Loyalists
12491,39,1,460.40000000000003,0,Potential Loyalists
12492,63,2,263.21,0,Potential Loyalists
12493,166,3,416.79,3,At Risk
12494,10,13,1139.35,0,Potential Loyalists
12497,82,1,1043.1,0,Potential Loyalists
12498,21,3,403.70000000000005,0,Potential Loyalists
12500,23,13,4206.2699999999995,0,Potential Loyalists
12501,315,2,2089.68,3,At Risk
12502,96,5,3723.87,0,Potential Loyalists
12504,18,4,114.0,0,Potential Loyalists
12506,233,1,73.5,3,At Risk
12507,134,4,1258.06,0,Potential Loyalists
12508,26,2,398.27,0,Potential Loyalists
12509,284,1,176.5,3,At Risk
12510,143,2,982.5699999999999,0,Potential Loyalists
12512,66,2,138.03,0,Potential Loyalists
12513,85,2,586.79,0,Potential Loyalists
12514,267,1,1017.68,3,At Risk
12515,353,1,383.7,3,At Risk
12516,78,2,1312.06,0,Potential Loyalists
12517,28,6,2464.89,0,Potential Loyalists
12518,1,5,2056.89,0,Potential Loyalists
12519,64,1,340.84,0,Potential Loyalists
12520,79,6,2582.5099999999998,0,Potential Loyalists
12521,143,1,599.6800000000001,3,At Risk
12522,39,2,192.72,0,Potential Loyalists
12523,2,13,1745.57,0,Potential Loyalists
12524,9,8,4485.72,0,Potential Loyalists
12526,1,3,1316.66,0,Potential Loyalists
12527,82,3,348.71000000000004,0,Potential Loyalists
12528,9,8,1922.28,0,Potential Loyalists
12530,60,5,1623.63,0,Potential Loyalists
12531,15,1,125.22,0,Potential Loyalists
12532,30,1,349.83000000000004,0,Potential Loyalists
12534,131,1,1089.18,0,Potential Loyalists
12535,92,2,716.35,0,Potential Loyalists
12536,8,5,4106.819999999999,0,Potential Loyalists
12538,29,1,363.95,0,Potential Loyalists
12539,22,5,3852.5,0,Potential Loyalists
12540,20,19,13309.039999999999,2,Loyal Customers
12541,30,3,981.18,0,Potential Loyalists
12544,30,2,355.7,0,Potential Loyalists
12545,75,2,1000.39,0,Potential Loyalists
12546,47,3,1141.5,0,Potential Loyalists
12547,198,2,207.8,3,At Risk
12548,166,1,95.19999999999999,3,At Risk
12550,79,1,964.83,0,Potential Loyalists
12551,358,1,168.0,3,At Risk
12552,39,2,437.82,0,Potential Loyalists
12553,8,14,3652.25,0,Potential Loyalists
12556,50,2,603.71,0,Potential Loyalists
12557,16,5,11990.96,0,Potential Loyalists
12559,311,3,536.21,3,At Risk
12560,5,4,2101.39,0,Potential Loyalists
12561,303,1,238.85,3,At Risk
12562,8,7,3781.7400000000002,0,Potential Loyalists
12564,261,1,456.90000000000003,3,At Risk
12565,282,2,131.17,3,At Risk
12566,73,2,346.7,0,Potential Loyalists
12567,23,11,9114.94,0,Potential Loyalists
12569,2,35,4064.9900000000002,2,Loyal Customers
12571,40,2,519.61,0,Potential Loyalists
12572,9,3,1004.72,0,Potential Loyalists
12573,227,1,160.54000000000002,3,At Risk
12574,316,1,218.45000000000002,3,At Risk
12576,36,6,1306.98,0,Potential Loyalists
12577,35,4,595.4,0,Potential Loyalists
12578,21,4,2753.36,0,Potential Loyalists
12579,73,3,410.72,0,Potential Loyalists
12580,247,1,415.7,3,At Risk
12581,40,1,197.71,0,Potential Loyalists
12582,239,2,511.36,3,At Risk
12583,3,18,7187.34,2,Loyal Customers
12584,4,18,1893.95,0,Potential Loyalists
12585,234,4,1982.81,3,At Risk
12586,17,2,179.94,0,Potential Loyalists
12587,8,1,144.0,0,Potential Loyalists
12588,39,1,214.89999999999998,0,Potential Loyalists
12589,29,2,646.68,0,Potential Loyalists
12590,190,3,9861.38,3,At Risk
12591,317,1,452.84999999999997,3,At Risk
12592,92,2,437.6,0,Potential Loyalists
12593,109,3,418.09999999999997,0,Potential Loyalists
12594,38,11,3320.2200000000003,0,Potential Loyalists
12596,51,2,618.27,0,Potential Loyalists
12597,19,5,3683.13,0,Potential Loyalists
12598,10,9,3002.68,0,Potential Loyalists
12599,29,7,1032.58,0,Potential Loyalists
12600,29,11,2581.04,0,Potential Loyalists
12601,190,6,569.5600000000001,3,At Risk
12602,59,1,153.12,0,Potential Loyalists
12603,22,1,739.1999999999999,0,Potential Loyalists
12604,79,2,254.18,0,Potential Loyalists
12609,78,3,1126.85,0,Potential Loyalists
12610,23,7,2057.99,0,Potential Loyalists
12611,52,1,1193.32,0,Potential Loyalists
12612,58,2,643.59,0,Potential Loyalists
12613,31,6,3218.98,0,Potential Loyalists
12614,278,1,315.6,3,At Risk
12615,2,4,2291.19,0,Potential Loyalists
12616,85,5,657.25,0,Potential Loyalists
12617,29,1,355.53000000000003,0,Potential Loyalists
12618,22,1,177.31,0,Potential Loyalists
12619,16,13,3214.81,0,Potential Loyalists
12620,15,3,1339.4099999999999,0,Potential Loyalists
12621,2,23,13612.07,2,Loyal Customers
12622,232,1,180.1,3,At Risk
12623,276,1,305.1,3,At Risk
12624,106,2,641.13,0,Potential Loyalists
12625,212,3,2614.32,3,At Risk
12626,23,13,6388.35,0,Potential Loyalists
12627,11,7,4478.53,0,Potential Loyalists
12628,4,4,769.61,0,Potential Loyalists
12630,10,2,1270.88,0,Potential Loyalists
12631,57,1,640.5,0,Potential Loyalists
12633,59,5,2140.63,0,Potential Loyalists
12635,90,2,1689.18,0,Potential Loyalists
12637,67,10,5953.25,0,Potential Loyalists
12638,33,1,671.69,0,Potential Loyalists
12639,239,1,486.1,3,At Risk
12640,24,3,1174.58,0,Potential Loyalists
12641,115,1,185.9,0,Potential Loyalists
12642,25,3,1013.26,0,Potential Loyalists
12643,128,6,3344.64,0,Potential Loyalists
12644,130,1,477.90999999999997,0,Potential Loyalists
12645,34,5,1755.38,0,Potential Loyalists
12646,5,2,1346.97,0,Potential Loyalists
12647,22,13,3669.92,0,Potential Loyalists
12648,155,1,318.05,3,At Risk
12649,107,4,603.71,0,Potential Loyalists
12650,3,1,314.44,0,Potential Loyalists
12651,335,1,114.0,3,At Risk
12652,322,2,914.53,3,At Risk
12653,149,2,2209.85,3,At Risk
12654,11,5,601.98,0,Potential Loyalists
12656,17,8,3982.72,0,Potential Loyalists
12657,11,5,1152.06,0,Potential Loyalists
12658,19,1,686.05,0,Potential Loyalists
12659,30,1,91.68,0,Potential Loyalists
12660,11,1,245.1,0,Potential Loyalists
12662,1,12,3817.08,0,Potential Loyalists
12664,8,10,4863.88,0,Potential Loyalists
12665,325,2,61.75,3,At Risk
12667,58,1,620.13,0,Potential Loyalists
12668,7,6,3743.18,0,Potential Loyalists
12669,151,4,1607.73,3,At Risk
12670,10,6,2986.15,0,Potential Loyalists
12672,330,1,225.9,3,At Risk
12673,5,2,610.52,0,Potential Loyalists
12674,12,7,1919.31,0,Potential Loyalists
12676,25,6,1331.39,0,Potential Loyalists
12678,42,13,17588.26,2,Loyal Customers
12679,52,9,1058.67,0,Potential Loyalists
12680,1,4,862.81,0,Potential Loyalists
12681,15,27,13677.59,2,Loyal Customers
12682,4,31,12288.22,2,Loyal Customers
12683,4,20,8221.09,2,Loyal Customers
12684,8,7,2283.63,0,Potential Loyalists
12685,28,6,2863.08,0,Potential Loyalists
12686,372,1,89.14,3,At Risk
12688,114,1,4873.81,0,Potential Loyalists
12689,26,2,1247.61,0,Potential Loyalists
12690,206,1,389.01,3,At Risk
12691,28,6,1035.8,0,Potential Loyalists
12693,121,6,830.96,0,Potential Loyalists
12694,70,2,869.67,0,Potential Loyalists
12695,7,4,582.1,0,Potential Loyalists
12697,21,5,939.02,0,Potential Loyalists
12700,8,6,4867.99,0,Potential Loyalists
12701,80,2,797.71,0,Potential Loyalists
12702,20,1,219.0,0,Potential Loyalists
12703,64,2,274.7,0,Potential Loyalists
12704,7,10,2220.84,0,Potential Loyalists
12705,15,14,6814.24,0,Potential Loyalists
12707,292,1,603.42,3,At Risk
12708,30,16,2616.32,0,Potential Loyalists
12709,3,26,9294.1,2,Loyal Customers
12710,97,4,1130.57,0,Potential Loyalists
12712,23,17,4241.63,0,Potential Loyalists
12713,1,1,848.55,0,Potential Loyalists
12714,9,5,4708.86,0,Potential Loyalists
12715,106,1,353.86,0,Potential Loyalists
12716,4,2,1053.49,0,Potential Loyalists
12717,151,3,980.98,3,At Risk
12718,71,1,238.25,0,Potential Loyalists
12719,5,3,608.1,0,Potential Loyalists
12720,3,29,5713.28,2,Loyal Customers
12721,32,7,2628.98,0,Potential Loyalists
12722,85,6,904.33,0,Potential Loyalists
12723,4,5,725.07,0,Potential Loyalists
12724,5,4,1031.41,0,Potential Loyalists
12725,371,1,427.8,3,At Risk
12726,28,7,2609.1,0,Potential Loyalists
12727,11,9,3947.7,0,Potential Loyalists
12728,71,4,836.33,0,Potential Loyalists
12729,114,1,453.01,0,Potential Loyalists
12731,24,14,18793.41,2,Loyal Customers
12732,180,1,236.26,3,At Risk
12733,234,1,383.95,3,At Risk
12734,353,1,110.39999999999999,3,At Risk
12735,315,2,779.5699999999999,3,At Risk
12736,333,1,234.0,3,At Risk
12738,372,1,155.35,3,At Risk
12739,78,2,1013.04,0,Potential Loyalists
12740,64,1,427.59999999999997,0,Potential Loyalists
12743,134,2,546.43,0,Potential Loyalists
12744,52,10,9120.39,0,Potential Loyalists
12747,2,11,4196.01,0,Potential Loyalists
12748,1,223,29072.1,1,Champions / VIPs
12749,4,8,3868.2,0,Potential Loyalists
12750,129,1,275.88,0,Potential Loyalists
12752,81,1,4366.78,0,Potential Loyalists
12753,4,11,21024.01,2,Loyal Customers
12754,236,5,2949.12,3,At Risk
12755,250,4,2203.2000000000003,3,At Risk
12756,87,1,112.08,0,Potential Loyalists
12757,16,19,4227.7,2,Loyal Customers
12758,117,2,2791.59,0,Potential Loyalists
12759,52,3,1531.44,0,Potential Loyalists
12762,8,2,1898.52,0,Potential Loyalists
12763,138,2,494.08,0,Potential Loyalists
12764,317,1,1693.88,3,At Risk
12766,4,7,6989.63,0,Potential Loyalists
12769,239,1,1143.6,3,At Risk
12770,211,1,1351.45,3,At Risk
12772,60,1,892.47,0,Potential Loyalists
12775,17,6,1351.24,0,Potential Loyalists
12778,20,7,804.23,0,Potential Loyalists
12779,21,12,3868.7,0,Potential Loyalists
12781,21,5,707.72,0,Potential Loyalists
12782,5,6,2273.32,0,Potential Loyalists
12783,2,8,1603.87,0,Potential Loyalists
12784,9,2,574.42,0,Potential Loyalists
12785,3,2,305.71,0,Potential Loyalists
12787,10,3,463.66,0,Potential Loyalists
12789,65,1,91.85,0,Potential Loyalists
12790,192,1,324.92,3,At Risk
12791,374,1,192.60000000000002,3,At Risk
12792,257,1,400.53999999999996,3,At Risk
12793,335,2,545.48,3,At Risk
12794,53,2,860.41,0,Potential Loyalists
12795,19,1,430.48,0,Potential Loyalists
12797,360,3,194.18,3,At Risk
12798,10,3,6977.04,0,Potential Loyalists
12802,184,2,412.58,3,At Risk
12808,37,3,483.65000000000003,0,Potential Loyalists
12809,168,2,484.36,3,At Risk
12811,261,3,514.85,3,At Risk
12812,45,1,229.64000000000001,0,Potential Loyalists
12814,102,1,125.92,0,Potential Loyalists
12815,148,2,1063.46,3,At Risk
12816,96,2,572.2,0,Potential Loyalists
12817,281,1,166.04,3,At Risk
12818,178,2,1517.88,3,At Risk
12820,3,4,942.34,0,Potential Loyalists
12821,214,1,92.72,3,At Risk
12822,71,3,918.98,0,Potential Loyalists
12823,75,5,1759.5,0,Potential Loyalists
12824,60,1,397.12,0,Potential Loyalists
12826,3,8,1468.1200000000001,0,Potential Loyalists
12827,6,3,430.15,0,Potential Loyalists
12828,3,6,1018.71,0,Potential Loyalists
12829,322,3,253.04999999999998,3,At Risk
12830,38,7,6748.4,0,Potential Loyalists
12831,262,1,215.05,3,At Risk
12832,32,2,383.03000000000003,0,Potential Loyalists
12833,145,1,417.38,3,At Risk
12834,283,1,312.38,3,At Risk
12836,59,4,2612.86,0,Potential Loyalists
12837,173,1,134.1,3,At Risk
12838,34,2,683.13,0,Potential Loyalists
12839,3,16,5583.62,0,Potential Loyalists
12840,144,6,2714.27,0,Potential Loyalists
12841,5,26,3876.4,2,Loyal Customers
12842,70,2,1118.99,0,Potential Loyalists
12843,66,9,1680.76,0,Potential Loyalists
12844,29,2,325.96000000000004,0,Potential Loyalists
12845,267,4,354.09000000000003,3,At Risk
12847,22,1,871.54,0,Potential Loyalists
12849,31,2,1050.8899999999999,0,Potential Loyalists
12851,97,1,135.18,0,Potential Loyalists
12852,290,2,299.75,3,At Risk
12853,108,9,1881.7,0,Potential Loyalists
12854,79,5,1289.15,0,Potential Loyalists
12855,373,1,38.1,3,At Risk
12856,8,8,2162.68,0,Potential Loyalists
12857,211,2,1106.4,3,At Risk
12863,52,2,504.2,0,Potential Loyalists
12864,138,1,147.12,0,Potential Loyalists
12865,26,3,1548.07,0,Potential Loyalists
12866,283,1,559.12,3,At Risk
12867,26,10,3986.22,0,Potential Loyalists
12868,186,6,1607.06,3,At Risk
12871,84,2,380.64,0,Potential Loyalists
12872,327,2,599.97,3,At Risk
12873,282,1,374.0,3,At Risk
12875,143,2,343.2300000000001,0,Potential Loyalists
12876,58,2,2218.02,0,Potential Loyalists
12877,4,12,1535.77,0,Potential Loyalists
12878,18,3,841.64,0,Potential Loyalists
12879,45,4,552.57,0,Potential Loyalists
12881,276,1,298.0,3,At Risk
12882,9,2,1463.04,0,Potential Loyalists
12883,25,4,703.47,0,Potential Loyalists
12884,88,1,309.05,0,Potential Loyalists
12885,63,4,1158.27,0,Potential Loyalists
12886,68,3,1351.09,0,Potential Loyalists
12888,214,4,313.77,3,At Risk
12890,24,1,380.47,0,Potential Loyalists
12891,186,3,331.0,3,At Risk
12893,31,1,188.14,0,Potential Loyalists
12895,42,3,347.3,0,Potential Loyalists
12897,205,2,216.5,3,At Risk
12901,9,36,16293.1,2,Loyal Customers
12902,265,1,138.68,3,At Risk
12904,18,2,509.58,0,Potential Loyalists
12906,12,5,2919.81,0,Potential Loyalists
12908,59,4,246.0,0,Potential Loyalists
12909,40,8,2128.83,0,Potential Loyalists
12910,23,8,3075.04,0,Potential Loyalists
12912,3,5,1662.3,0,Potential Loyalists
12913,5,5,2483.63,0,Potential Loyalists
12915,149,2,363.65,3,At Risk
12916,139,5,2982.35,0,Potential Loyalists
12917,128,1,594.0,0,Potential Loyalists
12919,8,8,1301.44,0,Potential Loyalists
12920,17,1,164.23,0,Potential Loyalists
12921,4,50,16389.74,2,Loyal Customers
12922,161,1,405.38,3,At Risk
12923,64,1,176.97,0,Potential Loyalists
12924,88,5,929.95,0,Potential Loyalists
12925,5,2,694.05,0,Potential Loyalists
12928,35,5,2062.7,0,Potential Loyalists
12929,122,2,105.1,0,Potential Loyalists
12930,78,4,409.90000000000003,0,Potential Loyalists
12931,22,20,33462.81,2,Loyal Customers
12933,24,4,606.28,0,Potential Loyalists
12935,2,8,2156.45,0,Potential Loyalists
12936,17,5,1012.9000000000001,0,Potential Loyalists
12937,15,4,1504.27,0,Potential Loyalists
12938,26,1,114.14,0,Potential Loyalists
12939,64,8,11581.800000000001,0,Potential Loyalists
12940,46,4,876.29,0,Potential Loyalists
12942,131,3,683.9,0,Potential Loyalists
12944,36,2,604.51,0,Potential Loyalists
12945,288,1,462.95,3,At Risk
12947,144,11,1407.29,0,Potential Loyalists
12948,16,8,2053.7,0,Potential Loyalists
12949,31,10,4143.02,0,Potential Loyalists
12950,2,3,1843.0,0,Potential Loyalists
12951,9,8,1042.07,0,Potential Loyalists
12952,6,5,1382.84,0,Potential Loyalists
12953,10,1,329.85,0,Potential Loyalists
12955,1,14,4734.26,0,Potential Loyalists
12956,306,1,108.07,3,At Risk
12957,4,12,3979.04,0,Potential Loyalists
12962,7,2,266.39,0,Potential Loyalists
12963,8,9,1841.03,0,Potential Loyalists
12965,89,1,771.91,0,Potential Loyalists
12966,10,1,160.18,0,Potential Loyalists
12967,3,4,1194.75,0,Potential Loyalists
12968,112,1,135.95,0,Potential Loyalists
12970,7,4,452.24,0,Potential Loyalists
12971,4,89,10930.26,2,Loyal Customers
12974,198,1,144.8,3,At Risk
12976,212,1,738.6,3,At Risk
12977,156,1,39.24,3,At Risk
12980,156,12,7092.06,0,Potential Loyalists
12981,30,2,372.21999999999997,0,Potential Loyalists
12982,240,2,377.2,3,At Risk
12984,19,1,97.5,0,Potential Loyalists
12985,1,3,1215.62,0,Potential Loyalists
12987,74,3,545.0,0,Potential Loyalists
12988,292,1,535.32,3,At Risk
12989,3,19,6854.51,2,Loyal Customers
12990,31,3,409.5,0,Potential Loyalists
12991,23,2,503.76,0,Potential Loyalists
12993,23,4,414.76,0,Potential Loyalists
12994,4,5,902.22,0,Potential Loyalists
12995,78,2,200.72,0,Potential Loyalists
12997,22,7,1197.94,0,Potential Loyalists
12999,196,3,455.88,3,At Risk
13000,107,3,534.85,0,Potential Loyalists
13001,4,15,9797.92,2,Loyal Customers
13002,318,1,120.94999999999999,3,At Risk
13003,106,3,149.05,0,Potential Loyalists
13004,12,22,5613.43,2,Loyal Customers
13005,174,3,468.95,3,At Risk
13006,56,1,81.57,0,Potential Loyalists
13008,323,2,178.46999999999997,3,At Risk
13011,372,1,50.550000000000004,3,At Risk
13012,9,11,1311.6200000000001,0,Potential Loyalists
13013,1,15,4786.99,0,Potential Loyalists
13014,3,16,3365.43,0,Potential Loyalists
13015,53,5,3346.28,0,Potential Loyalists
13016,73,3,789.89,0,Potential Loyalists
13017,7,1,204.0,0,Potential Loyalists
13018,16,29,7272.75,2,Loyal Customers
13021,4,12,2584.4,0,Potential Loyalists
13023,64,2,689.9,0,Potential Loyalists
13026,1,8,936.15,0,Potential Loyalists
13027,114,6,6912.0,0,Potential Loyalists
13028,23,3,659.68,0,Potential Loyalists
13029,31,3,1247.5,0,Potential Loyalists
13030,11,2,799.48,0,Potential Loyalists
13032,39,3,996.52,0,Potential Loyalists
13033,357,1,190.55,3,At Risk
13034,55,2,642.77,0,Potential Loyalists
13035,58,3,886.63,0,Potential Loyalists
13037,138,3,881.07,0,Potential Loyalists
13038,80,3,908.46,0,Potential Loyalists
13040,9,2,676.99,0,Potential Loyalists
13043,254,2,471.57,3,At Risk
13044,291,1,560.47,3,At Risk
13045,99,1,305.28000000000003,0,Potential Loyalists
13046,31,2,629.31,0,Potential Loyalists
13047,32,18,3079.1,0,Potential Loyalists
13048,14,5,1805.91,0,Potential Loyalists
13049,64,2,656.6800000000001,0,Potential Loyalists
13050,9,28,5684.61,2,Loyal Customers
13052,212,1,348.15,3,At Risk
13055,64,4,1201.96,0,Potential Loyalists
13058,25,3,271.40000000000003,0,Potential Loyalists
13059,250,1,183.4,3,At Risk
13060,254,1,307.53000000000003,3,At Risk
13061,72,1,248.61,0,Potential Loyalists
13062,191,1,346.98,3,At Risk
13064,13,4,1119.49,0,Potential Loyalists
13065,373,1,205.86,3,At Risk
13066,24,3,430.9,0,Potential Loyalists
13067,82,1,115.46,0,Potential Loyalists
13068,10,2,344.0,0,Potential Loyalists
13069,1,27,3717.82,2,Loyal Customers
13070,192,1,228.8,3,At Risk
13072,267,1,177.15,3,At Risk
13075,130,1,919.61,0,Potential Loyalists
13077,1,4,729.27,0,Potential Loyalists
13078,1,43,12432.28,2,Loyal Customers
13079,4,5,220.10000000000002,0,Potential Loyalists
13080,179,1,58.08,3,At Risk
13081,1,21,27964.48,2,Loyal Customers
13082,126,10,3595.48,0,Potential Loyalists
13083,4,2,303.75,0,Potential Loyalists
13085,158,3,272.38,3,At Risk
13089,3,118,57385.88,1,Champions / VIPs
13090,9,18,8689.39,2,Loyal Customers
13091,21,2,319.82,0,Potential Loyalists
13092,71,6,459.83,0,Potential Loyalists
13093,267,13,7741.47,3,At Risk
13094,21,16,1708.8600000000001,0,Potential Loyalists
13095,71,1,74.39999999999999,0,Potential Loyalists
13097,33,14,5893.32,0,Potential Loyalists
13098,1,41,28658.88,2,Loyal Customers
13099,99,1,207.36,0,Potential Loyalists
13101,234,1,101.19,3,At Risk
13102,1,27,6336.29,2,Loyal Customers
13103,40,1,243.94,0,Potential Loyalists
13104,3,6,1098.48,0,Potential Loyalists
13106,129,2,59.5,0,Potential Loyalists
13107,44,5,1524.07,0,Potential Loyalists
13108,373,1,350.06,3,At Risk
13109,3,5,766.84,0,Potential Loyalists
13110,31,8,1452.8700000000001,0,Potential Loyalists
13113,1,40,10510.0,2,Loyal Customers
13115,9,14,2205.63,0,Potential Loyalists
13116,117,2,485.19,0,Potential Loyalists
13117,22,8,984.91,0,Potential Loyalists
13118,20,7,1125.0,0,Potential Loyalists
13120,239,1,30.6,3,At Risk
13121,269,2,254.73,3,At Risk
13122,94,2,922.39,0,Potential Loyalists
13124,90,3,3866.33,0,Potential Loyalists
13126,5,10,2056.29,0,Potential Loyalists
13127,78,1,259.17,0,Potential Loyalists
13130,94,1,64.0,0,Potential Loyalists
13131,23,4,1039.3,0,Potential Loyalists
13132,262,1,77.3,3,At Risk
13133,274,2,109.8,3,At Risk
13134,73,7,1740.63,0,Potential Loyalists
13135,197,1,3096.0,3,At Risk
13136,50,11,2545.38,0,Potential Loyalists
13137,11,9,3605.08,0,Potential Loyalists
13138,22,6,962.39,0,Potential Loyalists
13139,16,8,5055.79,0,Potential Loyalists
13140,108,3,423.72,0,Potential Loyalists
13141,85,6,2385.8,0,Potential Loyalists
13142,19,1,307.09000000000003,0,Potential Loyalists
13144,333,1,110.95,3,At Risk
13145,40,5,614.77,0,Potential Loyalists
13146,26,1,228.91,0,Potential Loyalists
13147,10,4,712.8,0,Potential Loyalists
13148,29,17,3348.48,0,Potential Loyalists
13149,14,4,1676.06,0,Potential Loyalists
13151,203,2,1250.3700000000001,3,At Risk
13153,6,1,486.22,0,Potential Loyalists
13155,33,4,971.76,0,Potential Loyalists
13157,49,5,1721.57,0,Potential Loyalists
13158,95,4,1201.06,0,Potential Loyalists
13159,9,5,1379.75,0,Potential Loyalists
13160,22,1,91.8,0,Potential Loyalists
13161,313,1,112.75,3,At Risk
13162,122,5,1644.99,0,Potential Loyalists
13165,46,2,1021.48,0,Potential Loyalists
13166,282,2,414.7,3,At Risk
13167,19,4,791.3299999999999,0,Potential Loyalists
13168,36,5,1310.14,0,Potential Loyalists
13169,64,2,712.88,0,Potential Loyalists
13170,27,1,116.01,0,Potential Loyalists
13171,8,5,426.81,0,Potential Loyalists
13173,4,2,353.65,0,Potential Loyalists
13174,16,3,2817.03,0,Potential Loyalists
13176,46,1,492.84,0,Potential Loyalists
13177,65,1,282.45,0,Potential Loyalists
13178,26,11,5725.47,0,Potential Loyalists
13182,45,1,121.18,0,Potential Loyalists
13183,8,9,3957.78,0,Potential Loyalists
13184,15,12,1648.79,0,Potential Loyalists
13185,268,1,71.4,3,At Risk
13186,40,5,1539.69,0,Potential Loyalists
13187,337,1,236.02,3,At Risk
13188,11,1,114.6,0,Potential Loyalists
13189,19,2,260.68,0,Potential Loyalists
13192,95,2,911.94,0,Potential Loyalists
13193,61,1,117.88,0,Potential Loyalists
13194,136,1,60.7,0,Potential Loyalists
13196,11,4,1797.78,0,Potential Loyalists
13198,10,8,3384.09,0,Potential Loyalists
13199,4,39,9803.96,2,Loyal Customers
13200,19,4,870.09,0,Potential Loyalists
13203,10,4,869.46,0,Potential Loyalists
13207,15,2,250.26000000000005,0,Potential Loyalists
13208,59,7,1205.9,0,Potential Loyalists
13209,30,11,5820.16,0,Potential Loyalists
13210,94,1,353.48,0,Potential Loyalists
13211,10,3,1197.42,0,Potential Loyalists
13212,9,4,780.58,0,Potential Loyalists
13213,57,6,1518.43,0,Potential Loyalists
13216,268,1,333.74,3,At Risk
13217,122,5,133.62,0,Potential Loyalists
13218,127,1,62.63999999999999,0,Potential Loyalists
13220,78,4,819.29,0,Potential Loyalists
13221,240,2,847.41,3,At Risk
13223,200,2,163.2,3,At Risk
13224,60,3,2150.85,0,Potential Loyalists
13225,3,8,6083.04,0,Potential Loyalists
13226,273,1,108.21,3,At Risk
13227,202,1,257.7,3,At Risk
13228,81,1,358.0,0,Potential Loyalists
13229,226,1,160.95,3,At Risk
13230,4,15,2763.41,0,Potential Loyalists
13232,13,7,1357.6,0,Potential Loyalists
13233,74,2,605.12,0,Potential Loyalists
13235,212,2,101.17000000000004,3,At Risk
13236,25,3,727.27,0,Potential Loyalists
13238,11,5,680.83,0,Potential Loyalists
13239,262,1,329.56,3,At Risk
13240,96,4,663.65,0,Potential Loyalists
13242,112,3,270.40000000000003,0,Potential Loyalists
13243,203,1,600.07,3,At Risk
13244,93,1,121.74000000000001,0,Potential Loyalists
13245,51,1,430.5,0,Potential Loyalists
13246,18,7,1922.1000000000001,0,Potential Loyalists
13247,18,4,501.12,0,Potential Loyalists
13248,125,2,465.68,0,Potential Loyalists
13249,92,3,711.41,0,Potential Loyalists
13253,157,2,1030.4,3,At Risk
13255,4,3,390.66,0,Potential Loyalists
13258,12,3,698.5799999999999,0,Potential Loyalists
13259,62,1,292.32,0,Potential Loyalists
13260,61,1,557.62,0,Potential Loyalists
13261,269,2,944.1,3,At Risk
13262,263,1,200.29,3,At Risk
13263,1,35,7454.07,2,Loyal Customers
13265,53,5,2107.66,0,Potential Loyalists
13266,11,19,3717.67,2,Loyal Customers
13267,3,27,4404.4400000000005,2,Loyal Customers
13268,18,15,3167.64,0,Potential Loyalists
13269,1,17,5315.92,2,Loyal Customers
13270,366,1,590.0,3,At Risk
13271,37,2,178.26,0,Potential Loyalists
13272,31,2,276.56,0,Potential Loyalists
13273,113,1,138.98,0,Potential Loyalists
13276,64,2,590.9300000000001,0,Potential Loyalists
13277,16,4,258.4,0,Potential Loyalists
13278,41,1,542.73,0,Potential Loyalists
13279,64,2,126.30000000000001,0,Potential Loyalists
13280,122,3,814.86,0,Potential Loyalists
13282,18,6,1047.84,0,Potential Loyalists
13283,60,2,93.66,0,Potential Loyalists
13284,323,2,196.15,3,At Risk
13285,23,4,2709.12,0,Potential Loyalists
13291,156,1,361.11,3,At Risk
13292,39,2,578.9399999999999,0,Potential Loyalists
13294,190,2,873.74,3,At Risk
13295,360,2,197.95000000000002,3,At Risk
13296,137,1,87.4,0,Potential Loyalists
13297,8,4,2089.85,0,Potential Loyalists
13298,1,1,360.0,0,Potential Loyalists
13299,268,1,142.5,3,At Risk
13300,165,2,365.29,3,At Risk
13301,104,4,618.09,0,Potential Loyalists
13302,155,1,63.75,3,At Risk
13304,351,1,300.42,3,At Risk
13305,4,10,2000.86,0,Potential Loyalists
13307,120,1,15.0,0,Potential Loyalists
13308,23,4,1367.61,0,Potential Loyalists
13309,7,5,1456.79,0,Potential Loyalists
13310,9,6,1083.63,0,Potential Loyalists
13311,4,2,598.57,0,Potential Loyalists
13313,22,5,1555.32,0,Potential Loyalists
13314,2,4,578.66,0,Potential Loyalists
13316,37,5,5815.49,0,Potential Loyalists
13317,64,9,2140.07,0,Potential Loyalists
13318,1,3,640.76,0,Potential Loyalists
13319,5,36,10664.34,2,Loyal Customers
13320,70,6,1491.7,0,Potential Loyalists
13321,72,2,567.36,0,Potential Loyalists
13322,17,1,199.48000000000002,0,Potential Loyalists
13323,3,5,787.85,0,Potential Loyalists
13324,32,12,7072.8,0,Potential Loyalists
13325,82,1,675.3,0,Potential Loyalists
13327,39,9,3617.57,0,Potential Loyalists
13328,316,1,1308.48,3,At Risk
13329,32,4,740.4,0,Potential Loyalists
13330,93,3,1140.93,0,Potential Loyalists
13332,14,1,350.9,0,Potential Loyalists
13334,82,3,3536.82,0,Potential Loyalists
13336,77,1,795.12,0,Potential Loyalists
13338,154,3,431.82000000000005,3,At Risk
13339,201,1,860.12,3,At Risk
13340,45,7,10736.48,0,Potential Loyalists
13341,261,1,775.85,3,At Risk
13343,173,2,303.93,3,At Risk
13344,68,3,2543.72,0,Potential Loyalists
13345,277,2,377.6,3,At Risk
13347,70,1,341.35999999999996,0,Potential Loyalists
13348,64,1,233.76000000000002,0,Potential Loyalists
13349,11,1,247.32,0,Potential Loyalists
13350,16,3,910.72,0,Potential Loyalists
13351,66,1,373.94,0,Potential Loyalists
13352,8,2,389.28,0,Potential Loyalists
13354,71,1,743.53,0,Potential Loyalists
13355,122,1,674.7,0,Potential Loyalists
13356,80,1,768.24,0,Potential Loyalists
13357,257,1,609.95,3,At Risk
13358,269,1,439.03,3,At Risk
13359,59,2,431.26,0,Potential Loyalists
13362,3,5,3085.4900000000002,0,Potential Loyalists
13363,18,2,992.5,0,Potential Loyalists
13364,67,2,1.7763568394002505e-15,0,Potential Loyalists
13365,9,3,2191.22,0,Potential Loyalists
13366,50,1,56.16,0,Potential Loyalists
13368,257,2,623.4,3,At Risk
13369,354,2,263.75,3,At Risk
13370,366,2,721.32,3,At Risk
13372,90,1,378.64,0,Potential Loyalists
13373,61,3,3312.25,0,Potential Loyalists
13375,81,2,772.9,0,Potential Loyalists
13376,99,3,1019.76,0,Potential Loyalists
13379,26,3,572.56,0,Potential Loyalists
13381,21,7,3626.81,0,Potential Loyalists
13382,281,1,222.99,3,At Risk
13384,31,9,4122.28,0,Potential Loyalists
13385,330,1,534.57,3,At Risk
13388,121,3,627.15,0,Potential Loyalists
13389,11,3,797.96,0,Potential Loyalists
13390,75,1,544.08,0,Potential Loyalists
13391,204,1,59.8,3,At Risk
13394,2,10,2312.8,0,Potential Loyalists
13395,185,1,307.71999999999997,3,At Risk
13396,22,5,1325.29,0,Potential Loyalists
13397,73,6,1539.18,0,Potential Loyalists
13398,192,1,457.34,3,At Risk
13402,127,2,621.23,0,Potential Loyalists
13403,18,1,75.0,0,Potential Loyalists
13404,1,2,252.49,0,Potential Loyalists
13405,74,3,572.451,0,Potential Loyalists
13408,2,81,27487.41,2,Loyal Customers
13410,9,7,988.91,0,Potential Loyalists
13411,107,1,213.55,0,Potential Loyalists
13414,134,3,1390.5,0,Potential Loyalists
13416,44,2,712.5,0,Potential Loyalists
13417,5,2,640.83,0,Potential Loyalists
13418,12,23,5845.44,2,Loyal Customers
13419,64,1,221.06,0,Potential Loyalists
13420,135,4,140.35,0,Potential Loyalists
13421,40,3,1848.98,0,Potential Loyalists
13422,51,2,2601.55,0,Potential Loyalists
13425,108,3,1624.21,0,Potential Loyalists
13426,1,12,3550.7000000000003,0,Potential Loyalists
13427,19,3,582.6,0,Potential Loyalists
13428,10,1,218.47,0,Potential Loyalists
13429,11,4,1006.8,0,Potential Loyalists
13430,19,4,648.6899999999999,0,Potential Loyalists
13431,67,2,1269.1,0,Potential Loyalists
13434,74,2,534.2400000000001,0,Potential Loyalists
13435,5,9,3794.49,0,Potential Loyalists
13436,2,1,196.89,0,Potential Loyalists
13437,14,7,3408.06,0,Potential Loyalists
13439,255,1,283.71,3,At Risk
13441,92,1,296.64,0,Potential Loyalists
13447,23,4,1104.23,0,Potential Loyalists
13448,17,10,3465.67,0,Potential Loyalists
13449,24,1,291.88,0,Potential Loyalists
13450,27,6,2043.72,0,Potential Loyalists
13451,26,6,2916.45,0,Potential Loyalists
13452,259,2,590.0,3,At Risk
13453,166,2,356.97999999999996,3,At Risk
13455,25,4,1007.35,0,Potential Loyalists
13456,18,7,1737.8200000000002,0,Potential Loyalists
13458,7,22,9537.92,2,Loyal Customers
13460,29,2,183.44,0,Potential Loyalists
13461,39,3,1445.0,0,Potential Loyalists
13462,183,2,143.25,3,At Risk
13464,58,1,674.68,0,Potential Loyalists
13466,100,2,297.95,0,Potential Loyalists
13467,11,2,1083.71,0,Potential Loyalists
13468,2,41,5656.75,2,Loyal Customers
13470,99,2,165.0,0,Potential Loyalists
13471,1,4,2531.58,0,Potential Loyalists
13473,61,3,417.54,0,Potential Loyalists
13474,236,1,229.59,3,At Risk
13475,191,4,1431.78,3,At Risk
13476,179,4,1092.77,3,At Risk
13477,38,8,1441.53,0,Potential Loyalists
13479,198,3,291.0,3,At Risk
13481,46,8,1776.81,0,Potential Loyalists
13482,232,1,184.64,3,At Risk
13483,66,1,140.34,0,Potential Loyalists
13484,241,1,313.8,3,At Risk
13485,233,1,454.24,3,At Risk
13486,78,3,1122.41,0,Potential Loyalists
13487,58,3,575.4,0,Potential Loyalists
13488,17,17,8910.61,2,Loyal Customers
13489,105,4,449.52,0,Potential Loyalists
13491,52,10,1215.82,0,Potential Loyalists
13492,136,3,1269.84,0,Potential Loyalists
13493,275,2,618.63,3,At Risk
13494,312,1,316.26000000000005,3,At Risk
13495,8,6,1990.12,0,Potential Loyalists
13496,11,3,617.9300000000001,0,Potential Loyalists
13497,283,3,321.05,3,At Risk
13499,18,7,1146.96,0,Potential Loyalists
13500,23,4,1136.77,0,Potential Loyalists
13501,243,2,1310.47,3,At Risk
13502,17,3,292.0,0,Potential Loyalists
13503,71,1,216.85,0,Potential Loyalists
13504,64,1,295.93,0,Potential Loyalists
13505,68,8,4282.88,0,Potential Loyalists
13506,312,3,452.82,3,At Risk
13507,3,4,2479.16,0,Potential Loyalists
13508,244,1,110.97,3,At Risk
13509,9,7,979.72,0,Potential Loyalists
13510,1,5,1785.16,0,Potential Loyalists
13512,261,1,251.21,3,At Risk
13513,127,1,205.1,0,Potential Loyalists
13514,74,1,152.20000000000002,0,Potential Loyalists
13515,73,4,891.12,0,Potential Loyalists
13516,21,3,1389.41,0,Potential Loyalists
13517,60,5,2109.07,0,Potential Loyalists
13518,86,1,659.4399999999999,0,Potential Loyalists
13519,50,2,110.8,0,Potential Loyalists
13520,59,8,3487.75,0,Potential Loyalists
13521,1,3,1093.65,0,Potential Loyalists
13522,30,1,125.80000000000001,0,Potential Loyalists
13523,33,6,3755.38,0,Potential Loyalists
13524,41,5,680.1800000000001,0,Potential Loyalists
13525,15,2,628.78,0,Potential Loyalists
13527,34,8,2263.76,0,Potential Loyalists
13529,79,2,307.76,0,Potential Loyalists
13531,205,2,483.8,3,At Risk
13532,34,1,210.31,0,Potential Loyalists
13533,183,3,270.79,3,At Risk
13534,2,43,5613.08,2,Loyal Customers
13536,1,7,3448.29,0,Potential Loyalists
13538,43,7,1280.85,0,Potential Loyalists
13539,86,4,605.84,0,Potential Loyalists
13544,40,2,291.41,0,Potential Loyalists
13546,12,3,626.99,0,Potential Loyalists
13548,96,2,682.41,0,Potential Loyalists
13549,26,8,916.12,0,Potential Loyalists
13551,319,1,91.80000000000001,3,At Risk
13552,66,16,3539.53,0,Potential Loyalists
13555,74,4,4149.28,0,Potential Loyalists
13557,28,2,584.06,0,Potential Loyalists
13558,6,4,605.06,0,Potential Loyalists
13560,7,1,174.37,0,Potential Loyalists
13561,216,1,141.85999999999999,3,At Risk
13562,82,3,1799.33,0,Potential Loyalists
13563,84,2,777.53,0,Potential Loyalists
13564,144,5,647.74,0,Potential Loyalists
13565,19,2,240.22,0,Potential Loyalists
13566,41,2,874.71,0,Potential Loyalists
13568,173,1,192.85,3,At Risk
13569,17,2,373.75,0,Potential Loyalists
13570,243,1,239.48999999999998,3,At Risk
13571,13,13,2092.32,0,Potential Loyalists
13572,206,1,1384.25,3,At Risk
13573,50,2,294.4,0,Potential Loyalists
13575,23,5,732.0699999999999,0,Potential Loyalists
13576,10,20,6703.3,2,Loyal Customers
13577,25,5,1658.3,0,Potential Loyalists
13579,15,2,467.04,0,Potential Loyalists
13581,309,1,118.0,3,At Risk
13583,156,1,781.03,3,At Risk
13584,307,1,142.4,3,At Risk
13587,32,3,347.0,0,Potential Loyalists
13588,16,13,2445.12,0,Potential Loyalists
13589,15,2,379.65,0,Potential Loyalists
13590,11,7,1976.12,0,Potential Loyalists
13591,65,3,1117.13,0,Potential Loyalists
13592,36,4,247.95999999999998,0,Potential Loyalists
13593,108,6,1990.28,0,Potential Loyalists
13594,53,1,396.97,0,Potential Loyalists
13596,6,2,697.04,0,Potential Loyalists
13598,47,2,167.42000000000002,0,Potential Loyalists
13599,1,33,5030.6,2,Loyal Customers
13600,312,1,219.51999999999998,3,At Risk
13601,45,2,693.32,0,Potential Loyalists
13602,65,1,428.89,0,Potential Loyalists
13603,26,1,164.34,0,Potential Loyalists
13606,29,3,280.53999999999996,0,Potential Loyalists
13607,40,1,678.01,0,Potential Loyalists
13610,12,9,1115.43,0,Potential Loyalists
13611,89,4,1158.2,0,Potential Loyalists
13614,24,4,1610.46,0,Potential Loyalists
13615,313,2,399.99,3,At Risk
13617,40,3,544.18,0,Potential Loyalists
13618,174,1,177.34,3,At Risk
13621,117,1,213.85,0,Potential Loyalists
13623,31,7,672.4399999999999,0,Potential Loyalists
13626,253,1,257.23,3,At Risk
13627,59,7,1624.02,0,Potential Loyalists
13629,23,11,7792.36,0,Potential Loyalists
13630,5,11,1995.68,0,Potential Loyalists
13631,100,12,3021.77,0,Potential Loyalists
13632,25,6,2117.02,0,Potential Loyalists
13634,33,5,1575.16,0,Potential Loyalists
13635,68,1,1071.03,0,Potential Loyalists
13636,37,6,941.62,0,Potential Loyalists
13637,52,3,810.5,0,Potential Loyalists
13638,16,1,122.64,0,Potential Loyalists
13639,74,1,1033.34,0,Potential Loyalists
13642,216,1,354.8,3,At Risk
13643,31,3,519.44,0,Potential Loyalists
13644,9,5,2597.52,0,Potential Loyalists
13645,120,1,252.1,0,Potential Loyalists
13647,10,5,1670.22,0,Potential Loyalists
13649,257,2,346.6,3,At Risk
13650,17,7,1809.34,0,Potential Loyalists
13651,35,2,94.19999999999999,0,Potential Loyalists
13652,46,3,1095.08,0,Potential Loyalists
13654,43,6,2707.33,0,Potential Loyalists
13655,114,2,932.97,0,Potential Loyalists
13656,165,2,379.65,3,At Risk
13657,11,2,382.14,0,Potential Loyalists
13658,10,7,2421.47,0,Potential Loyalists
13659,197,3,1550.8500000000001,3,At Risk
13662,86,7,879.08,0,Potential Loyalists
13663,179,1,189.47,3,At Risk
13666,60,3,84.64999999999999,0,Potential Loyalists
13667,149,1,305.02,3,At Risk
13668,3,29,6216.07,2,Loyal Customers
13669,51,2,218.55,0,Potential Loyalists
13670,75,1,349.7,0,Potential Loyalists
13673,19,2,396.92,0,Potential Loyalists
13675,151,2,486.82000000000005,3,At Risk
13678,152,1,232.6,3,At Risk
13680,1,5,2202.31,0,Potential Loyalists
13681,18,4,827.83,0,Potential Loyalists
13682,187,1,59.5,3,At Risk
13684,286,2,64.23,3,At Risk
13685,3,7,3119.44,0,Potential Loyalists
13686,183,1,72.0,3,At Risk
13689,63,1,910.0,0,Potential Loyalists
13690,59,1,172.25,0,Potential Loyalists
13692,25,5,1466.8700000000001,0,Potential Loyalists
13694,4,60,62653.1,2,Loyal Customers
13695,31,15,2504.13,0,Potential Loyalists
13697,39,1,151.29999999999998,0,Potential Loyalists
13699,155,1,308.58000000000004,3,At Risk
13700,26,10,2265.12,0,Potential Loyalists
13703,318,1,99.5,3,At Risk
13704,5,10,2295.31,0,Potential Loyalists
13705,8,3,711.86,0,Potential Loyalists
13706,303,1,330.79,3,At Risk
13707,267,2,806.41,3,At Risk
13708,271,1,296.88,3,At Risk
13709,4,17,6249.11,2,Loyal Customers
13710,32,1,180.48,0,Potential Loyalists
13711,219,2,252.06,3,At Risk
13712,247,1,228.83999999999997,3,At Risk
13715,281,8,1053.94,3,At Risk
13716,269,1,138.28,3,At Risk
13717,32,7,1432.26,0,Potential Loyalists
13718,246,2,306.55,3,At Risk
13719,15,5,1041.68,0,Potential Loyalists
13720,117,4,799.9,0,Potential Loyalists
13721,36,1,524.14,0,Potential Loyalists
13722,120,4,2369.16,0,Potential Loyalists
13723,217,1,199.85000000000002,3,At Risk
13725,50,11,1809.81,0,Potential Loyalists
13726,39,2,1079.66,0,Potential Loyalists
13727,29,2,333.48,0,Potential Loyalists
13728,37,6,1016.14,0,Potential Loyalists
13730,136,2,752.6,0,Potential Loyalists
13731,219,2,610.59,3,At Risk
13732,28,1,491.86,0,Potential Loyalists
13735,25,8,2766.18,0,Potential Loyalists
13736,5,3,724.0,0,Potential Loyalists
13737,200,1,339.59999999999997,3,At Risk
13739,18,1,216.9,0,Potential Loyalists
13740,241,1,350.75,3,At Risk
13741,72,4,666.33,0,Potential Loyalists
13742,17,14,3102.42,0,Potential Loyalists
13743,3,8,1340.1499999999999,0,Potential Loyalists
13744,95,2,1156.36,0,Potential Loyalists
13745,151,2,291.54,3,At Risk
13747,374,1,79.6,3,At Risk
13748,96,5,948.25,0,Potential Loyalists
13750,54,5,1647.26,0,Potential Loyalists
13751,288,1,296.25,3,At Risk
13752,124,6,1186.28,0,Potential Loyalists
13753,288,1,741.26,3,At Risk
13754,152,2,282.6,3,At Risk
13755,4,10,2154.68,0,Potential Loyalists
13756,2,15,5145.12,0,Potential Loyalists
13758,12,7,3190.55,0,Potential Loyalists
13759,33,2,659.41,0,Potential Loyalists
13760,54,2,286.79,0,Potential Loyalists
13761,50,2,1070.65,0,Potential Loyalists
13763,63,3,1689.46,0,Potential Loyalists
13764,71,3,1521.76,0,Potential Loyalists
13767,2,52,16945.71,2,Loyal Customers
13769,2,16,2771.87,0,Potential Loyalists
13771,64,5,2631.7,0,Potential Loyalists
13772,34,3,1132.13,0,Potential Loyalists
13774,82,1,345.0,0,Potential Loyalists
13777,1,41,25748.35,2,Loyal Customers
13778,103,1,178.7,0,Potential Loyalists
13780,7,2,360.01,0,Potential Loyalists
13781,251,1,127.84,3,At Risk
13782,13,6,912.0,0,Potential Loyalists
13784,10,11,2462.79,0,Potential Loyalists
13786,367,1,230.4,3,At Risk
13787,76,2,309.04,0,Potential Loyalists
13790,4,1,348.8,0,Potential Loyalists
13791,43,3,1047.68,0,Potential Loyalists
13792,66,2,195.55,0,Potential Loyalists
13798,1,63,36351.42,2,Loyal Customers
13799,117,2,688.86,0,Potential Loyalists
13800,310,1,558.32,3,At Risk
13801,67,1,324.8,0,Potential Loyalists
13802,138,6,3906.27,0,Potential Loyalists
13803,255,1,277.07,3,At Risk
13804,31,7,2635.79,0,Potential Loyalists
13805,52,2,924.6,0,Potential Loyalists
13806,64,1,256.38,0,Potential Loyalists
13807,367,1,112.6,3,At Risk
13808,6,5,1747.66,0,Potential Loyalists
13809,305,1,155.05,3,At Risk
13810,29,4,899.51,0,Potential Loyalists
13811,184,4,591.75,3,At Risk
13812,42,3,539.0,0,Potential Loyalists
13813,40,5,1353.41,0,Potential Loyalists
13814,56,3,1562.12,0,Potential Loyalists
13815,22,5,4014.91,0,Potential Loyalists
13816,24,4,555.04,0,Potential Loyalists
13817,29,2,382.98,0,Potential Loyalists
13819,302,3,1140.35,3,At Risk
13821,145,2,385.64,3,At Risk
13822,6,2,632.0,0,Potential Loyalists
13823,19,2,957.6600000000001,0,Potential Loyalists
13824,33,5,1698.94,0,Potential Loyalists
13826,158,2,174.65,3,At Risk
13827,58,3,412.05,0,Potential Loyalists
13828,22,1,209.49,0,Potential Loyalists
13831,16,6,2202.99,0,Potential Loyalists
13832,18,2,40.949999999999996,0,Potential Loyalists
13833,159,1,384.8,3,At Risk
13835,25,5,834.57,0,Potential Loyalists
13837,212,2,271.24,3,At Risk
13838,6,4,691.73,0,Potential Loyalists
13841,253,1,85.0,3,At Risk
13842,59,9,3385.62,0,Potential Loyalists
13844,11,1,361.62,0,Potential Loyalists
13845,65,1,312.98,0,Potential Loyalists
13846,25,4,847.61,0,Potential Loyalists
13848,92,3,1255.0,0,Potential Loyalists
13849,52,2,1537.95,0,Potential Loyalists
13850,88,2,1586.81,0,Potential Loyalists
13851,96,3,2651.46,0,Potential Loyalists
13853,9,2,1056.94,0,Potential Loyalists
13854,9,29,8025.0199999999995,2,Loyal Customers
13856,169,5,363.4,3,At Risk
13858,57,1,216.17000000000002,0,Potential Loyalists
13859,326,1,201.16,3,At Risk
13860,1,6,1240.0,0,Potential Loyalists
13862,18,10,2187.31,0,Potential Loyalists
13863,245,2,299.56,3,At Risk
13865,58,4,501.56,0,Potential Loyalists
13866,74,1,145.67000000000002,0,Potential Loyalists
13867,31,3,1015.29,0,Potential Loyalists
13868,7,2,3192.54,0,Potential Loyalists
13869,123,4,3104.95,0,Potential Loyalists
13870,2,10,2751.25,0,Potential Loyalists
13871,23,14,6389.8,0,Potential Loyalists
13873,120,4,381.70000000000005,0,Potential Loyalists
13874,358,1,540.45,3,At Risk
13875,54,5,1786.79,0,Potential Loyalists
13876,64,1,122.7,0,Potential Loyalists
13877,86,1,117.24,0,Potential Loyalists
13878,55,1,1281.53,0,Potential Loyalists
13880,21,13,3219.77,0,Potential Loyalists
13881,4,22,16989.52,2,Loyal Customers
13882,3,6,1131.28,0,Potential Loyalists
13883,1,9,2538.75,0,Potential Loyalists
13884,7,6,781.3000000000001,0,Potential Loyalists
13885,189,2,506.8,3,At Risk
13886,71,1,243.56,0,Potential Loyalists
13887,204,1,349.55,3,At Risk
13888,120,2,605.63,0,Potential Loyalists
13889,93,1,416.90000000000003,0,Potential Loyalists
13890,1,14,1860.8600000000001,0,Potential Loyalists
13892,27,4,632.97,0,Potential Loyalists
13893,298,1,821.1,3,At Risk
13894,22,5,535.97,0,Potential Loyalists
13895,21,5,2588.12,0,Potential Loyalists
13897,50,1,311.16,0,Potential Loyalists
13898,326,1,155.93,3,At Risk
13899,16,2,388.52,0,Potential Loyalists
13900,183,3,740.95,3,At Risk
13901,72,5,2867.2,0,Potential Loyalists
13904,37,2,332.64,0,Potential Loyalists
13908,80,5,2347.05,0,Potential Loyalists
13911,57,9,2580.91,0,Potential Loyalists
13914,4,3,613.95,0,Potential Loyalists
13917,50,2,272.04,0,Potential Loyalists
13918,50,2,1212.8400000000001,0,Potential Loyalists
13919,53,3,350.15999999999997,0,Potential Loyalists
13922,352,1,172.25,3,At Risk
13923,54,1,351.13,0,Potential Loyalists
13924,2,11,1682.08,0,Potential Loyalists
13925,36,6,616.65,0,Potential Loyalists
13926,23,1,223.85000000000002,0,Potential Loyalists
13927,75,1,348.99,0,Potential Loyalists
13928,11,4,464.57,0,Potential Loyalists
13929,169,3,802.85,3,At Risk
13930,58,2,337.34,0,Potential Loyalists
13931,86,3,1230.93,0,Potential Loyalists
13932,295,1,307.4,3,At Risk
13933,109,2,608.79,0,Potential Loyalists
13934,264,1,922.1,3,At Risk
13936,171,2,361.28,3,At Risk
13937,169,1,158.85,3,At Risk
13938,35,1,71.66,0,Potential Loyalists
13939,23,4,556.75,0,Potential Loyalists
13940,17,4,839.14,0,Potential Loyalists
13941,22,7,4912.41,0,Potential Loyalists
13946,79,3,561.57,0,Potential Loyalists
13947,65,1,90.6,0,Potential Loyalists
13948,361,1,102.0,3,At Risk
13949,3,6,2427.32,0,Potential Loyalists
13950,11,5,728.56,0,Potential Loyalists
13951,176,3,674.45,3,At Risk
13952,211,3,3246.091,3,At Risk
13953,7,7,3515.68,0,Potential Loyalists
13954,2,3,378.59,0,Potential Loyalists
13955,154,2,322.96,3,At Risk
13956,5,5,1026.42,0,Potential Loyalists
13959,79,3,598.2,0,Potential Loyalists
13960,21,2,230.22,0,Potential Loyalists
13962,22,2,169.55,0,Potential Loyalists
13963,308,4,664.54,3,At Risk
13967,146,1,80.7,3,At Risk
13969,7,20,8986.69,2,Loyal Customers
13971,9,11,2702.2200000000003,0,Potential Loyalists
13972,71,2,190.25,0,Potential Loyalists
13973,287,1,264.7,3,At Risk
13974,49,1,413.59000000000003,0,Potential Loyalists
13975,31,7,2503.23,0,Potential Loyalists
13976,207,1,357.98,3,At Risk
13978,15,2,196.79,0,Potential Loyalists
13979,73,1,869.87,0,Potential Loyalists
13980,60,1,200.14000000000001,0,Potential Loyalists
13982,39,5,1861.11,0,Potential Loyalists
13983,30,13,2590.46,0,Potential Loyalists
13984,27,6,488.03000000000003,0,Potential Loyalists
13985,4,16,7024.530000000001,2,Loyal Customers
13986,17,1,320.46,0,Potential Loyalists
13988,20,9,4098.8,0,Potential Loyalists
13989,66,2,1266.08,0,Potential Loyalists
13990,213,1,311.3,3,At Risk
13991,12,7,850.63,0,Potential Loyalists
13992,30,1,76.8,0,Potential Loyalists
13993,32,12,3409.66,0,Potential Loyalists
13994,4,6,2313.14,0,Potential Loyalists
13995,15,6,1383.49,0,Potential Loyalists
13999,10,15,3865.26,0,Potential Loyalists
14000,206,2,633.71,3,At Risk
14001,46,4,2030.33,0,Potential Loyalists
14002,134,2,529.73,0,Potential Loyalists
14004,43,7,4582.64,0,Potential Loyalists
14005,10,5,2874.72,0,Potential Loyalists
14006,116,3,962.19,0,Potential Loyalists
14009,198,3,685.9300000000001,3,At Risk
14012,278,1,328.8,3,At Risk
14013,110,3,473.02,0,Potential Loyalists
14014,77,1,505.17999999999995,0,Potential Loyalists
14015,53,1,917.34,0,Potential Loyalists
14016,154,5,4328.46,3,At Risk
14019,47,4,1398.96,0,Potential Loyalists
14020,17,2,642.8,0,Potential Loyalists
14021,155,3,631.9,3,At Risk
14022,225,1,440.0,3,At Risk
14023,7,2,584.07,0,Potential Loyalists
14024,122,2,327.7,0,Potential Loyalists
14027,61,1,104.82,0,Potential Loyalists
14029,63,2,467.66,0,Potential Loyalists
14030,18,8,2360.09,0,Potential Loyalists
14031,7,23,14634.64,2,Loyal Customers
14032,2,18,2929.84,0,Potential Loyalists
14034,22,4,512.02,0,Potential Loyalists
14035,29,5,1428.02,0,Potential Loyalists
14036,285,1,626.65,3,At Risk
14037,176,2,147.20000000000002,3,At Risk
14038,78,4,1554.48,0,Potential Loyalists
14039,33,1,152.2,0,Potential Loyalists
14040,41,15,3542.19,0,Potential Loyalists
14041,266,1,141.41,3,At Risk
14044,27,4,652.82,0,Potential Loyalists
14045,109,4,1659.75,0,Potential Loyalists
14046,284,1,154.98999999999998,3,At Risk
14047,9,7,1290.01,0,Potential Loyalists
14048,277,2,375.13,3,At Risk
14049,17,6,5639.15,0,Potential Loyalists
14050,32,2,746.36,0,Potential Loyalists
14051,1,26,15477.34,2,Loyal Customers
14052,20,1,225.36,0,Potential Loyalists
14053,124,2,260.25,0,Potential Loyalists
14054,65,1,92.46000000000001,0,Potential Loyalists
14055,106,1,725.6400000000001,0,Potential Loyalists
14056,1,29,8124.4,2,Loyal Customers
14057,24,18,6147.4,2,Loyal Customers
14059,267,1,183.6,3,At Risk
14060,5,20,6135.38,2,Loyal Customers
14062,10,12,10464.85,0,Potential Loyalists
14064,29,7,1188.32,0,Potential Loyalists
14066,267,1,152.55,3,At Risk
14067,64,2,374.7,0,Potential Loyalists
14068,320,1,265.85,3,At Risk
14071,4,9,1307.41,0,Potential Loyalists
14073,21,2,139.54,0,Potential Loyalists
14075,5,3,942.26,0,Potential Loyalists
14076,129,1,122.47,0,Potential Loyalists
14077,41,5,499.42,0,Potential Loyalists
14078,102,6,1049.37,0,Potential Loyalists
14079,125,1,375.09999999999997,0,Potential Loyalists
14080,33,1,45.599999999999994,0,Potential Loyalists
14081,267,4,904.67,3,At Risk
14082,365,1,182.25,3,At Risk
14083,4,9,1018.43,0,Potential Loyalists
14085,2,19,4435.79,2,Loyal Customers
14087,3,2,181.67,0,Potential Loyalists
14088,10,14,50415.49,2,Loyal Customers
14089,57,1,161.0,0,Potential Loyalists
14090,325,1,76.32000000000001,3,At Risk
14092,8,17,4063.1,0,Potential Loyalists
14093,12,1,442.85,0,Potential Loyalists
14096,4,34,57120.909999999996,2,Loyal Customers
14098,37,1,147.35,0,Potential Loyalists
14099,16,12,3092.9700000000003,0,Potential Loyalists
14100,138,1,194.9,0,Potential Loyalists
14101,74,6,5976.79,0,Potential Loyalists
14102,5,8,1314.73,0,Potential Loyalists
14104,155,2,216.21,3,At Risk
14105,85,2,1260.33,0,Potential Loyalists
14107,52,8,2688.48,0,Potential Loyalists
14108,31,3,594.16,0,Potential Loyalists
14109,23,2,80.2,0,Potential Loyalists
14110,4,13,5669.65,0,Potential Loyalists
14111,14,5,688.6,0,Potential Loyalists
14112,23,12,2774.17,0,Potential Loyalists
14113,4,8,1377.92,0,Potential Loyalists
14114,274,2,386.53,3,At Risk
14116,20,5,1382.74,0,Potential Loyalists
14117,144,1,90.0,3,At Risk
14121,4,6,2740.3,0,Potential Loyalists
14124,84,1,419.58,0,Potential Loyalists
14125,11,3,2740.43,0,Potential Loyalists
14126,8,4,643.6300000000001,0,Potential Loyalists
14127,123,3,709.71,0,Potential Loyalists
14128,61,2,637.5,0,Potential Loyalists
14129,2,5,1123.8600000000001,0,Potential Loyalists
14130,319,1,483.86,3,At Risk
14132,2,12,3580.13,0,Potential Loyalists
14133,130,5,590.34,0,Potential Loyalists
14135,2,15,4690.31,0,Potential Loyalists
14138,2,2,982.38,0,Potential Loyalists
14139,46,1,415.82,0,Potential Loyalists
14140,4,3,920.05,0,Potential Loyalists
14141,3,6,879.0300000000001,0,Potential Loyalists
14142,373,1,311.81,3,At Risk
14143,134,1,115.8,0,Potential Loyalists
14145,47,5,3148.2,0,Potential Loyalists
14146,9,6,2949.57,0,Potential Loyalists
14147,49,3,468.4,0,Potential Loyalists
14148,234,1,157.2,3,At Risk
14149,213,3,259.43,3,At Risk
14150,36,2,658.64,0,Potential Loyalists
14152,75,3,611.09,0,Potential Loyalists
14154,239,2,1345.62,3,At Risk
14155,266,1,118.75,3,At Risk
14156,10,66,113384.14,1,Champions / VIPs
14157,20,3,400.43,0,Potential Loyalists
14158,40,1,507.65999999999997,0,Potential Loyalists
14159,20,14,4678.3,0,Potential Loyalists
14161,216,3,1110.52,3,At Risk
14162,174,2,289.36,3,At Risk
14163,87,4,2445.91,0,Potential Loyalists
14164,71,2,1631.77,0,Potential Loyalists
14165,276,1,122.53999999999999,3,At Risk
14167,39,4,574.84,0,Potential Loyalists
14171,98,1,363.79,0,Potential Loyalists
14173,11,4,450.84000000000003,0,Potential Loyalists
14174,33,1,134.46,0,Potential Loyalists
14175,51,7,3108.06,0,Potential Loyalists
14176,297,5,574.0,3,At Risk
14177,85,5,554.46,0,Potential Loyalists
14178,9,7,1620.93,0,Potential Loyalists
14179,41,2,719.78,0,Potential Loyalists
14180,11,31,4640.77,2,Loyal Customers
14184,67,1,452.89,0,Potential Loyalists
14185,331,1,197.65,3,At Risk
14188,9,10,2018.91,0,Potential Loyalists
14189,2,24,4604.31,2,Loyal Customers
14191,2,14,4660.01,0,Potential Loyalists
14193,68,2,853.39,0,Potential Loyalists
14194,5,32,11216.75,2,Loyal Customers
14195,202,3,962.7,3,At Risk
14196,107,1,335.52,0,Potential Loyalists
14198,4,7,663.5,0,Potential Loyalists
14199,218,1,185.39999999999998,3,At Risk
14201,60,9,688.04,0,Potential Loyalists
14204,2,1,161.03,0,Potential Loyalists
14205,11,4,218.77999999999997,0,Potential Loyalists
14206,239,2,308.26,3,At Risk
14208,95,1,151.74,0,Potential Loyalists
14209,11,7,2067.13,0,Potential Loyalists
14210,91,7,1900.89,0,Potential Loyalists
14211,53,13,2208.3,0,Potential Loyalists
14212,90,1,1070.48,0,Potential Loyalists
14214,31,7,1000.23,0,Potential Loyalists
14215,12,7,1777.92,0,Potential Loyalists
14216,3,4,1839.3,0,Potential Loyalists
14217,2,24,1925.3600000000001,2,Loyal Customers
14218,43,1,169.48000000000002,0,Potential Loyalists
14219,4,1,89.94,0,Potential Loyalists
14220,247,2,632.4,3,At Risk
14221,42,10,3427.85,0,Potential Loyalists
14222,177,1,683.17,3,At Risk
14223,92,4,975.23,0,Potential Loyalists
14224,110,4,1050.12,0,Potential Loyalists
14226,29,7,2201.64,0,Potential Loyalists
14227,26,15,3315.71,0,Potential Loyalists
14229,52,5,1450.6,0,Potential Loyalists
14231,179,5,822.0600000000001,3,At Risk
14232,32,8,2043.93,0,Potential Loyalists
14233,44,5,1447.51,0,Potential Loyalists
14234,22,4,775.46,0,Potential Loyalists
14235,10,6,3093.86,0,Potential Loyalists
14236,81,2,490.85999999999996,0,Potential Loyalists
14237,373,1,161.0,3,At Risk
14238,326,1,146.85,3,At Risk
14239,43,13,2323.5,0,Potential Loyalists
14240,30,2,890.34,0,Potential Loyalists
14241,184,1,213.70000000000002,3,At Risk
14242,235,2,280.55,3,At Risk
14243,9,14,2535.88,0,Potential Loyalists
14245,176,5,1677.48,3,At Risk
14246,111,3,1474.06,0,Potential Loyalists
14247,278,1,136.76999999999998,3,At Risk
14248,318,1,302.58,3,At Risk
14250,7,3,1904.05,0,Potential Loyalists
14251,2,5,2879.7000000000003,0,Potential Loyalists
14256,254,3,935.0600000000001,3,At Risk
14257,51,6,3087.27,0,Potential Loyalists
14258,9,10,12650.08,0,Potential Loyalists
14259,142,1,120.0,0,Potential Loyalists
14261,51,2,1163.45,0,Potential Loyalists
14262,8,8,2618.23,0,Potential Loyalists
14264,155,3,319.47,3,At Risk
14265,109,2,530.18,0,Potential Loyalists
14267,151,7,1279.09,0,Potential Loyalists
14270,332,1,492.65000000000003,3,At Risk
14271,226,1,112.32000000000001,3,At Risk
14272,74,2,437.96,0,Potential Loyalists
14273,51,4,559.97,0,Potential Loyalists
14276,88,5,1019.39,0,Potential Loyalists
14277,15,4,3957.0,0,Potential Loyalists
14280,197,1,134.04,3,At Risk
14282,3,15,3729.34,0,Potential Loyalists
14284,31,3,578.45,0,Potential Loyalists
14285,21,4,1910.01,0,Potential Loyalists
14286,24,5,4595.81,0,Potential Loyalists
14287,8,4,151.23,0,Potential Loyalists
14288,212,2,413.85,3,At Risk
14289,9,6,911.26,0,Potential Loyalists
14290,11,6,2307.4500000000003,0,Potential Loyalists
14291,2,12,3873.3,0,Potential Loyalists
14292,8,14,4819.33,0,Potential Loyalists
14293,3,4,1046.56,0,Potential Loyalists
14295,40,2,154.70000000000002,0,Potential Loyalists
14297,18,6,1284.06,0,Potential Loyalists
14298,3,45,50862.44,2,Loyal Customers
14299,8,18,2855.35,0,Potential Loyalists
14300,19,1,43.2,0,Potential Loyalists
14301,108,2,632.04,0,Potential Loyalists
14304,223,2,197.1,3,At Risk
14305,71,5,1803.76,0,Potential Loyalists
14306,51,3,2083.42,0,Potential Loyalists
14307,89,6,2995.72,0,Potential Loyalists
14309,8,10,2319.68,0,Potential Loyalists
14311,225,2,229.71,3,At Risk
14312,47,6,1611.59,0,Potential Loyalists
14314,107,1,120.0,0,Potential Loyalists
14315,21,7,2456.98,0,Potential Loyalists
14317,65,1,508.58,0,Potential Loyalists
14320,207,3,343.11,3,At Risk
14321,11,5,1530.75,0,Potential Loyalists
14323,115,4,574.26,0,Potential Loyalists
14326,235,2,166.85,3,At Risk
14327,163,1,311.65,3,At Risk
14329,9,14,4928.74,0,Potential Loyalists
14331,124,2,462.66,0,Potential Loyalists
14332,23,3,866.3100000000001,0,Potential Loyalists
14333,64,2,351.45,0,Potential Loyalists
14334,17,9,2539.46,0,Potential Loyalists
14335,16,2,468.26,0,Potential Loyalists
14336,17,4,1614.91,0,Potential Loyalists
14338,158,4,554.22,3,At Risk
14339,235,4,289.91,3,At Risk
14340,219,1,134.7,3,At Risk
14341,45,9,2166.38,0,Potential Loyalists
14342,21,6,607.71,0,Potential Loyalists
14344,127,8,889.9300000000001,0,Potential Loyalists
14345,39,1,108.97999999999999,0,Potential Loyalists
14346,121,2,1021.58,0,Potential Loyalists
14348,260,1,409.57,3,At Risk
14349,10,1,133.5,0,Potential Loyalists
14350,271,2,258.7,3,At Risk
14351,165,1,51.0,3,At Risk
14352,157,4,1078.96,3,At Risk
14353,215,1,90.6,3,At Risk
14354,6,2,163.62,0,Potential Loyalists
14355,366,1,174.4,3,At Risk
14356,60,4,666.9399999999999,0,Potential Loyalists
14357,43,1,225.77,0,Potential Loyalists
14359,19,6,882.58,0,Potential Loyalists
14360,32,4,2128.23,0,Potential Loyalists
14362,22,1,161.2,0,Potential Loyalists
14364,109,8,3717.35,0,Potential Loyalists
14367,8,19,9167.82,2,Loyal Customers
14368,320,1,155.0,3,At Risk
14371,295,1,100.5,3,At Risk
14373,358,1,76.55,3,At Risk
14375,185,1,257.68,3,At Risk
14377,191,2,617.05,3,At Risk
14379,44,2,348.1,0,Potential Loyalists
14381,52,1,202.68,0,Potential Loyalists
14382,26,1,626.07,0,Potential Loyalists
14383,38,3,1247.69,0,Potential Loyalists
14385,9,3,202.11,0,Potential Loyalists
14386,297,1,142.4,3,At Risk
14387,33,3,1770.56,0,Potential Loyalists
14388,9,10,3172.04,0,Potential Loyalists
14389,9,5,999.72,0,Potential Loyalists
14390,10,13,4592.47,0,Potential Loyalists
14393,218,1,67.95,3,At Risk
14395,2,12,3471.91,0,Potential Loyalists
14396,65,2,487.99,0,Potential Loyalists
14397,1,23,2556.68,2,Loyal Customers
14400,141,2,559.7,0,Potential Loyalists
14401,4,14,4039.98,0,Potential Loyalists
14403,130,5,1426.31,0,Potential Loyalists
14404,34,7,1434.72,0,Potential Loyalists
14406,119,1,156.75,0,Potential Loyalists
14407,107,9,2111.08,0,Potential Loyalists
14408,11,7,2606.53,0,Potential Loyalists
14409,71,7,1908.25,0,Potential Loyalists
14410,16,15,576.3,0,Potential Loyalists
14411,311,1,1063.0,3,At Risk
14412,35,3,761.33,0,Potential Loyalists
14413,362,1,122.7,3,At Risk
14414,92,8,1485.1299999999999,0,Potential Loyalists
14415,1,18,5811.56,2,Loyal Customers
14416,22,2,490.22,0,Potential Loyalists
14418,4,3,1937.25,0,Potential Loyalists
14419,11,6,1058.06,0,Potential Loyalists
14420,85,2,385.87,0,Potential Loyalists
14421,57,2,813.11,0,Potential Loyalists
14422,1,6,4263.64,0,Potential Loyalists
14423,218,1,265.2,3,At Risk
14424,18,1,322.08,0,Potential Loyalists
14426,19,16,3918.9,0,Potential Loyalists
14427,50,2,363.34000000000003,0,Potential Loyalists
14428,7,7,1230.14,0,Potential Loyalists
14431,299,2,397.76000000000005,3,At Risk
14432,10,6,2255.5099999999998,0,Potential Loyalists
14434,22,6,1372.8,0,Potential Loyalists
14436,99,1,89.06,0,Potential Loyalists
14438,306,1,131.9,3,At Risk
14439,320,1,2661.2400000000002,3,At Risk
14440,8,5,2357.6800000000003,0,Potential Loyalists
14441,1,10,1545.14,0,Potential Loyalists
14442,2,5,1544.6200000000001,0,Potential Loyalists
14443,54,7,1400.88,0,Potential Loyalists
14446,1,4,1039.58,0,Potential Loyalists
14447,19,5,1163.23,0,Potential Loyalists
14448,9,2,375.35,0,Potential Loyalists
14449,19,4,907.1,0,Potential Loyalists
14450,181,3,483.25,3,At Risk
14451,60,2,662.59,0,Potential Loyalists
14452,11,2,264.44,0,Potential Loyalists
14453,190,1,119.93,3,At Risk
14456,5,14,3047.63,0,Potential Loyalists
14457,311,1,113.64,3,At Risk
14459,155,1,1837.92,3,At Risk
14460,110,4,383.34,0,Potential Loyalists
14461,148,3,2103.06,3,At Risk
14462,64,15,1965.9,0,Potential Loyalists
14463,98,3,529.62,0,Potential Loyalists
14465,247,3,1058.6200000000001,3,At Risk
14466,29,7,2272.4,0,Potential Loyalists
14467,18,4,598.76,0,Potential Loyalists
14470,12,2,461.19,0,Potential Loyalists
14472,104,8,1936.84,0,Potential Loyalists
14473,74,2,234.34,0,Potential Loyalists
14474,43,2,537.71,0,Potential Loyalists
14475,72,6,799.82,0,Potential Loyalists
14476,257,1,215.7,3,At Risk
14477,20,5,1307.81,0,Potential Loyalists
14479,254,2,316.25,3,At Risk
14480,11,1,279.05,0,Potential Loyalists
14481,165,2,636.51,3,At Risk
14482,18,6,2068.15,0,Potential Loyalists
14483,150,2,129.20000000000002,3,At Risk
14484,50,1,321.92,0,Potential Loyalists
14485,39,1,165.75,0,Potential Loyalists
14487,27,7,1183.58,0,Potential Loyalists
14488,51,2,1047.4299999999998,0,Potential Loyalists
14489,207,1,463.38,3,At Risk
14491,175,2,340.93,3,At Risk
14493,7,7,2362.84,0,Potential Loyalists
14494,26,1,139.56,0,Potential Loyalists
14495,51,2,123.8,0,Potential Loyalists
14496,312,2,538.81,3,At Risk
14497,301,2,457.47,3,At Risk
14498,43,5,1957.32,0,Potential Loyalists
14499,26,3,815.32,0,Potential Loyalists
14500,88,3,356.85,0,Potential Loyalists
14501,64,3,190.31,0,Potential Loyalists
14502,20,15,2351.02,0,Potential Loyalists
14503,3,6,3543.26,0,Potential Loyalists
14504,47,4,673.26,0,Potential Loyalists
14505,17,11,5818.7,0,Potential Loyalists
14506,17,5,2012.17,0,Potential Loyalists
14507,24,7,1368.18,0,Potential Loyalists
14508,22,2,276.42,0,Potential Loyalists
14511,11,6,1267.41,0,Potential Loyalists
14512,188,2,275.28,3,At Risk
14513,101,4,438.49,0,Potential Loyalists
14514,61,3,1055.35,0,Potential Loyalists
14515,18,6,2102.09,0,Potential Loyalists
14517,33,2,330.45,0,Potential Loyalists
14518,64,1,174.37,0,Potential Loyalists
14520,2,2,270.6,0,Potential Loyalists
14522,24,4,974.54,0,Potential Loyalists
14523,108,1,241.09,0,Potential Loyalists
14524,32,9,1867.68,0,Potential Loyalists
14525,9,13,4221.37,0,Potential Loyalists
14527,3,86,7711.38,2,Loyal Customers
14528,37,1,364.22,0,Potential Loyalists
14529,60,3,620.04,0,Potential Loyalists
14530,26,6,2925.91,0,Potential Loyalists
14532,236,4,932.85,3,At Risk
14533,25,9,1812.62,0,Potential Loyalists
14534,3,25,4075.35,2,Loyal Customers
14535,59,4,2841.09,0,Potential Loyalists
14536,260,1,171.8,3,At Risk
14537,58,1,355.56,0,Potential Loyalists
14538,65,2,388.25,0,Potential Loyalists
14539,16,2,537.48,0,Potential Loyalists
14540,10,3,996.26,0,Potential Loyalists
14541,59,8,1461.65,0,Potential Loyalists
14542,186,1,103.25,3,At Risk
14543,4,21,2916.17,2,Loyal Customers
14544,24,2,2024.45,0,Potential Loyalists
14546,4,9,2487.02,0,Potential Loyalists
14547,4,9,3986.7400000000002,0,Potential Loyalists
14548,151,2,652.8,3,At Risk
14549,311,1,289.24,3,At Risk
14550,11,2,765.62,0,Potential Loyalists
14551,18,2,186.23,0,Potential Loyalists
14552,152,1,165.07,3,At Risk
14553,19,5,859.27,0,Potential Loyalists
14554,10,4,2381.04,0,Potential Loyalists
14555,57,2,324.14,0,Potential Loyalists
14557,64,2,7.105427357601002e-15,0,Potential Loyalists
14560,7,24,2174.18,2,Loyal Customers
14561,76,3,1080.76,0,Potential Loyalists
14562,4,22,4709.22,2,Loyal Customers
14565,96,6,3073.77,0,Potential Loyalists
14566,111,1,1432.0,0,Potential Loyalists
14567,35,3,1524.46,0,Potential Loyalists
14569,1,1,227.39000000000001,0,Potential Loyalists
14570,281,2,218.06,3,At Risk
14572,3,10,2803.69,0,Potential Loyalists
14573,180,13,1603.72,3,At Risk
14576,372,1,35.400000000000006,3,At Risk
14577,13,4,859.71,0,Potential Loyalists
14578,3,1,168.63,0,Potential Loyalists
14581,17,1,138.6,0,Potential Loyalists
14582,41,1,114.11000000000001,0,Potential Loyalists
14583,6,5,1052.55,0,Potential Loyalists
14584,169,5,1029.26,3,At Risk
14585,50,1,157.05,0,Potential Loyalists
14586,227,3,134.16,3,At Risk
14587,19,10,1598.24,0,Potential Loyalists
14589,372,1,39.75,3,At Risk
14591,15,4,1447.14,0,Potential Loyalists
14592,35,3,570.46,0,Potential Loyalists
14593,22,3,617.99,0,Potential Loyalists
14594,7,2,379.83,0,Potential Loyalists
14595,20,6,1740.6,0,Potential Loyalists
14597,11,2,883.15,0,Potential Loyalists
14598,44,1,221.97,0,Potential Loyalists
14600,306,1,393.33,3,At Risk
14601,11,1,213.96,0,Potential Loyalists
14603,275,1,660.0,3,At Risk
14606,1,128,11713.85,2,Loyal Customers
14607,16,17,11341.1,2,Loyal Customers
14608,4,4,1785.15,0,Potential Loyalists
14609,72,4,601.56,0,Potential Loyalists
14616,243,3,406.08000000000004,3,At Risk
14618,9,4,538.59,0,Potential Loyalists
14619,239,2,379.51,3,At Risk
14620,204,3,393.28000000000003,3,At Risk
14621,1,6,1765.76,0,Potential Loyalists
14622,185,1,320.58,3,At Risk
14623,32,6,869.35,0,Potential Loyalists
14624,57,2,225.85,0,Potential Loyalists
14625,185,5,848.48,3,At Risk
14626,9,7,2757.07,0,Potential Loyalists
14628,91,2,671.96,0,Potential Loyalists
14629,4,3,939.21,0,Potential Loyalists
14631,51,3,1006.98,0,Potential Loyalists
14632,263,1,114.56,3,At Risk
14633,266,1,344.9,3,At Risk
14636,36,2,609.85,0,Potential Loyalists
14638,51,1,443.6,0,Potential Loyalists
14639,52,8,2952.34,0,Potential Loyalists
14640,16,8,2042.15,0,Potential Loyalists
14641,22,1,110.46,0,Potential Loyalists
14642,59,1,96.12,0,Potential Loyalists
14643,170,3,668.61,3,At Risk
14644,9,4,780.46,0,Potential Loyalists
14645,157,2,597.09,3,At Risk
14646,2,76,279489.02,1,Champions / VIPs
14647,201,1,243.22,3,At Risk
14649,5,4,1417.29,0,Potential Loyalists
14651,67,2,654.6,0,Potential Loyalists
14652,77,1,114.17999999999999,0,Potential Loyalists
14653,1,7,1947.55,0,Potential Loyalists
14655,4,5,1930.15,0,Potential Loyalists
14656,169,2,291.05,3,At Risk
14657,18,5,838.27,0,Potential Loyalists
14658,5,2,247.15,0,Potential Loyalists
14659,9,12,2456.53,0,Potential Loyalists
14660,87,2,285.74,0,Potential Loyalists
14661,27,1,107.95,0,Potential Loyalists
14662,29,4,771.17,0,Potential Loyalists
14664,20,2,637.89,0,Potential Loyalists
14665,61,7,1258.38,0,Potential Loyalists
14666,24,1,195.25,0,Potential Loyalists
14667,11,27,9231.2,2,Loyal Customers
14669,242,3,1269.99,3,At Risk
14670,280,2,411.53,3,At Risk
14672,235,2,765.55,3,At Risk
14673,3,5,1736.4,0,Potential Loyalists
14675,16,1,604.75,0,Potential Loyalists
14676,31,8,2543.24,0,Potential Loyalists
14680,25,23,26932.34,2,Loyal Customers
14681,71,3,498.95,0,Potential Loyalists
14682,188,2,52.0,3,At Risk
14684,26,5,1236.28,0,Potential Loyalists
14687,107,1,628.38,0,Potential Loyalists
14688,8,27,5107.38,2,Loyal Customers
14689,209,1,112.8,3,At Risk
14690,44,3,358.61,0,Potential Loyalists
14691,31,5,2114.33,0,Potential Loyalists
14692,137,5,582.05,0,Potential Loyalists
14693,265,1,172.9,3,At Risk
14696,4,9,2070.97,0,Potential Loyalists
14697,218,2,188.61,3,At Risk
14698,2,5,1250.76,0,Potential Loyalists
14699,214,1,109.13000000000001,3,At Risk
14700,32,3,2235.3,0,Potential Loyalists
14701,11,12,2486.2200000000003,0,Potential Loyalists
14702,1,18,3250.64,0,Potential Loyalists
14703,15,1,318.17,0,Potential Loyalists
14704,11,9,1546.91,0,Potential Loyalists
14705,199,1,179.0,3,At Risk
14708,3,4,1096.67,0,Potential Loyalists
14709,15,14,4911.14,0,Potential Loyalists
14710,14,4,606.13,0,Potential Loyalists
14711,10,12,2838.2,0,Potential Loyalists
14712,29,3,917.07,0,Potential Loyalists
14713,9,12,2664.2599999999998,0,Potential Loyalists
14714,24,1,160.19,0,Potential Loyalists
14715,25,4,867.38,0,Potential Loyalists
14716,43,2,329.68,0,Potential Loyalists
14719,2,6,1592.18,0,Potential Loyalists
14720,6,3,663.81,0,Potential Loyalists
14722,147,1,187.92,3,At Risk
14723,10,6,1158.3,0,Potential Loyalists
14725,25,1,718.08,0,Potential Loyalists
14727,274,1,268.58,3,At Risk
14729,374,1,313.49,3,At Risk
14730,1,8,2005.06,0,Potential Loyalists
14731,47,3,380.02,0,Potential Loyalists
14732,8,10,2686.34,0,Potential Loyalists
14733,9,15,9451.539999999999,2,Loyal Customers
14735,4,34,5807.6900000000005,2,Loyal Customers
14737,4,3,1164.55,0,Potential Loyalists
14738,39,9,1289.94,0,Potential Loyalists
14739,2,8,3899.1,0,Potential Loyalists
14740,191,4,1423.21,3,At Risk
14741,12,6,1400.34,0,Potential Loyalists
14744,16,9,1088.53,0,Potential Loyalists
14745,113,6,1167.16,0,Potential Loyalists
14747,248,2,294.3,3,At Risk
14748,29,6,1311.79,0,Potential Loyalists
14752,44,1,389.64,0,Potential Loyalists
14753,87,1,563.15,0,Potential Loyalists
14754,45,2,638.05,0,Potential Loyalists
14755,10,12,4965.38,0,Potential Loyalists
14756,15,1,738.96,0,Potential Loyalists
14757,75,1,420.5,0,Potential Loyalists
14758,145,4,1484.06,0,Potential Loyalists
14759,5,3,1625.97,0,Potential Loyalists
14760,294,2,53.8,3,At Risk
14761,59,2,255.9,0,Potential Loyalists
14762,264,1,300.52,3,At Risk
14764,44,2,250.55,0,Potential Loyalists
14765,29,3,254.11,0,Potential Loyalists
14766,8,8,2423.07,0,Potential Loyalists
14768,17,3,139.5,0,Potential Loyalists
14769,3,10,10641.6,0,Potential Loyalists
14770,232,2,876.42,3,At Risk
14772,112,1,139.26,0,Potential Loyalists
14775,58,3,1011.9,0,Potential Loyalists
14776,51,13,2195.58,0,Potential Loyalists
14778,127,2,730.86,0,Potential Loyalists
14779,281,3,386.15,3,At Risk
14780,55,2,447.68,0,Potential Loyalists
14782,320,1,200.10000000000002,3,At Risk
14784,26,2,289.99,0,Potential Loyalists
14785,10,2,77.4,0,Potential Loyalists
14788,7,2,679.4399999999999,0,Potential Loyalists
14789,29,1,197.64000000000001,0,Potential Loyalists
14790,17,4,745.06,0,Potential Loyalists
14792,64,2,2.220446049250313e-16,0,Potential Loyalists
14793,4,2,214.14000000000001,0,Potential Loyalists
14794,3,9,1272.11,0,Potential Loyalists
14795,166,1,131.45000000000002,3,At Risk
14796,1,27,7839.51,2,Loyal Customers
14798,53,3,173.74,0,Potential Loyalists
14799,51,1,157.7,0,Potential Loyalists
14800,48,16,4236.34,0,Potential Loyalists
14801,61,1,193.14,0,Potential Loyalists
14803,162,3,845.55,3,At Risk
14804,9,1,353.27,0,Potential Loyalists
14805,15,4,554.65,0,Potential Loyalists
14806,75,1,193.39,0,Potential Loyalists
14808,40,15,2175.37,0,Potential Loyalists
14810,41,11,2087.88,0,Potential Loyalists
14813,370,2,155.43,3,At Risk
14815,37,2,778.5,0,Potential Loyalists
14816,197,1,271.85,3,At Risk
14817,200,2,1110.34,3,At Risk
14818,74,3,657.8,0,Potential Loyalists
14819,64,2,272.07,0,Potential Loyalists
14820,21,4,507.29,0,Potential Loyalists
14821,367,1,48.800000000000004,3,At Risk
14823,180,3,321.43,3,At Risk
14824,10,4,1127.71,0,Potential Loyalists
14825,4,12,2226.91,0,Potential Loyalists
14828,197,3,2139.7599999999998,3,At Risk
14829,29,6,644.65,0,Potential Loyalists
14830,53,1,197.13,0,Potential Loyalists
14834,18,8,1698.35,0,Potential Loyalists
14836,10,3,102.44999999999999,0,Potential Loyalists
14837,90,5,1641.2,0,Potential Loyalists
14840,268,1,62.85,3,At Risk
14841,53,6,3295.76,0,Potential Loyalists
14842,35,8,2456.8,0,Potential Loyalists
14844,64,4,3189.81,0,Potential Loyalists
14847,149,1,309.4,3,At Risk
14849,22,28,7904.28,2,Loyal Customers
14850,312,2,278.15,3,At Risk
14851,23,2,511.35,0,Potential Loyalists
14852,58,6,2836.69,0,Potential Loyalists
14853,9,3,463.05,0,Potential Loyalists
14854,78,8,2749.89,0,Potential Loyalists
14855,119,2,645.65,0,Potential Loyalists
14856,36,3,1311.3799999999999,0,Potential Loyalists
14857,60,3,1165.65,0,Potential Loyalists
14859,13,5,1352.04,0,Potential Loyalists
14860,9,2,168.62,0,Potential Loyalists
14861,52,1,125.78999999999999,0,Potential Loyalists
14862,26,2,841.1999999999999,0,Potential Loyalists
14863,29,1,266.76,0,Potential Loyalists
14865,7,2,52.2,0,Potential Loyalists
14866,11,13,14197.45,2,Loyal Customers
14867,186,4,701.33,3,At Risk
14868,3,9,2939.64,0,Potential Loyalists
14869,4,3,721.95,0,Potential Loyalists
14870,262,1,327.25,3,At Risk
14871,3,4,522.38,0,Potential Loyalists
14873,210,1,519.68,3,At Risk
14875,9,5,1448.72,0,Potential Loyalists
14878,13,9,1485.54,0,Potential Loyalists
14880,77,3,706.19,0,Potential Loyalists
14881,20,1,255.4,0,Potential Loyalists
14882,27,2,589.7,0,Potential Loyalists
14883,19,7,756.64,0,Potential Loyalists
14885,132,1,765.3199999999999,0,Potential Loyalists
14886,253,1,364.8,3,At Risk
14887,79,1,1862.0,0,Potential Loyalists
14888,207,1,369.2,3,At Risk
14889,336,1,135.9,3,At Risk
14890,254,1,125.65,3,At Risk
14891,148,2,554.38,3,At Risk
14893,10,2,1237.85,0,Potential Loyalists
14894,85,1,655.75,0,Potential Loyalists
14895,8,24,11020.26,2,Loyal Customers
14896,205,2,468.77000000000004,3,At Risk
14897,8,4,1366.38,0,Potential Loyalists
14898,23,8,1228.32,0,Potential Loyalists
14901,11,10,1414.99,0,Potential Loyalists
14902,21,2,314.11,0,Potential Loyalists
14903,21,10,2744.48,0,Potential Loyalists
14904,2,2,1025.44,0,Potential Loyalists
14905,154,3,599.9,3,At Risk
14907,3,10,3478.85,0,Potential Loyalists
14908,74,1,277.8,0,Potential Loyalists
14910,3,7,389.86,0,Potential Loyalists
14911,1,248,132572.62,1,Champions / VIPs
14912,17,3,841.52,0,Potential Loyalists
14913,36,4,1227.43,0,Potential Loyalists
14915,86,3,258.83000000000004,0,Potential Loyalists
14916,71,5,1264.84,0,Potential Loyalists
14918,116,2,1610.15,0,Potential Loyalists
14920,213,2,977.77,3,At Risk
14921,30,2,1316.07,0,Potential Loyalists
14923,51,1,749.1,0,Potential Loyalists
14924,246,1,310.05,3,At Risk
14929,32,1,223.88,0,Potential Loyalists
14930,109,3,2372.86,0,Potential Loyalists
14931,5,6,964.6800000000001,0,Potential Loyalists
14932,366,1,363.53,3,At Risk
14934,73,3,1888.84,0,Potential Loyalists
14935,297,1,1784.71,3,At Risk
14936,9,9,8117.42,0,Potential Loyalists
14937,57,4,1617.63,0,Potential Loyalists
14944,30,14,5842.95,0,Potential Loyalists
14946,14,1,100.9,0,Potential Loyalists
14947,72,2,290.82,0,Potential Loyalists
14948,23,7,1066.57,0,Potential Loyalists
14950,9,2,361.25,0,Potential Loyalists
14951,79,1,311.69,0,Potential Loyalists
14952,46,15,7912.79,0,Potential Loyalists
14953,25,1,289.82,0,Potential Loyalists
14954,12,1,336.17,0,Potential Loyalists
14957,253,1,58.49,3,At Risk
14958,147,3,499.68,3,At Risk
14959,59,5,684.97,0,Potential Loyalists
14960,8,2,221.27,0,Potential Loyalists
14961,11,12,7006.58,0,Potential Loyalists
14962,271,1,126.7,3,At Risk
14963,10,5,1487.8,0,Potential Loyalists
14964,247,1,206.21,3,At Risk
14965,96,2,599.0,0,Potential Loyalists
14966,15,1,191.32,0,Potential Loyalists
14967,50,1,463.8,0,Potential Loyalists
14968,30,1,147.59,0,Potential Loyalists
14970,68,4,1592.06,0,Potential Loyalists
14971,35,3,1116.57,0,Potential Loyalists
14972,128,1,114.77,0,Potential Loyalists
14973,107,3,1314.45,0,Potential Loyalists
14974,37,1,114.39,0,Potential Loyalists
14975,57,1,279.94,0,Potential Loyalists
14976,57,8,765.86,0,Potential Loyalists
14978,72,5,1931.42,0,Potential Loyalists
14981,246,1,102.12,3,At Risk
14984,19,2,213.27,0,Potential Loyalists
14985,198,2,296.75,3,At Risk
14987,16,2,326.4,0,Potential Loyalists
14988,212,1,334.54,3,At Risk
14995,39,2,233.23000000000002,0,Potential Loyalists
14997,46,4,540.98,0,Potential Loyalists
14998,170,2,429.87,3,At Risk
15000,48,1,490.52,0,Potential Loyalists
15002,116,4,1641.76,0,Potential Loyalists
15004,147,1,1246.32,3,At Risk
15005,16,35,6180.49,2,Loyal Customers
15006,51,1,502.09,0,Potential Loyalists
15007,159,1,156.91,3,At Risk
15009,12,3,1261.78,0,Potential Loyalists
15010,36,1,308.94,0,Potential Loyalists
15012,54,2,423.04,0,Potential Loyalists
15014,43,2,260.17,0,Potential Loyalists
15016,173,1,170.04,3,At Risk
15017,34,1,125.58,0,Potential Loyalists
15018,39,4,456.26,0,Potential Loyalists
15019,267,1,266.0,3,At Risk
15021,9,13,1872.28,0,Potential Loyalists
15022,12,4,905.04,0,Potential Loyalists
15023,3,12,6763.16,0,Potential Loyalists
15024,10,10,1661.33,0,Potential Loyalists
15025,33,1,377.01,0,Potential Loyalists
15026,80,3,469.0,0,Potential Loyalists
15027,31,6,1051.95,0,Potential Loyalists
15028,8,4,627.13,0,Potential Loyalists
15030,72,2,518.28,0,Potential Loyalists
15031,4,4,668.14,0,Potential Loyalists
15032,256,5,4464.1,3,At Risk
15033,5,11,2571.02,0,Potential Loyalists
15034,16,11,4277.66,0,Potential Loyalists
15035,90,1,252.73000000000002,0,Potential Loyalists
15036,72,3,465.55,0,Potential Loyalists
15038,43,7,665.59,0,Potential Loyalists
15039,10,52,19786.44,2,Loyal Customers
15041,170,1,180.35,3,At Risk
15042,199,1,135.93,3,At Risk
15043,31,1,537.0,0,Potential Loyalists
15044,19,22,7629.38,2,Loyal Customers
15045,152,3,633.66,3,At Risk
15046,9,16,5064.01,0,Potential Loyalists
15047,270,1,343.62,3,At Risk
15048,65,5,380.57,0,Potential Loyalists
15049,274,1,121.17000000000002,3,At Risk
15050,25,5,1727.17,0,Potential Loyalists
15051,23,3,1391.61,0,Potential Loyalists
15052,319,1,215.78,3,At Risk
15053,5,3,697.79,0,Potential Loyalists
15054,12,2,302.1,0,Potential Loyalists
15057,275,2,1489.5,3,At Risk
15058,25,11,2124.99,0,Potential Loyalists
15059,41,11,1325.82,0,Potential Loyalists
15060,8,4,303.09,0,Potential Loyalists
15061,4,55,54228.74,2,Loyal Customers
15062,71,4,987.86,0,Potential Loyalists
15063,213,1,370.79999999999995,3,At Risk
15065,38,6,3135.98,0,Potential Loyalists
15066,32,2,760.59,0,Potential Loyalists
15067,78,3,1744.76,0,Potential Loyalists
15068,46,2,553.36,0,Potential Loyalists
15069,179,1,1109.53,3,At Risk
15070,373,1,106.2,3,At Risk
15071,94,2,982.07,0,Potential Loyalists
15073,10,4,612.43,0,Potential Loyalists
15074,105,1,748.87,0,Potential Loyalists
15075,78,1,773.03,0,Potential Loyalists
15076,173,1,880.85,3,At Risk
15078,7,38,9623.35,2,Loyal Customers
15079,213,5,893.66,3,At Risk
15081,22,6,487.35,0,Potential Loyalists
15083,257,1,88.2,3,At Risk
15087,282,1,306.94,3,At Risk
15088,21,3,1140.27,0,Potential Loyalists
15089,10,6,2420.84,0,Potential Loyalists
15090,308,1,381.32,3,At Risk
15091,54,2,476.96,0,Potential Loyalists
15092,215,2,457.81,3,At Risk
15093,18,9,4410.14,0,Potential Loyalists
15095,104,5,1364.7,0,Potential Loyalists
15096,43,1,219.39000000000001,0,Potential Loyalists
15097,4,1,248.08,0,Potential Loyalists
15098,182,5,649.5,3,At Risk
15099,84,1,410.48,0,Potential Loyalists
15100,330,6,635.0999999999999,3,At Risk
15101,9,3,310.03000000000003,0,Potential Loyalists
15103,31,2,703.36,0,Potential Loyalists
15104,167,3,1002.54,3,At Risk
15105,18,7,2298.93,0,Potential Loyalists
15106,18,7,1407.73,0,Potential Loyalists
15107,311,8,247.66,3,At Risk
15108,142,5,1291.75,0,Potential Loyalists
15109,241,2,463.75,3,At Risk
15110,24,7,970.25,0,Potential Loyalists
15111,29,3,1567.48,0,Potential Loyalists
15113,10,4,3439.41,0,Potential Loyalists
15114,30,10,2760.56,0,Potential Loyalists
15115,18,1,340.11,0,Potential Loyalists
15116,18,4,1352.75,0,Potential Loyalists
15117,15,6,1550.13,0,Potential Loyalists
15118,134,1,244.8,0,Potential Loyalists
15119,246,1,266.4,3,At Risk
15120,130,2,343.82,0,Potential Loyalists
15121,50,2,457.71999999999997,0,Potential Loyalists
15122,85,6,1612.13,0,Potential Loyalists
15123,7,2,2199.31,0,Potential Loyalists
15124,23,2,184.19,0,Potential Loyalists
15125,25,23,11117.05,2,Loyal Customers
15127,66,1,406.53,0,Potential Loyalists
15128,60,8,1419.54,0,Potential Loyalists
15129,50,11,3447.4,0,Potential Loyalists
15130,170,1,330.11,3,At Risk
15132,18,5,977.9300000000001,0,Potential Loyalists
15133,128,3,982.42,0,Potential Loyalists
15134,15,8,1387.99,0,Potential Loyalists
15135,233,2,127.15,3,At Risk
15136,3,5,1282.45,0,Potential Loyalists
15139,240,2,178.96,3,At Risk
15140,52,8,2350.0,0,Potential Loyalists
15142,46,1,498.74,0,Potential Loyalists
15143,226,1,259.45,3,At Risk
15144,8,18,6530.04,2,Loyal Customers
15145,4,4,1194.73,0,Potential Loyalists
15146,165,3,1313.66,3,At Risk
15147,219,2,608.65,3,At Risk
15148,11,1,301.29,0,Potential Loyalists
15149,134,1,520.8000000000001,0,Potential Loyalists
15150,17,11,5303.97,0,Potential Loyalists
15152,10,16,4684.24,0,Potential Loyalists
15153,31,1,329.25,0,Potential Loyalists
15154,74,2,240.27,0,Potential Loyalists
15156,1,3,961.49,0,Potential Loyalists
15157,4,5,1869.5,0,Potential Loyalists
15158,45,1,401.40000000000003,0,Potential Loyalists
15159,2,34,18573.68,2,Loyal Customers
15160,357,1,158.16,3,At Risk
15163,18,2,304.46999999999997,0,Potential Loyalists
15164,69,3,843.05,0,Potential Loyalists
15165,373,1,487.75,3,At Risk
15167,321,1,163.0,3,At Risk
15168,26,1,106.56,0,Potential Loyalists
15171,325,2,1034.5,3,At Risk
15172,9,5,1624.05,0,Potential Loyalists
15174,323,1,135.75,3,At Risk
15175,72,1,224.14,0,Potential Loyalists
15178,260,1,40.5,3,At Risk
15179,18,7,2186.2,0,Potential Loyalists
15180,367,1,87.5,3,At Risk
15181,66,5,680.28,0,Potential Loyalists
15182,154,2,622.85,3,At Risk
15184,29,2,406.76,0,Potential Loyalists
15185,70,1,310.62,0,Potential Loyalists
15186,14,2,411.41,0,Potential Loyalists
15187,2,18,4670.08,2,Loyal Customers
15189,1,53,15802.14,2,Loyal Customers
15192,120,3,1044.32,0,Potential Loyalists
15193,61,1,499.32,0,Potential Loyalists
15194,3,22,7521.17,2,Loyal Customers
15195,3,1,3861.0,0,Potential Loyalists
15197,9,5,656.44,0,Potential Loyalists
15198,92,2,193.64000000000001,0,Potential Loyalists
15199,59,4,1268.7,0,Potential Loyalists
15201,79,11,927.84,0,Potential Loyalists
15203,26,6,1827.8,0,Potential Loyalists
15204,357,1,316.58,3,At Risk
15205,85,3,648.8299999999999,0,Potential Loyalists
15206,10,4,420.3,0,Potential Loyalists
15208,1,6,867.62,0,Potential Loyalists
15210,225,1,331.18,3,At Risk
15211,60,2,894.41,0,Potential Loyalists
15212,239,2,88.94999999999999,3,At Risk
15213,319,3,325.05,3,At Risk
15214,2,8,1661.44,0,Potential Loyalists
15215,45,6,615.99,0,Potential Loyalists
15216,88,1,96.6,0,Potential Loyalists
15218,11,11,5756.89,0,Potential Loyalists
15219,176,1,305.75,3,At Risk
15220,52,7,1758.92,0,Potential Loyalists
15221,366,2,114.1,3,At Risk
15222,319,1,585.0,3,At Risk
15223,226,3,454.9,3,At Risk
15224,358,3,310.48,3,At Risk
15225,234,1,409.40000000000003,3,At Risk
15226,311,1,154.41,3,At Risk
15227,37,5,1219.4,0,Potential Loyalists
15228,66,5,3376.96,0,Potential Loyalists
15230,239,2,429.6,3,At Risk
15232,113,2,612.06,0,Potential Loyalists
15234,277,1,197.0,3,At Risk
15235,218,12,2247.51,3,At Risk
15236,299,1,321.05,3,At Risk
15237,2,4,1412.32,0,Potential Loyalists
15238,29,5,1056.54,0,Potential Loyalists
15239,10,3,764.34,0,Potential Loyalists
15240,45,7,1685.57,0,Potential Loyalists
15241,67,9,1738.59,0,Potential Loyalists
15243,74,1,316.68,0,Potential Loyalists
15244,65,2,631.57,0,Potential Loyalists
15245,134,3,2515.84,0,Potential Loyalists
15246,238,2,514.15,3,At Risk
15247,122,1,356.0,0,Potential Loyalists
15249,32,15,6657.36,0,Potential Loyalists
15251,9,15,10327.11,2,Loyal Customers
15252,36,2,740.78,0,Potential Loyalists
15253,16,6,915.3,0,Potential Loyalists
15254,127,1,300.36,0,Potential Loyalists
15255,67,1,890.85,0,Potential Loyalists
15256,149,1,98.45,3,At Risk
15257,281,2,232.15,3,At Risk
15258,169,2,623.16,3,At Risk
15260,100,8,1780.77,0,Potential Loyalists
15261,135,1,254.82,0,Potential Loyalists
15262,324,1,178.95000000000002,3,At Risk
15263,107,1,156.51,0,Potential Loyalists
15264,64,1,393.74,0,Potential Loyalists
15265,151,2,1506.1200000000001,3,At Risk
15266,338,1,119.3,3,At Risk
15267,22,5,1717.36,0,Potential Loyalists
15269,24,1,408.8,0,Potential Loyalists
15270,16,9,2298.2,0,Potential Loyalists
15271,7,16,2485.82,0,Potential Loyalists
15272,57,2,721.94,0,Potential Loyalists
15274,4,2,716.57,0,Potential Loyalists
15275,31,2,609.19,0,Potential Loyalists
15276,66,1,135.31,0,Potential Loyalists
15277,47,1,255.89999999999998,0,Potential Loyalists
15279,355,2,277.40999999999997,3,At Risk
15280,172,1,113.12,3,At Risk
15281,59,12,2239.95,0,Potential Loyalists
15286,50,1,240.55,0,Potential Loyalists
15287,22,3,485.24,0,Potential Loyalists
15288,43,5,2306.52,0,Potential Loyalists
15289,29,4,935.1,0,Potential Loyalists
15290,5,21,7803.7699999999995,2,Loyal Customers
15291,26,20,4596.51,2,Loyal Customers
15292,201,1,180.94,3,At Risk
15296,44,10,3610.31,0,Potential Loyalists
15297,10,4,635.04,0,Potential Loyalists
15298,2,14,3774.1,0,Potential Loyalists
15299,67,11,3787.09,0,Potential Loyalists
15300,64,1,496.44,0,Potential Loyalists
15301,51,14,5028.12,0,Potential Loyalists
15303,290,1,574.02,3,At Risk
15304,61,10,680.3000000000001,0,Potential Loyalists
15306,64,3,1174.35,0,Potential Loyalists
15307,96,1,205.3,0,Potential Loyalists
15308,271,2,302.27,3,At Risk
15311,1,118,59419.340000000004,1,Champions / VIPs
15312,75,5,921.1,0,Potential Loyalists
15313,110,1,52.0,0,Potential Loyalists
15314,199,1,327.97,3,At Risk
15315,64,3,551.54,0,Potential Loyalists
15316,327,1,165.0,3,At Risk
15318,4,1,312.62,0,Potential Loyalists
15319,284,1,204.5,3,At Risk
15320,44,1,267.13,0,Potential Loyalists
15321,49,4,2650.73,0,Potential Loyalists
15322,64,2,602.97,0,Potential Loyalists
15325,104,1,162.29,0,Potential Loyalists
15326,334,1,311.71,3,At Risk
15327,53,1,208.75,0,Potential Loyalists
15329,35,5,1005.5,0,Potential Loyalists
15330,32,2,714.9599999999999,0,Potential Loyalists
15332,366,4,1661.06,3,At Risk
15333,208,1,1028.56,3,At Risk
15334,157,3,351.67,3,At Risk
15335,54,1,173.97,0,Potential Loyalists
15339,66,3,557.57,0,Potential Loyalists
15341,81,1,2020.52,0,Potential Loyalists
15342,116,2,391.76,0,Potential Loyalists
15343,87,1,364.5,0,Potential Loyalists
15344,1,5,476.58,0,Potential Loyalists
15345,35,2,367.69,0,Potential Loyalists
15346,333,1,252.42000000000002,3,At Risk
15347,366,1,201.60000000000002,3,At Risk
15348,72,1,158.04,0,Potential Loyalists
15349,158,2,473.81,3,At Risk
15350,373,1,115.65,3,At Risk
15351,12,10,1862.14,0,Potential Loyalists
15353,255,2,777.02,3,At Risk
15355,29,2,277.05,0,Potential Loyalists
15356,31,10,2766.5,0,Potential Loyalists
15358,5,29,8234.8,2,Loyal Customers
15360,40,1,427.93,0,Potential Loyalists
15361,362,1,418.92,3,At Risk
15363,241,2,318.05,3,At Risk
15364,96,2,913.19,0,Potential Loyalists
15365,26,9,1330.45,0,Potential Loyalists
15366,75,2,602.51,0,Potential Loyalists
15367,57,5,1867.69,0,Potential Loyalists
15368,21,1,446.94000000000005,0,Potential Loyalists
15370,41,8,2360.55,0,Potential Loyalists
15372,137,1,2007.4,0,Potential Loyalists
15373,8,13,2213.11,0,Potential Loyalists
15374,129,1,168.0,0,Potential Loyalists
15376,40,3,1233.36,0,Potential Loyalists
15379,169,8,3631.89,3,At Risk
15380,9,6,1682.36,0,Potential Loyalists
15381,214,2,596.85,3,At Risk
15382,15,8,5927.86,0,Potential Loyalists
15384,170,3,635.76,3,At Risk
15385,40,1,316.88,0,Potential Loyalists
15386,186,1,394.14,3,At Risk
15388,270,1,140.54,3,At Risk
15389,172,1,500.0,3,At Risk
15392,5,5,1515.73,0,Potential Loyalists
15393,16,2,231.86,0,Potential Loyalists
15394,10,4,2183.54,0,Potential Loyalists
15395,326,1,107.45,3,At Risk
15396,113,1,288.18,0,Potential Loyalists
15397,290,1,94.0,3,At Risk
15398,16,3,1339.63,0,Potential Loyalists
15399,1,3,815.77,0,Potential Loyalists
15400,92,6,666.7,0,Potential Loyalists
15402,149,2,626.77,3,At Risk
15405,189,1,349.1,3,At Risk
15406,18,4,426.61,0,Potential Loyalists
15407,34,4,1056.44,0,Potential Loyalists
15408,264,1,267.18,3,At Risk
15410,84,8,3450.84,0,Potential Loyalists
15411,26,5,1346.38,0,Potential Loyalists
15412,171,1,190.53,3,At Risk
15414,10,3,774.9000000000001,0,Potential Loyalists
15415,313,1,572.8100000000001,3,At Risk
15416,65,5,3974.37,0,Potential Loyalists
15417,85,1,508.8,0,Potential Loyalists
15419,25,1,135.85999999999999,0,Potential Loyalists
15421,59,4,950.36,0,Potential Loyalists
15422,323,2,97.7,3,At Risk
15423,38,1,43.5,0,Potential Loyalists
15424,254,2,383.34,3,At Risk
15426,19,7,1429.9,0,Potential Loyalists
15427,33,3,1483.14,0,Potential Loyalists
15428,15,1,93.78,0,Potential Loyalists
15429,27,3,364.9,0,Potential Loyalists
15432,23,1,171.19,0,Potential Loyalists
15433,79,3,417.87,0,Potential Loyalists
15434,8,6,997.48,0,Potential Loyalists
15435,22,1,149.29,0,Potential Loyalists
15436,12,3,1122.53,0,Potential Loyalists
15437,262,1,200.16,3,At Risk
15438,131,1,156.58,0,Potential Loyalists
15440,55,3,383.68,0,Potential Loyalists
15442,249,1,594.0,3,At Risk
15443,2,8,3212.16,0,Potential Loyalists
15444,9,2,1418.26,0,Potential Loyalists
15445,264,1,113.5,3,At Risk
15447,331,1,155.17,3,At Risk
15448,313,1,494.64,3,At Risk
15449,26,5,971.22,0,Potential Loyalists
15450,30,1,429.84,0,Potential Loyalists
15452,30,3,538.73,0,Potential Loyalists
15453,2,7,1388.37,0,Potential Loyalists
15454,362,1,179.1,3,At Risk
15456,283,3,447.22,3,At Risk
15457,262,1,237.07,3,At Risk
15458,25,1,161.64,0,Potential Loyalists
15460,354,1,216.76,3,At Risk
15462,94,3,234.6,0,Potential Loyalists
15463,29,1,126.14,0,Potential Loyalists
15464,338,1,1048.8500000000001,3,At Risk
15465,20,24,6945.0199999999995,2,Loyal Customers
15466,85,1,334.53,0,Potential Loyalists
15467,9,4,511.88,0,Potential Loyalists
15468,35,5,438.46000000000004,0,Potential Loyalists
15469,43,4,504.5,0,Potential Loyalists
15471,2,1,469.48,0,Potential Loyalists
15472,113,1,371.56,0,Potential Loyalists
15473,14,10,1465.2,0,Potential Loyalists
15475,77,1,454.11,0,Potential Loyalists
15478,40,2,1441.42,0,Potential Loyalists
15480,116,1,905.5,0,Potential Loyalists
15482,16,16,6568.72,0,Potential Loyalists
15483,161,4,233.81,3,At Risk
15484,1,5,3563.11,0,Potential Loyalists
15485,30,3,2575.0,0,Potential Loyalists
15488,93,1,91.32000000000001,0,Potential Loyalists
15489,23,4,1090.03,0,Potential Loyalists
15491,95,7,3090.85,0,Potential Loyalists
15492,28,2,659.4599999999999,0,Potential Loyalists
15493,33,7,1967.25,0,Potential Loyalists
15494,21,2,1299.23,0,Potential Loyalists
15497,18,3,1259.7,0,Potential Loyalists
15498,1,35,12396.46,2,Loyal Customers
15500,8,4,1131.56,0,Potential Loyalists
15502,16,23,5541.46,2,Loyal Customers
15503,363,1,147.09,3,At Risk
15504,81,1,52.83,0,Potential Loyalists
15505,53,7,3497.14,0,Potential Loyalists
15506,23,3,979.26,0,Potential Loyalists
15507,172,1,492.36,3,At Risk
15508,189,6,1000.27,3,At Risk
15510,331,1,250.0,3,At Risk
15511,12,5,909.23,0,Potential Loyalists
15512,156,2,121.0,3,At Risk
15513,31,22,14520.08,2,Loyal Customers
15514,12,13,2963.19,0,Potential Loyalists
15516,45,3,62.43,0,Potential Loyalists
15517,233,1,267.03,3,At Risk
15518,64,13,1911.89,0,Potential Loyalists
15520,2,1,343.5,0,Potential Loyalists
15521,36,13,2574.65,0,Potential Loyalists
15522,33,2,398.84000000000003,0,Potential Loyalists
15523,84,1,412.01000000000005,0,Potential Loyalists
15524,25,1,440.0,0,Potential Loyalists
15525,2,4,811.02,0,Potential Loyalists
15526,33,2,148.44,0,Potential Loyalists
15527,19,10,2348.82,0,Potential Loyalists
15528,254,1,229.33,3,At Risk
15529,23,12,3967.7799999999997,0,Potential Loyalists
15530,22,4,1502.35,0,Potential Loyalists
15531,8,2,2007.44,0,Potential Loyalists
15532,25,6,1517.08,0,Potential Loyalists
15533,19,5,746.92,0,Potential Loyalists
15535,173,7,459.9,3,At Risk
15537,163,1,110.92,3,At Risk
15539,7,1,538.46,0,Potential Loyalists
15540,11,1,213.3,0,Potential Loyalists
15541,114,1,85.13000000000001,0,Potential Loyalists
15543,288,1,127.86,3,At Risk
15544,9,11,3542.5099999999998,0,Potential Loyalists
15545,54,2,292.72,0,Potential Loyalists
15547,7,14,4954.84,0,Potential Loyalists
15549,77,4,1655.76,0,Potential Loyalists
15550,4,4,575.63,0,Potential Loyalists
15551,37,1,436.06,0,Potential Loyalists
15552,217,1,90.12,3,At Risk
15553,60,1,437.23,0,Potential Loyalists
15554,278,1,217.2,3,At Risk
15555,12,20,4758.2,2,Loyal Customers
15556,24,1,279.77,0,Potential Loyalists
15557,29,1,473.65000000000003,0,Potential Loyalists
15561,12,5,722.74,0,Potential Loyalists
15562,352,1,134.55,3,At Risk
15563,9,7,1319.69,0,Potential Loyalists
15565,50,2,173.16000000000003,0,Potential Loyalists
15567,19,1,186.01,0,Potential Loyalists
15568,3,3,758.29,0,Potential Loyalists
15569,104,5,1375.71,0,Potential Loyalists
15570,7,13,4109.97,0,Potential Loyalists
15571,12,4,650.4300000000001,0,Potential Loyalists
15572,5,7,2552.86,0,Potential Loyalists
15573,32,2,607.45,0,Potential Loyalists
15574,178,4,702.25,3,At Risk
15576,38,1,940.67,0,Potential Loyalists
15577,151,3,258.88,3,At Risk
15578,162,1,127.1,3,At Risk
15579,69,2,348.6,0,Potential Loyalists
15581,121,14,3429.9700000000003,0,Potential Loyalists
15582,25,3,682.9100000000001,0,Potential Loyalists
15584,24,5,722.61,0,Potential Loyalists
15585,177,1,455.3,3,At Risk
15587,50,4,913.6800000000001,0,Potential Loyalists
15589,253,4,456.58,3,At Risk
15592,47,1,388.58,0,Potential Loyalists
15593,71,1,199.8,0,Potential Loyalists
15594,16,6,1767.53,0,Potential Loyalists
15596,101,9,1343.34,0,Potential Loyalists
15597,30,2,315.72,0,Potential Loyalists
15598,35,3,235.68,0,Potential Loyalists
15599,27,2,761.74,0,Potential Loyalists
15601,11,18,6745.36,2,Loyal Customers
15602,8,15,1083.63,0,Potential Loyalists
15603,79,1,48.480000000000004,0,Potential Loyalists
15604,52,1,216.39,0,Potential Loyalists
15605,36,5,1198.23,0,Potential Loyalists
15606,57,11,2422.64,0,Potential Loyalists
15607,337,1,104.76,3,At Risk
15608,28,4,1093.68,0,Potential Loyalists
15609,183,2,270.03000000000003,3,At Risk
15610,52,1,112.46000000000001,0,Potential Loyalists
15611,10,15,1568.39,0,Potential Loyalists
15612,36,2,195.15,0,Potential Loyalists
15615,10,27,10360.04,2,Loyal Customers
15618,33,5,747.031,0,Potential Loyalists
15619,11,1,336.4,0,Potential Loyalists
15620,50,6,1524.4,0,Potential Loyalists
15621,4,6,1158.77,0,Potential Loyalists
15622,3,16,3224.53,0,Potential Loyalists
15623,141,1,301.03,0,Potential Loyalists
15624,117,4,588.13,0,Potential Loyalists
15625,100,8,1504.56,0,Potential Loyalists
15626,75,2,675.8,0,Potential Loyalists
15628,5,10,2865.64,0,Potential Loyalists
15630,45,3,1180.4,0,Potential Loyalists
15632,16,10,3147.31,0,Potential Loyalists
15634,17,1,243.55,0,Potential Loyalists
15636,90,2,724.76,0,Potential Loyalists
15637,53,1,223.35999999999999,0,Potential Loyalists
15639,134,1,425.32,0,Potential Loyalists
15640,4,17,12433.34,2,Loyal Customers
15641,105,4,1887.2,0,Potential Loyalists
15643,179,6,647.4,3,At Risk
15644,166,4,813.0,3,At Risk
15645,19,1,612.01,0,Potential Loyalists
15646,158,4,425.14000000000004,3,At Risk
15648,204,4,599.9,3,At Risk
15649,336,2,816.0,3,At Risk
15651,37,3,646.3,0,Potential Loyalists
15652,91,1,337.74,0,Potential Loyalists
15653,93,2,877.44,0,Potential Loyalists
15654,9,2,922.53,0,Potential Loyalists
15655,233,2,511.32,3,At Risk
15656,45,4,748.5,0,Potential Loyalists
15657,23,1,30.0,0,Potential Loyalists
15658,190,8,958.9,3,At Risk
15659,44,1,306.45,0,Potential Loyalists
15660,25,12,1552.01,0,Potential Loyalists
15661,317,2,309.8,3,At Risk
15663,106,1,138.14,0,Potential Loyalists
15664,51,2,358.63,0,Potential Loyalists
15665,168,2,2242.01,3,At Risk
15667,40,1,301.32,0,Potential Loyalists
15668,218,1,76.32000000000001,3,At Risk
15669,40,5,677.69,0,Potential Loyalists
15670,297,1,173.05,3,At Risk
15671,19,10,2635.4900000000002,0,Potential Loyalists
15673,88,4,2881.02,0,Potential Loyalists
15674,73,8,1744.02,0,Potential Loyalists
15675,81,3,323.69,0,Potential Loyalists
15676,9,5,3324.09,0,Potential Loyalists
15677,49,1,657.23,0,Potential Loyalists
15678,53,1,352.70000000000005,0,Potential Loyalists
15679,24,4,781.28,0,Potential Loyalists
15680,9,3,1333.68,0,Potential Loyalists
15681,18,6,946.36,0,Potential Loyalists
15683,117,1,193.75,0,Potential Loyalists
15687,9,11,2981.5,0,Potential Loyalists
15689,120,2,254.1,0,Potential Loyalists
15690,4,2,239.76,0,Potential Loyalists
15691,252,1,136.8,3,At Risk
15692,28,1,191.04,0,Potential Loyalists
15694,1,15,6423.6,0,Potential Loyalists
15695,267,2,409.98,3,At Risk
15696,33,12,2644.46,0,Potential Loyalists
15699,18,1,309.65,0,Potential Loyalists
15700,172,3,664.03,3,At Risk
15701,2,4,1542.14,0,Potential Loyalists
15703,265,1,211.5,3,At Risk
15704,140,4,2293.62,0,Potential Loyalists
15705,201,1,143.1,3,At Risk
15706,60,7,1001.81,0,Potential Loyalists
15707,35,4,945.58,0,Potential Loyalists
15708,41,11,3329.7200000000003,0,Potential Loyalists
15709,284,1,133.25,3,At Risk
15712,9,5,1072.36,0,Potential Loyalists
15713,143,3,346.75,0,Potential Loyalists
15714,12,2,330.88,0,Potential Loyalists
15716,146,4,1118.81,0,Potential Loyalists
15717,234,1,150.3,3,At Risk
15719,33,14,5043.96,0,Potential Loyalists
15720,24,1,598.73,0,Potential Loyalists
15721,12,1,507.08,0,Potential Loyalists
15722,36,6,2181.21,0,Potential Loyalists
15723,365,1,203.1,3,At Risk
15724,201,3,212.3,3,At Risk
15725,15,1,415.25,0,Potential Loyalists
15727,17,7,5178.96,0,Potential Loyalists
15729,198,2,62.0,3,At Risk
15730,66,4,1108.38,0,Potential Loyalists
15732,212,2,294.12,3,At Risk
15733,283,1,162.3,3,At Risk
15734,115,2,1339.45,0,Potential Loyalists
15737,15,12,1121.21,0,Potential Loyalists
15738,19,19,4788.77,2,Loyal Customers
15739,66,1,449.12,0,Potential Loyalists
15740,49,1,154.88,0,Potential Loyalists
15743,16,4,784.46,0,Potential Loyalists
15744,78,1,34.8,0,Potential Loyalists
15745,9,6,1071.24,0,Potential Loyalists
15746,134,2,182.96,0,Potential Loyalists
15747,13,3,974.04,0,Potential Loyalists
15748,40,1,149.31,0,Potential Loyalists
15749,235,4,21535.9,3,At Risk
15750,3,9,2451.23,0,Potential Loyalists
15752,40,8,2628.93,0,Potential Loyalists
15753,305,1,79.2,3,At Risk
15754,51,4,455.67,0,Potential Loyalists
15755,1,8,2318.88,0,Potential Loyalists
15756,61,4,532.96,0,Potential Loyalists
15757,66,2,714.42,0,Potential Loyalists
15758,25,1,205.25,0,Potential Loyalists
15759,218,3,253.04000000000002,3,At Risk
15762,65,2,583.75,0,Potential Loyalists
15763,32,3,1048.67,0,Potential Loyalists
15764,81,10,3245.47,0,Potential Loyalists
15766,64,1,315.06,0,Potential Loyalists
15768,116,4,581.83,0,Potential Loyalists
15769,7,29,51823.72,2,Loyal Customers
15773,6,1,635.6800000000001,0,Potential Loyalists
15774,69,1,270.8,0,Potential Loyalists
15775,245,1,104.9,3,At Risk
15776,133,1,241.62,0,Potential Loyalists
15777,241,5,1021.6099999999999,3,At Risk
15780,184,3,475.28000000000003,3,At Risk
15781,25,4,333.56,0,Potential Loyalists
15782,10,4,2593.94,0,Potential Loyalists
15783,11,1,246.29999999999998,0,Potential Loyalists
15785,30,8,2303.75,0,Potential Loyalists
15786,44,5,4834.2,0,Potential Loyalists
15787,26,3,948.05,0,Potential Loyalists
15789,358,1,351.3,3,At Risk
15790,10,1,220.85,0,Potential Loyalists
15791,44,3,1604.44,0,Potential Loyalists
15793,9,4,948.96,0,Potential Loyalists
15795,150,1,610.01,3,At Risk
15796,1,10,2666.61,0,Potential Loyalists
15797,113,4,2207.4,0,Potential Loyalists
15799,76,3,884.14,0,Potential Loyalists
15800,107,2,699.08,0,Potential Loyalists
15801,46,4,1042.19,0,Potential Loyalists
15803,51,1,415.82,0,Potential Loyalists
15804,1,19,3848.55,2,Loyal Customers
15805,23,20,5452.17,2,Loyal Customers
15806,46,3,784.58,0,Potential Loyalists
15807,50,3,903.9,0,Potential Loyalists
15808,306,5,3724.77,3,At Risk
15809,36,6,399.21,0,Potential Loyalists
15810,79,7,1145.43,0,Potential Loyalists
15811,17,9,2171.32,0,Potential Loyalists
15812,107,5,1801.14,0,Potential Loyalists
15813,208,2,1303.91,3,At Risk
15814,3,6,1842.73,0,Potential Loyalists
15815,64,5,2100.6,0,Potential Loyalists
15819,49,4,1905.45,0,Potential Loyalists
15820,320,1,206.98,3,At Risk
15821,44,2,570.96,0,Potential Loyalists
15822,3,2,885.47,0,Potential Loyalists
15825,172,1,532.94,3,At Risk
15826,51,4,1649.3600000000001,0,Potential Loyalists
15827,73,20,1641.48,2,Loyal Customers
15829,99,2,636.14,0,Potential Loyalists
15830,29,2,547.7,0,Potential Loyalists
15831,58,5,747.76,0,Potential Loyalists
15832,254,1,836.79,3,At Risk
15834,70,6,2084.9,0,Potential Loyalists
15835,44,4,954.09,0,Potential Loyalists
15836,45,2,117.47,0,Potential Loyalists
15837,65,1,391.98,0,Potential Loyalists
15838,11,21,33350.76,2,Loyal Customers
15839,25,5,1020.74,0,Potential Loyalists
15840,59,3,345.65999999999997,0,Potential Loyalists
15841,64,6,1209.1,0,Potential Loyalists
15843,304,1,118.95000000000002,3,At Risk
15844,46,1,130.74,0,Potential Loyalists
15845,18,10,3650.87,0,Potential Loyalists
15847,38,2,389.27,0,Potential Loyalists
15850,19,2,238.85,0,Potential Loyalists
15852,187,2,160.71,3,At Risk
15853,52,1,110.8,0,Potential Loyalists
15854,4,12,2974.65,0,Potential Loyalists
15855,137,5,712.24,0,Potential Loyalists
15856,4,31,16173.67,2,Loyal Customers
15857,19,1,297.0,0,Potential Loyalists
15858,16,5,1438.85,0,Potential Loyalists
15860,41,8,977.21,0,Potential Loyalists
15861,12,9,3000.36,0,Potential Loyalists
15862,8,4,832.88,0,Potential Loyalists
15863,26,2,68.84,0,Potential Loyalists
15864,22,8,1769.78,0,Potential Loyalists
15865,41,3,895.13,0,Potential Loyalists
15866,101,1,230.53,0,Potential Loyalists
15867,5,16,3797.79,0,Potential Loyalists
15869,277,2,149.64000000000001,3,At Risk
15870,33,1,354.09000000000003,0,Potential Loyalists
15872,15,2,360.93,0,Potential Loyalists
15874,63,9,4330.67,0,Potential Loyalists
15877,2,3,440.78,0,Potential Loyalists
15880,369,2,313.28,3,At Risk
15881,312,8,438.24,3,At Risk
15882,199,5,495.36,3,At Risk
15883,2,2,396.48,0,Potential Loyalists
15885,93,3,379.35,0,Potential Loyalists
15886,60,1,181.09,0,Potential Loyalists
15888,80,2,141.27,0,Potential Loyalists
15889,157,2,446.87,3,At Risk
15891,227,1,524.52,3,At Risk
15894,253,2,263.55,3,At Risk
15895,150,1,179.17,3,At Risk
15897,194,2,222.05,3,At Risk
15898,1,6,1384.68,0,Potential Loyalists
15899,369,1,56.25,3,At Risk
15900,24,1,351.11,0,Potential Loyalists
15901,17,3,363.88,0,Potential Loyalists
15903,10,8,5126.34,0,Potential Loyalists
15904,8,1,164.68,0,Potential Loyalists
15906,20,8,1521.79,0,Potential Loyalists
15907,4,3,967.45,0,Potential Loyalists
15909,174,1,191.94,3,At Risk
15910,1,8,1232.18,0,Potential Loyalists
15912,178,2,264.62,3,At Risk
15916,16,10,1491.24,0,Potential Loyalists
15917,248,1,123.1,3,At Risk
15918,191,2,334.23,3,At Risk
15919,20,2,639.89,0,Potential Loyalists
15920,154,4,167.5,3,At Risk
15921,173,1,336.03,3,At Risk
15922,372,2,363.6,3,At Risk
15923,373,1,127.08,3,At Risk
15925,194,1,207.15,3,At Risk
15930,67,1,426.63,0,Potential Loyalists
15932,4,11,2461.85,0,Potential Loyalists
15933,21,3,1107.46,0,Potential Loyalists
15935,239,2,416.86,3,At Risk
15937,64,1,145.35,0,Potential Loyalists
15938,112,5,404.58000000000004,0,Potential Loyalists
15939,90,16,6102.26,0,Potential Loyalists
15940,311,2,31.799999999999997,3,At Risk
15942,134,1,337.44,0,Potential Loyalists
15944,277,1,325.1,3,At Risk
15945,365,1,181.0,3,At Risk
15947,83,1,1708.24,0,Potential Loyalists
15948,8,2,955.24,0,Potential Loyalists
15949,17,2,364.72,0,Potential Loyalists
15950,2,5,1705.26,0,Potential Loyalists
15951,1,3,669.57,0,Potential Loyalists
15952,34,4,806.57,0,Potential Loyalists
15953,15,10,1634.53,0,Potential Loyalists
15955,24,16,4389.81,0,Potential Loyalists
15957,32,1,428.89,0,Potential Loyalists
15958,74,1,104.35000000000001,0,Potential Loyalists
15963,20,2,470.76,0,Potential Loyalists
15965,17,4,845.64,0,Potential Loyalists
15967,23,2,418.83,0,Potential Loyalists
15969,3,4,582.9,0,Potential Loyalists
15970,304,1,314.09999999999997,3,At Risk
15971,18,12,4199.85,0,Potential Loyalists
15973,236,3,99.77000000000001,3,At Risk
15974,39,8,3429.55,0,Potential Loyalists
15975,84,1,371.01,0,Potential Loyalists
15976,165,2,430.94,3,At Risk
15977,17,2,1054.73,0,Potential Loyalists
15978,77,1,1098.78,0,Potential Loyalists
15980,89,3,2398.86,0,Potential Loyalists
15981,25,8,3408.48,0,Potential Loyalists
15983,22,4,1475.02,0,Potential Loyalists
15984,3,11,2816.9700000000003,0,Potential Loyalists
15985,123,3,1037.42,0,Potential Loyalists
15986,30,1,168.11999999999998,0,Potential Loyalists
15987,12,7,1451.28,0,Potential Loyalists
15988,19,1,158.03,0,Potential Loyalists
15990,44,2,792.11,0,Potential Loyalists
15992,4,1,41.989999999999995,0,Potential Loyalists
15993,9,10,2756.82,0,Potential Loyalists
15994,55,1,427.07,0,Potential Loyalists
15996,88,7,1044.78,0,Potential Loyalists
15998,37,6,3084.17,0,Potential Loyalists
16000,3,3,12393.7,0,Potential Loyalists
16003,30,5,2735.37,0,Potential Loyalists
16005,12,4,615.39,0,Potential Loyalists
16006,211,1,101.4,3,At Risk
16007,48,4,1701.94,0,Potential Loyalists
16008,24,3,478.78,0,Potential Loyalists
16009,22,4,992.71,0,Potential Loyalists
16010,246,3,407.5,3,At Risk
16011,8,16,3362.71,0,Potential Loyalists
16012,35,3,1415.29,0,Potential Loyalists
16013,4,54,33366.25,2,Loyal Customers
16014,36,4,653.13,0,Potential Loyalists
16015,4,4,690.54,0,Potential Loyalists
16016,3,10,1483.31,0,Potential Loyalists
16017,47,1,211.88,0,Potential Loyalists
16018,39,2,408.9,0,Potential Loyalists
16019,2,10,3450.24,0,Potential Loyalists
16020,17,3,851.01,0,Potential Loyalists
16022,260,1,628.28,3,At Risk
16023,46,3,719.81,0,Potential Loyalists
16024,12,1,251.24,0,Potential Loyalists
16025,30,1,439.65999999999997,0,Potential Loyalists
16026,43,1,236.09,0,Potential Loyalists
16027,92,7,852.12,0,Potential Loyalists
16029,39,76,50992.61,2,Loyal Customers
16030,310,1,331.24,3,At Risk
16031,92,2,548.94,0,Potential Loyalists
16033,6,27,8727.61,2,Loyal Customers
16034,196,3,437.7,3,At Risk
16036,87,2,758.9200000000001,0,Potential Loyalists
16037,270,3,855.02,3,At Risk
16038,8,4,454.33,0,Potential Loyalists
16040,65,3,1313.55,0,Potential Loyalists
16041,31,3,3166.4,0,Potential Loyalists
16042,22,7,1147.37,0,Potential Loyalists
16043,38,4,773.99,0,Potential Loyalists
16045,120,4,1340.7,0,Potential Loyalists
16048,86,3,243.69000000000003,0,Potential Loyalists
16049,40,3,1111.79,0,Potential Loyalists
16050,174,1,137.89999999999998,3,At Risk
16052,54,1,362.06,0,Potential Loyalists
16053,33,2,1511.95,0,Potential Loyalists
16054,145,1,783.9,3,At Risk
16055,221,1,134.8,3,At Risk
16056,45,1,664.85,0,Potential Loyalists
16057,4,10,2140.2200000000003,0,Potential Loyalists
16059,66,6,1459.8600000000001,0,Potential Loyalists
16062,10,4,1153.62,0,Potential Loyalists
16063,260,1,335.32,3,At Risk
16065,365,1,372.09,3,At Risk
16066,17,5,1521.8700000000001,0,Potential Loyalists
16070,22,2,852.15,0,Potential Loyalists
16071,45,1,326.24,0,Potential Loyalists
16072,288,1,584.3199999999999,3,At Risk
16073,292,2,94.35000000000001,3,At Risk
16076,3,11,2173.53,0,Potential Loyalists
16078,284,1,79.2,3,At Risk
16079,17,3,1352.0,0,Potential Loyalists
16080,82,3,176.6,0,Potential Loyalists
16081,56,5,2806.9,0,Potential Loyalists
16083,101,2,1317.62,0,Potential Loyalists
16084,299,1,436.18,3,At Risk
16085,23,5,981.51,0,Potential Loyalists
16086,59,6,1119.31,0,Potential Loyalists
16091,155,2,315.06,3,At Risk
16092,99,5,779.36,0,Potential Loyalists
16093,107,1,17.0,0,Potential Loyalists
16094,12,6,1041.83,0,Potential Loyalists
16096,264,1,320.62,3,At Risk
16097,240,1,185.04999999999998,3,At Risk
16098,88,7,2005.63,0,Potential Loyalists
16099,50,3,731.9,0,Potential Loyalists
16101,9,3,1245.96,0,Potential Loyalists
16102,42,3,1842.14,0,Potential Loyalists
16103,7,6,1429.64,0,Potential Loyalists
16104,62,1,302.36,0,Potential Loyalists
16105,249,1,336.96,3,At Risk
16106,66,1,108.38,0,Potential Loyalists
16107,18,7,3204.16,0,Potential Loyalists
16108,85,2,816.1,0,Potential Loyalists
16109,219,2,611.88,3,At Risk
16110,45,3,1337.48,0,Potential Loyalists
16112,143,4,195.74,0,Potential Loyalists
16113,183,1,161.38,3,At Risk
16114,171,1,135.75,3,At Risk
16115,10,8,1667.97,0,Potential Loyalists
16116,206,2,592.88,3,At Risk
16117,190,1,232.21,3,At Risk
16119,8,2,423.36,0,Potential Loyalists
16120,59,5,1294.1399999999999,0,Potential Loyalists
16121,57,2,867.11,0,Potential Loyalists
16122,73,4,684.42,0,Potential Loyalists
16123,52,1,307.78,0,Potential Loyalists
16124,316,2,187.15,3,At Risk
16125,367,1,289.35,3,At Risk
16126,29,4,6287.77,0,Potential Loyalists
16127,39,1,656.25,0,Potential Loyalists
16128,18,5,1880.22,0,Potential Loyalists
16131,52,6,3506.54,0,Potential Loyalists
16133,4,46,14305.66,2,Loyal Customers
16134,22,3,603.69,0,Potential Loyalists
16135,263,1,517.55,3,At Risk
16136,60,3,709.38,0,Potential Loyalists
16139,19,3,635.41,0,Potential Loyalists
16140,53,4,703.77,0,Potential Loyalists
16141,88,1,620.4000000000001,0,Potential Loyalists
16142,250,1,535.34,3,At Risk
16143,3,7,2419.84,0,Potential Loyalists
16144,247,1,175.2,3,At Risk
16145,9,18,3741.98,2,Loyal Customers
16146,157,3,734.13,3,At Risk
16147,134,1,375.0,0,Potential Loyalists
16148,296,1,76.32000000000001,3,At Risk
16149,5,2,280.52,0,Potential Loyalists
16150,39,10,1906.07,0,Potential Loyalists
16152,269,1,1829.04,3,At Risk
16153,50,5,1824.23,0,Potential Loyalists
16156,9,13,3024.62,0,Potential Loyalists
16157,16,4,644.24,0,Potential Loyalists
16159,282,1,348.2,3,At Risk
16160,64,4,1009.4499999999999,0,Potential Loyalists
16161,2,26,5352.97,2,Loyal Customers
16162,252,1,37.4,3,At Risk
16163,225,3,441.6,3,At Risk
16164,17,4,802.53,0,Potential Loyalists
16168,11,28,3770.6,2,Loyal Customers
16169,8,4,1822.97,0,Potential Loyalists
16170,51,7,1880.4199999999998,0,Potential Loyalists
16171,59,1,73.19999999999999,0,Potential Loyalists
16172,95,5,1140.21,0,Potential Loyalists
16173,16,7,1406.57,0,Potential Loyalists
16174,126,3,1009.55,0,Potential Loyalists
16175,94,4,1037.59,0,Potential Loyalists
16177,50,1,331.95,0,Potential Loyalists
16178,138,1,197.9,0,Potential Loyalists
16179,61,1,215.83,0,Potential Loyalists
16180,100,10,10217.48,0,Potential Loyalists
16181,73,1,305.54,0,Potential Loyalists
16182,72,4,6617.65,0,Potential Loyalists
16183,67,1,338.71,0,Potential Loyalists
16184,64,7,1155.54,0,Potential Loyalists
16185,17,2,529.41,0,Potential Loyalists
16186,23,13,3991.94,0,Potential Loyalists
16187,32,17,6841.24,2,Loyal Customers
16188,45,4,981.86,0,Potential Loyalists
16189,16,2,215.48,0,Potential Loyalists
16190,40,1,215.08,0,Potential Loyalists
16191,3,25,4913.32,2,Loyal Customers
16193,237,1,314.45,3,At Risk
16198,75,1,400.68100000000004,0,Potential Loyalists
16200,4,2,1080.6200000000001,0,Potential Loyalists
16201,3,5,1821.52,0,Potential Loyalists
16202,361,1,365.27,3,At Risk
16203,59,5,589.15,0,Potential Loyalists
16204,23,1,405.71,0,Potential Loyalists
16205,31,4,761.38,0,Potential Loyalists
16206,55,4,537.0600000000001,0,Potential Loyalists
16207,25,1,394.38,0,Potential Loyalists
16208,45,2,664.26,0,Potential Loyalists
16209,89,5,2262.62,0,Potential Loyalists
16210,2,18,21086.3,2,Loyal Customers
16211,81,2,542.77,0,Potential Loyalists
16212,19,3,681.19,0,Potential Loyalists
16213,79,1,159.0,0,Potential Loyalists
16214,171,3,1062.75,3,At Risk
16215,81,1,242.35,0,Potential Loyalists
16216,267,1,914.9300000000001,3,At Risk
16217,235,4,259.39000000000004,3,At Risk
16218,30,8,3054.87,0,Potential Loyalists
16221,37,3,864.86,0,Potential Loyalists
16222,318,1,846.72,3,At Risk
16224,57,4,1295.3,0,Potential Loyalists
16225,45,5,1096.32,0,Potential Loyalists
16226,203,3,255.12,3,At Risk
16227,219,2,308.32000000000005,3,At Risk
16229,87,2,1010.6,0,Potential Loyalists
16230,190,2,542.03,3,At Risk
16232,33,5,983.23,0,Potential Loyalists
16233,71,5,422.13,0,Potential Loyalists
16235,41,6,858.41,0,Potential Loyalists
16236,78,1,432.2,0,Potential Loyalists
16239,57,3,372.9,0,Potential Loyalists
16240,8,5,3693.81,0,Potential Loyalists
16241,10,13,2607.87,0,Potential Loyalists
16242,8,8,3598.26,0,Potential Loyalists
16243,34,2,409.09999999999997,0,Potential Loyalists
16244,212,2,1522.75,3,At Risk
16245,24,5,1352.36,0,Potential Loyalists
16247,170,1,114.55999999999999,3,At Risk
16248,62,1,152.94,0,Potential Loyalists
16249,53,5,1800.0700000000002,0,Potential Loyalists
16250,261,2,389.44,3,At Risk
16253,32,3,3665.62,0,Potential Loyalists
16255,17,10,2609.3,0,Potential Loyalists
16256,258,2,732.63,3,At Risk
16257,177,1,46.95,3,At Risk
16258,45,5,5203.51,0,Potential Loyalists
16260,51,1,1035.45,0,Potential Loyalists
16261,17,4,746.83,0,Potential Loyalists
16265,9,11,5423.15,0,Potential Loyalists
16266,74,7,861.89,0,Potential Loyalists
16268,71,2,667.65,0,Potential Loyalists
16270,353,1,1141.24,3,At Risk
16271,3,6,1423.29,0,Potential Loyalists
16272,117,1,411.7,0,Potential Loyalists
16274,373,1,357.95,3,At Risk
16275,197,1,559.87,3,At Risk
16276,177,1,810.6000000000001,3,At Risk
16278,23,3,537.83,0,Potential Loyalists
16279,21,4,1496.68,0,Potential Loyalists
16281,72,1,2062.06,0,Potential Loyalists
16282,340,1,168.3,3,At Risk
16283,6,7,1531.51,0,Potential Loyalists
16284,31,2,823.97,0,Potential Loyalists
16287,170,1,142.5,3,At Risk
16292,117,2,280.9,0,Potential Loyalists
16293,9,12,2236.7400000000002,0,Potential Loyalists
16295,10,4,1328.55,0,Potential Loyalists
16297,213,4,275.4,3,At Risk
16298,23,3,598.2,0,Potential Loyalists
16302,108,2,212.82,0,Potential Loyalists
16303,26,4,5305.83,0,Potential Loyalists
16305,139,1,361.21999999999997,0,Potential Loyalists
16306,214,9,602.27,3,At Risk
16308,38,4,2560.0,0,Potential Loyalists
16309,92,3,686.67,0,Potential Loyalists
16311,18,2,616.26,0,Potential Loyalists
16313,3,2,274.15,0,Potential Loyalists
16315,331,1,226.37,3,At Risk
16316,64,12,2755.56,0,Potential Loyalists
16317,120,3,1341.65,0,Potential Loyalists
16318,35,1,328.15,0,Potential Loyalists
16319,218,1,404.40000000000003,3,At Risk
16320,172,2,1038.46,3,At Risk
16321,72,7,230.70000000000002,0,Potential Loyalists
16322,1,2,326.75,0,Potential Loyalists
16323,196,1,207.50000000000003,3,At Risk
16324,128,3,428.68,0,Potential Loyalists
16325,44,5,510.54,0,Potential Loyalists
16326,6,15,3085.96,0,Potential Loyalists
16327,14,6,3844.22,0,Potential Loyalists
16330,18,4,242.21,0,Potential Loyalists
16332,28,8,1583.2,0,Potential Loyalists
16333,8,22,26626.8,2,Loyal Customers
16337,37,1,151.05,0,Potential Loyalists
16338,157,1,214.8,3,At Risk
16339,284,1,109.95,3,At Risk
16340,107,1,549.07,0,Potential Loyalists
16341,25,6,1959.38,0,Potential Loyalists
16342,75,4,322.41,0,Potential Loyalists
16343,16,2,370.48,0,Potential Loyalists
16344,158,1,101.10000000000001,3,At Risk
16345,44,1,575.41,0,Potential Loyalists
16347,11,2,887.65,0,Potential Loyalists
16348,32,7,1469.45,0,Potential Loyalists
16349,291,1,53.5,3,At Risk
16350,21,5,1100.47,0,Potential Loyalists
16351,333,1,153.9,3,At Risk
16352,18,2,494.44,0,Potential Loyalists
16353,4,23,6675.71,2,Loyal Customers
16354,63,2,395.8,0,Potential Loyalists
16356,198,4,210.32,3,At Risk
16357,33,3,658.88,0,Potential Loyalists
16358,1,5,2024.95,0,Potential Loyalists
16359,7,12,1460.37,0,Potential Loyalists
16360,5,8,3411.69,0,Potential Loyalists
16361,10,4,896.66,0,Potential Loyalists
16362,32,9,652.07,0,Potential Loyalists
16363,53,1,109.36000000000001,0,Potential Loyalists
16364,12,2,707.04,0,Potential Loyalists
16365,18,9,1540.4199999999998,0,Potential Loyalists
16366,19,1,327.3,0,Potential Loyalists
16367,37,2,804.49,0,Potential Loyalists
16368,2,2,497.43,0,Potential Loyalists
16369,18,3,1553.66,0,Potential Loyalists
16370,82,4,1320.56,0,Potential Loyalists
16372,33,2,367.93,0,Potential Loyalists
16374,66,2,473.03,0,Potential Loyalists
16376,9,3,977.52,0,Potential Loyalists
16377,267,1,676.2,3,At Risk
16378,247,3,362.95,3,At Risk
16379,4,5,2131.9,0,Potential Loyalists
16380,61,1,1780.59,0,Potential Loyalists
16383,75,2,668.36,0,Potential Loyalists
16384,90,2,584.5,0,Potential Loyalists
16385,60,3,555.89,0,Potential Loyalists
16386,29,2,317.2,0,Potential Loyalists
16387,323,1,94.36,3,At Risk
16389,53,5,1362.27,0,Potential Loyalists
16392,270,1,221.19,3,At Risk
16393,2,20,2941.05,2,Loyal Customers
16394,50,9,1412.06,0,Potential Loyalists
16395,61,5,1486.9,0,Potential Loyalists
16398,145,4,1631.15,0,Potential Loyalists
16399,19,2,408.57,0,Potential Loyalists
16400,95,1,303.93,0,Potential Loyalists
16401,1,20,4061.24,2,Loyal Customers
16402,265,2,299.6,3,At Risk
16403,302,2,161.04999999999998,3,At Risk
16404,70,1,443.05,0,Potential Loyalists
16405,302,2,167.25,3,At Risk
16406,19,1,163.07,0,Potential Loyalists
16407,13,10,2126.93,0,Potential Loyalists
16409,36,5,2028.88,0,Potential Loyalists
16411,19,2,214.65,0,Potential Loyalists
16412,54,1,151.83,0,Potential Loyalists
16413,57,1,262.2,0,Potential Loyalists
16414,22,2,126.25,0,Potential Loyalists
16415,44,1,210.35,0,Potential Loyalists
16416,27,4,1026.99,0,Potential Loyalists
16418,45,3,675.27,0,Potential Loyalists
16419,113,7,959.48,0,Potential Loyalists
16422,17,75,33805.69,2,Loyal Customers
16423,25,1,346.12,0,Potential Loyalists
16424,191,2,82.56,3,At Risk
16425,302,1,302.7,3,At Risk
16426,2,10,1908.25,0,Potential Loyalists
16427,263,2,241.06,3,At Risk
16429,106,1,284.55,0,Potential Loyalists
16430,57,1,300.85,0,Potential Loyalists
16431,213,3,642.8100000000001,3,At Risk
16432,64,1,287.40000000000003,0,Potential Loyalists
16433,28,1,184.26,0,Potential Loyalists
16434,29,7,1522.25,0,Potential Loyalists
16438,6,5,798.35,0,Potential Loyalists
16440,8,5,3640.67,0,Potential Loyalists
16441,67,2,381.2,0,Potential Loyalists
16442,2,3,616.79,0,Potential Loyalists
16444,46,5,638.77,0,Potential Loyalists
16445,34,1,230.51,0,Potential Loyalists
16446,1,3,2.9,0,Potential Loyalists
16447,136,1,259.01,0,Potential Loyalists
16448,198,1,188.89000000000001,3,At Risk
16449,191,3,674.69,3,At Risk
16450,150,1,311.92,3,At Risk
16451,88,1,266.96999999999997,0,Potential Loyalists
16455,64,7,1841.18,0,Potential Loyalists
16456,99,5,2158.37,0,Potential Loyalists
16457,218,1,208.36,3,At Risk
16458,3,18,3482.7400000000002,0,Potential Loyalists
16460,28,3,814.72,0,Potential Loyalists
16461,178,1,151.42,3,At Risk
16462,64,4,102.0,0,Potential Loyalists
16463,21,7,1383.7,0,Potential Loyalists
16464,20,3,1314.68,0,Potential Loyalists
16466,34,7,1603.46,0,Potential Loyalists
16468,74,1,74.9,0,Potential Loyalists
16469,24,4,650.4300000000001,0,Potential Loyalists
16470,52,5,757.44,0,Potential Loyalists
16471,275,1,223.95000000000002,3,At Risk
16473,165,4,314.86,3,At Risk
16474,7,11,1811.47,0,Potential Loyalists
16475,88,4,544.3,0,Potential Loyalists
16477,64,7,2494.46,0,Potential Loyalists
16478,25,3,331.0,0,Potential Loyalists
16479,10,2,300.83,0,Potential Loyalists
16480,76,1,769.29,0,Potential Loyalists
16482,16,1,220.62,0,Potential Loyalists
16483,192,1,139.35,3,At Risk
16484,174,3,379.4,3,At Risk
16485,77,1,363.65000000000003,0,Potential Loyalists
16488,33,4,492.2,0,Potential Loyalists
16491,47,1,731.5,0,Potential Loyalists
16493,73,6,1329.66,0,Potential Loyalists
16494,297,1,826.53,3,At Risk
16495,3,3,684.41,0,Potential Loyalists
16496,9,4,1562.22,0,Potential Loyalists
16497,50,6,2965.69,0,Potential Loyalists
16498,161,3,86.12,3,At Risk
16499,360,5,319.1,3,At Risk
16500,5,6,400.86,0,Potential Loyalists
16503,107,5,1421.43,0,Potential Loyalists
16504,25,1,484.38,0,Potential Loyalists
16505,32,1,777.6,0,Potential Loyalists
16506,20,2,90.30000000000001,0,Potential Loyalists
16509,297,1,363.70000000000005,3,At Risk
16510,372,1,248.1,3,At Risk
16511,22,3,950.26,0,Potential Loyalists
16513,5,4,874.59,0,Potential Loyalists
16515,52,5,1627.13,0,Potential Loyalists
16516,30,1,101.69999999999999,0,Potential Loyalists
16517,277,1,162.7,3,At Risk
16518,61,3,480.92,0,Potential Loyalists
16519,25,2,215.08,0,Potential Loyalists
16520,186,4,1036.62,3,At Risk
16523,2,28,9295.67,2,Loyal Customers
16525,2,29,11895.57,2,Loyal Customers
16526,172,1,290.36,3,At Risk
16527,81,1,228.06,0,Potential Loyalists
16528,4,1,244.41,0,Potential Loyalists
16529,190,1,455.25,3,At Risk
16531,22,7,1244.59,0,Potential Loyalists
16532,18,3,6748.8,0,Potential Loyalists
16533,19,5,1026.94,0,Potential Loyalists
16535,5,1,593.75,0,Potential Loyalists
16536,107,2,539.02,0,Potential Loyalists
16539,3,4,1388.81,0,Potential Loyalists
16542,54,1,119.62,0,Potential Loyalists
16545,165,1,339.3,3,At Risk
16549,10,10,4154.64,0,Potential Loyalists
16550,109,9,2266.25,0,Potential Loyalists
16551,96,3,922.12,0,Potential Loyalists
16552,243,2,379.73,3,At Risk
16553,163,15,5664.57,0,Potential Loyalists
16554,3,7,641.55,0,Potential Loyalists
16555,35,2,285.89,0,Potential Loyalists
16556,67,7,3313.79,0,Potential Loyalists
16557,24,2,281.85,0,Potential Loyalists
16558,1,24,8257.04,2,Loyal Customers
16560,21,3,816.51,0,Potential Loyalists
16561,6,2,511.12,0,Potential Loyalists
16563,54,1,1077.74,0,Potential Loyalists
16565,364,1,173.7,3,At Risk
16566,15,6,614.01,0,Potential Loyalists
16567,194,2,865.6,3,At Risk
16569,3,1,124.2,0,Potential Loyalists
16570,9,15,3622.95,0,Potential Loyalists
16571,3,5,1285.22,0,Potential Loyalists
16572,127,4,999.7,0,Potential Loyalists
16573,74,4,648.41,0,Potential Loyalists
16574,71,1,451.44,0,Potential Loyalists
16581,155,2,70.44,3,At Risk
16582,113,1,313.62,0,Potential Loyalists
16583,374,1,233.45000000000002,3,At Risk
16584,80,3,908.03,0,Potential Loyalists
16586,249,1,463.95,3,At Risk
16587,232,1,225.15,3,At Risk
16589,71,3,459.24,0,Potential Loyalists
16591,69,1,213.5,0,Potential Loyalists
16592,4,19,4073.28,2,Loyal Customers
16593,51,3,330.03,0,Potential Loyalists
16594,75,1,181.09,0,Potential Loyalists
16595,61,1,360.16,0,Potential Loyalists
16596,16,2,250.15,0,Potential Loyalists
16597,4,1,90.04,0,Potential Loyalists
16598,277,2,140.7,3,At Risk
16600,4,6,813.52,0,Potential Loyalists
16601,41,1,244.8,0,Potential Loyalists
16602,31,2,494.72999999999996,0,Potential Loyalists
16603,75,2,482.47,0,Potential Loyalists
16607,18,16,3038.67,0,Potential Loyalists
16609,15,9,5450.96,0,Potential Loyalists
16610,219,1,75.66,3,At Risk
16611,186,2,120.99,3,At Risk
16612,33,4,1187.66,0,Potential Loyalists
16613,70,1,618.59,0,Potential Loyalists
16614,183,1,506.19,3,At Risk
16616,15,2,500.42,0,Potential Loyalists
16617,236,1,151.85,3,At Risk
16618,31,6,2630.64,0,Potential Loyalists
16619,254,2,204.41,3,At Risk
16620,4,2,178.96,0,Potential Loyalists
16621,52,4,813.48,0,Potential Loyalists
16623,246,1,129.45000000000002,3,At Risk
16624,81,2,810.5699999999999,0,Potential Loyalists
16625,275,1,333.08,3,At Risk
16626,1,20,4379.65,2,Loyal Customers
16627,79,1,322.8,0,Potential Loyalists
16628,30,6,2183.04,0,Potential Loyalists
16629,74,2,417.73,0,Potential Loyalists
16633,17,7,2878.15,0,Potential Loyalists
16634,223,2,217.9,3,At Risk
16637,32,5,1124.59,0,Potential Loyalists
16638,23,11,1676.47,0,Potential Loyalists
16639,25,4,1169.38,0,Potential Loyalists
16641,106,1,231.1,0,Potential Loyalists
16642,5,3,679.83,0,Potential Loyalists
16643,246,1,487.51,3,At Risk
16644,178,2,833.78,3,At Risk
16647,170,2,214.06,3,At Risk
16648,39,2,270.85999999999996,0,Potential Loyalists
16650,72,1,518.42,0,Potential Loyalists
16652,54,11,6654.26,0,Potential Loyalists
16653,16,3,1166.92,0,Potential Loyalists
16654,141,5,594.97,0,Potential Loyalists
16655,18,6,3794.52,0,Potential Loyalists
16656,22,21,8568.24,2,Loyal Customers
16657,10,4,933.62,0,Potential Loyalists
16658,368,1,123.24,3,At Risk
16659,189,1,39.12,3,At Risk
16660,16,5,810.45,0,Potential Loyalists
16665,362,1,135.4,3,At Risk
16666,19,1,118.97999999999999,0,Potential Loyalists
16667,68,2,570.13,0,Potential Loyalists
16668,15,6,306.72,0,Potential Loyalists
16669,24,4,1370.87,0,Potential Loyalists
16670,17,17,4022.46,0,Potential Loyalists
16671,28,3,1692.27,0,Potential Loyalists
16672,2,23,8093.59,2,Loyal Customers
16674,55,2,319.61,0,Potential Loyalists
16676,34,5,1558.72,0,Potential Loyalists
16678,3,17,3013.83,0,Potential Loyalists
16679,366,1,129.75,3,At Risk
16680,43,1,183.7,0,Potential Loyalists
16681,73,6,1770.3400000000001,0,Potential Loyalists
16682,5,5,1028.0,0,Potential Loyalists
16684,4,31,65892.08,2,Loyal Customers
16685,61,2,324.24,0,Potential Loyalists
16686,47,9,3043.48,0,Potential Loyalists
16688,1,4,1260.8600000000001,0,Potential Loyalists
16689,76,3,303.26,0,Potential Loyalists
16690,44,3,208.63,0,Potential Loyalists
16692,256,2,1276.0,3,At Risk
16693,69,2,482.01,0,Potential Loyalists
16696,135,4,657.9,0,Potential Loyalists
16697,241,1,112.75,3,At Risk
16698,227,2,1998.0,3,At Risk
16700,9,17,5040.0,0,Potential Loyalists
16701,9,18,5150.27,2,Loyal Customers
16705,1,29,13946.130000000001,2,Loyal Customers
16706,37,3,531.35,0,Potential Loyalists
16708,46,1,656.63,0,Potential Loyalists
16709,85,5,3029.8700000000003,0,Potential Loyalists
16710,19,10,2483.04,0,Potential Loyalists
16711,3,5,1651.03,0,Potential Loyalists
16712,9,11,3645.43,0,Potential Loyalists
16713,19,21,6840.23,2,Loyal Customers
16714,219,4,911.53,3,At Risk
16715,78,1,301.71999999999997,0,Potential Loyalists
16716,267,3,319.8000000000001,3,At Risk
16717,9,9,3278.36,0,Potential Loyalists
16718,369,1,623.75,3,At Risk
16719,15,8,1773.92,0,Potential Loyalists
16720,26,1,155.24,0,Potential Loyalists
16721,262,1,292.47,3,At Risk
16722,17,16,4711.21,0,Potential Loyalists
16723,91,2,589.15,0,Potential Loyalists
16725,302,8,775.07,3,At Risk
16726,26,5,1382.02,0,Potential Loyalists
16727,364,1,272.82,3,At Risk
16728,46,4,1054.67,0,Potential Loyalists
16729,36,26,7076.28,2,Loyal Customers
16730,52,4,702.79,0,Potential Loyalists
16732,32,1,603.75,0,Potential Loyalists
16734,52,3,650.51,0,Potential Loyalists
16735,79,7,2269.21,0,Potential Loyalists
16737,53,1,417.6,0,Potential Loyalists
16738,298,1,3.75,3,At Risk
16739,172,2,312.55,3,At Risk
16743,29,8,2191.84,0,Potential Loyalists
16744,11,7,1304.76,0,Potential Loyalists
16745,87,18,7170.7,2,Loyal Customers
16746,5,19,6694.31,2,Loyal Customers
16747,25,4,826.96,0,Potential Loyalists
16748,18,5,1515.9,0,Potential Loyalists
16750,45,5,623.9300000000001,0,Potential Loyalists
16751,31,1,1764.72,0,Potential Loyalists
16752,373,1,207.5,3,At Risk
16753,58,1,223.92,0,Potential Loyalists
16754,372,1,2002.4,3,At Risk
16755,114,5,1484.63,0,Potential Loyalists
16756,215,1,239.4,3,At Risk
16757,319,1,106.83000000000001,3,At Risk
16758,65,1,369.34,0,Potential Loyalists
16759,8,4,772.84,0,Potential Loyalists
16761,97,1,316.62,0,Potential Loyalists
16762,20,3,1501.38,0,Potential Loyalists
16763,185,2,594.9,3,At Risk
16764,4,18,2758.25,0,Potential Loyalists
16765,294,1,34.0,3,At Risk
16766,273,2,1145.6,3,At Risk
16767,31,11,5580.6,0,Potential Loyalists
16768,48,5,458.04,0,Potential Loyalists
16769,260,1,380.39,3,At Risk
16770,58,6,744.9,0,Potential Loyalists
16771,33,5,2246.81,0,Potential Loyalists
16773,57,1,171.59,0,Potential Loyalists
16774,68,5,654.92,0,Potential Loyalists
16775,10,11,1695.66,0,Potential Loyalists
16776,60,1,388.28,0,Potential Loyalists
16777,80,2,226.35,0,Potential Loyalists
16778,74,2,245.94,0,Potential Loyalists
16779,2,28,10454.05,2,Loyal Customers
16780,100,2,425.19,0,Potential Loyalists
16781,365,2,294.65,3,At Risk
16782,10,19,2242.25,2,Loyal Customers
16784,20,1,107.6,0,Potential Loyalists
16788,123,2,597.48,0,Potential Loyalists
16789,8,1,80.8,0,Potential Loyalists
16790,4,8,1520.12,0,Potential Loyalists
16791,29,8,1706.28,0,Potential Loyalists
16792,282,2,110.38,3,At Risk
16793,57,1,243.84,0,Potential Loyalists
16794,1,12,1201.51,0,Potential Loyalists
16795,365,1,414.88,3,At Risk
16796,89,1,305.62,0,Potential Loyalists
16800,11,1,1201.49,0,Potential Loyalists
16801,163,5,867.8299999999999,3,At Risk
16803,65,1,332.3,0,Potential Loyalists
16804,23,3,536.99,0,Potential Loyalists
16805,174,2,460.59,3,At Risk
16806,103,4,801.49,0,Potential Loyalists
16807,143,3,1121.59,0,Potential Loyalists
16808,99,2,288.42,0,Potential Loyalists
16809,23,6,912.74,0,Potential Loyalists
16810,192,2,275.64,3,At Risk
16811,5,2,547.07,0,Potential Loyalists
16812,361,1,479.34999999999997,3,At Risk
16813,8,10,1692.98,0,Potential Loyalists
16814,14,22,6500.6,2,Loyal Customers
16816,103,4,417.06,0,Potential Loyalists
16817,3,13,1446.95,0,Potential Loyalists
16818,11,13,3317.97,0,Potential Loyalists
16820,96,1,497.61,0,Potential Loyalists
16823,227,1,358.38,3,At Risk
16824,16,2,460.64,0,Potential Loyalists
16825,39,2,775.18,0,Potential Loyalists
16826,51,1,341.7,0,Potential Loyalists
16828,93,2,128.5,0,Potential Loyalists
16829,157,1,197.22,3,At Risk
16830,39,1,325.91,0,Potential Loyalists
16832,184,3,199.15,3,At Risk
16833,1,4,1106.53,0,Potential Loyalists
16834,228,1,413.46,3,At Risk
16835,128,2,180.85,0,Potential Loyalists
16836,40,2,251.87,0,Potential Loyalists
16837,31,12,3167.73,0,Potential Loyalists
16838,197,3,582.9,3,At Risk
16839,9,39,15357.78,2,Loyal Customers
16841,37,7,1774.62,0,Potential Loyalists
16842,64,4,1260.44,0,Potential Loyalists
16843,43,17,10183.82,2,Loyal Customers
16846,50,1,214.32,0,Potential Loyalists
16847,43,1,193.44,0,Potential Loyalists
16848,53,1,281.42,0,Potential Loyalists
16849,187,1,124.57,3,At Risk
16850,334,1,332.41,3,At Risk
16851,4,3,342.45,0,Potential Loyalists
16852,10,2,144.91,0,Potential Loyalists
16855,24,2,328.4,0,Potential Loyalists
16856,15,1,35.400000000000006,0,Potential Loyalists
16858,366,2,345.89000000000004,3,At Risk
16859,106,5,473.14,0,Potential Loyalists
16861,60,3,151.65,0,Potential Loyalists
16863,29,4,481.35,0,Potential Loyalists
16866,141,3,207.74,0,Potential Loyalists
16869,23,5,805.62,0,Potential Loyalists
16871,22,7,2761.4900000000002,0,Potential Loyalists
16872,77,3,680.02,0,Potential Loyalists
16873,5,10,7066.31,0,Potential Loyalists
16875,64,9,2023.47,0,Potential Loyalists
16877,12,6,853.72,0,Potential Loyalists
16878,25,2,8.881784197001252e-16,0,Potential Loyalists
16880,31,7,1519.08,0,Potential Loyalists
16881,67,1,432.0,0,Potential Loyalists
16882,67,3,705.12,0,Potential Loyalists
16883,187,2,276.73,3,At Risk
16884,38,2,429.84,0,Potential Loyalists
16885,15,3,471.51,0,Potential Loyalists
16887,35,1,194.88,0,Potential Loyalists
16889,195,3,1578.67,3,At Risk
16891,2,5,809.7,0,Potential Loyalists
16892,1,7,496.84,0,Potential Loyalists
16893,367,1,145.93,3,At Risk
16895,65,1,219.14,0,Potential Loyalists
16897,299,3,213.03,3,At Risk
16898,26,4,444.46,0,Potential Loyalists
16899,8,6,1281.56,0,Potential Loyalists
16900,12,5,187.69,0,Potential Loyalists
16902,116,1,1706.88,0,Potential Loyalists
16903,29,1,373.24,0,Potential Loyalists
16904,4,16,3754.27,0,Potential Loyalists
16905,5,8,3085.48,0,Potential Loyalists
16906,82,4,579.77,0,Potential Loyalists
16907,29,5,981.65,0,Potential Loyalists
16909,64,2,364.14,0,Potential Loyalists
16910,4,8,1510.06,0,Potential Loyalists
16912,23,14,2528.67,0,Potential Loyalists
16913,290,1,113.44,3,At Risk
16914,36,1,208.45999999999998,0,Potential Loyalists
16915,9,6,621.6800000000001,0,Potential Loyalists
16916,24,2,576.26,0,Potential Loyalists
16917,277,1,391.52000000000004,3,At Risk
16918,50,7,1043.34,0,Potential Loyalists
16919,156,11,2596.45,0,Potential Loyalists
16921,61,1,169.79,0,Potential Loyalists
16923,12,26,6666.83,2,Loyal Customers
16924,21,4,739.5,0,Potential Loyalists
16926,371,1,230.25,3,At Risk
16927,116,3,543.05,0,Potential Loyalists
16928,80,19,2781.5,0,Potential Loyalists
16929,4,7,1295.39,0,Potential Loyalists
16930,26,3,380.55,0,Potential Loyalists
16931,5,21,4604.22,2,Loyal Customers
16932,53,1,161.94,0,Potential Loyalists
16933,1,5,530.08,0,Potential Loyalists
16934,55,2,950.9300000000001,0,Potential Loyalists
16936,26,1,262.68,0,Potential Loyalists
16938,9,5,1903.13,0,Potential Loyalists
16940,52,3,3049.88,0,Potential Loyalists
16942,13,10,1894.1100000000001,0,Potential Loyalists
16943,212,3,816.73,3,At Risk
16945,22,19,4345.5,2,Loyal Customers
16947,236,1,406.48,3,At Risk
16948,139,3,435.02,0,Potential Loyalists
16949,4,7,1161.27,0,Potential Loyalists
16950,57,3,1178.56,0,Potential Loyalists
16951,123,4,1262.75,0,Potential Loyalists
16952,109,2,167.60999999999999,0,Potential Loyalists
16953,30,1,20.8,0,Potential Loyalists
16954,1,9,2085.08,0,Potential Loyalists
16955,185,5,493.67,3,At Risk
16956,9,2,292.34,0,Potential Loyalists
16957,239,2,416.64,3,At Risk
16959,87,1,117.35,0,Potential Loyalists
16960,39,3,507.05,0,Potential Loyalists
16961,116,1,234.17,0,Potential Loyalists
16963,187,1,110.55000000000001,3,At Risk
16965,227,1,201.19,3,At Risk
16966,8,10,2148.47,0,Potential Loyalists
16967,189,1,319.02,3,At Risk
16968,4,2,439.43,0,Potential Loyalists
16969,39,3,650.41,0,Potential Loyalists
16971,3,2,232.20999999999998,0,Potential Loyalists
16976,267,1,251.51999999999998,3,At Risk
16978,78,1,344.33,0,Potential Loyalists
16979,4,8,1809.05,0,Potential Loyalists
16980,255,2,1078.96,3,At Risk
16982,61,1,384.06,0,Potential Loyalists
16983,13,8,1920.2,0,Potential Loyalists
16984,78,5,4392.42,0,Potential Loyalists
16985,17,11,5461.62,0,Potential Loyalists
16986,30,2,1873.2,0,Potential Loyalists
16987,3,7,1625.05,0,Potential Loyalists
16988,5,1,126.12,0,Potential Loyalists
16989,7,6,1133.25,0,Potential Loyalists
16990,219,1,179.0,3,At Risk
16992,11,6,1601.8600000000001,0,Potential Loyalists
16996,30,9,1427.46,0,Potential Loyalists
16997,288,3,702.0,3,At Risk
16998,150,6,287.02,3,At Risk
16999,23,2,484.82,0,Potential Loyalists
17001,1,11,3989.57,0,Potential Loyalists
17002,73,4,1487.78,0,Potential Loyalists
17004,46,2,1412.94,0,Potential Loyalists
17006,5,4,781.78,0,Potential Loyalists
17007,51,7,877.4300000000001,0,Potential Loyalists
17010,17,2,185.46,0,Potential Loyalists
17011,30,1,270.9,0,Potential Loyalists
17014,8,4,565.58,0,Potential Loyalists
17015,29,3,1842.56,0,Potential Loyalists
17017,3,27,8574.11,2,Loyal Customers
17018,41,2,920.1,0,Potential Loyalists
17019,11,4,1272.61,0,Potential Loyalists
17022,31,1,71.0,0,Potential Loyalists
17024,45,3,95.85,0,Potential Loyalists
17025,61,3,357.77,0,Potential Loyalists
17026,185,2,154.83,3,At Risk
17027,79,7,848.59,0,Potential Loyalists
17029,111,2,716.0,0,Potential Loyalists
17030,64,1,146.87,0,Potential Loyalists
17031,12,2,380.35,0,Potential Loyalists
17033,86,3,1030.1399999999999,0,Potential Loyalists
17034,16,4,734.5699999999999,0,Potential Loyalists
17035,246,3,388.33,3,At Risk
17037,78,2,1253.22,0,Potential Loyalists
17038,30,1,112.4,0,Potential Loyalists
17040,138,1,449.73,0,Potential Loyalists
17041,27,4,1065.77,0,Potential Loyalists
17042,3,5,1044.3799999999999,0,Potential Loyalists
17043,32,4,1735.18,0,Potential Loyalists
17044,9,3,897.4300000000001,0,Potential Loyalists
17045,113,3,339.44,0,Potential Loyalists
17046,157,1,642.02,3,At Risk
17047,85,3,1100.9,0,Potential Loyalists
17048,115,6,864.32,0,Potential Loyalists
17049,3,11,5594.78,0,Potential Loyalists
17050,96,6,3228.84,0,Potential Loyalists
17051,194,1,247.14000000000001,3,At Risk
17052,28,1,413.75,0,Potential Loyalists
17053,129,2,496.38,0,Potential Loyalists
17054,28,6,1353.83,0,Potential Loyalists
17058,82,3,1179.89,0,Potential Loyalists
17059,30,5,3095.04,0,Potential Loyalists
17060,266,1,234.24,3,At Risk
17061,74,12,5116.13,0,Potential Loyalists
17062,314,5,534.47,3,At Risk
17063,9,11,1421.59,0,Potential Loyalists
17064,59,3,859.35,0,Potential Loyalists
17068,12,22,4531.34,2,Loyal Customers
17069,28,13,2655.2200000000003,0,Potential Loyalists
17070,114,1,312.14,0,Potential Loyalists
17071,9,14,2385.48,0,Potential Loyalists
17073,18,4,1446.09,0,Potential Loyalists
17075,18,5,813.77,0,Potential Loyalists
17076,36,3,841.0799999999999,0,Potential Loyalists
17078,36,2,378.2,0,Potential Loyalists
17079,78,1,118.80000000000001,0,Potential Loyalists
17080,22,3,285.5,0,Potential Loyalists
17081,25,2,290.16,0,Potential Loyalists
17082,33,2,2003.8500000000001,0,Potential Loyalists
17083,109,3,1405.78,0,Potential Loyalists
17084,35,3,2949.75,0,Potential Loyalists
17085,123,6,1555.05,0,Potential Loyalists
17086,7,6,2050.08,0,Potential Loyalists
17088,28,4,1991.01,0,Potential Loyalists
17090,4,8,2041.8500000000001,0,Potential Loyalists
17091,3,10,3802.81,0,Potential Loyalists
17092,50,4,1777.78,0,Potential Loyalists
17094,318,2,270.2,3,At Risk
17095,22,6,1088.2,0,Potential Loyalists
17096,9,7,992.6800000000001,0,Potential Loyalists
17097,2,9,937.92,0,Potential Loyalists
17100,18,2,971.74,0,Potential Loyalists
17101,10,4,1621.73,0,Potential Loyalists
17102,262,1,25.5,3,At Risk
17105,159,2,665.78,3,At Risk
17107,33,7,10380.43,0,Potential Loyalists
17109,29,8,869.6800000000001,0,Potential Loyalists
17110,165,1,163.29999999999998,3,At Risk
17111,47,1,248.61,0,Potential Loyalists
17114,6,10,747.22,0,Potential Loyalists
17115,8,5,806.9,0,Potential Loyalists
17117,288,1,116.19999999999999,3,At Risk
17118,318,1,157.02,3,At Risk
17119,3,3,593.61,0,Potential Loyalists
17120,233,1,307.46,3,At Risk
17122,119,1,138.32,0,Potential Loyalists
17123,162,1,345.3,3,At Risk
17124,185,1,298.89,3,At Risk
17125,50,1,259.35,0,Potential Loyalists
17126,152,7,991.85,3,At Risk
17128,335,1,157.09,3,At Risk
17131,5,5,2463.17,0,Potential Loyalists
17133,16,7,4892.24,0,Potential Loyalists
17134,107,2,425.0,0,Potential Loyalists
17135,16,7,1139.73,0,Potential Loyalists
17138,276,1,380.5,3,At Risk
17139,16,15,10585.57,2,Loyal Customers
17140,247,1,465.32,3,At Risk
17142,239,1,579.0,3,At Risk
17144,1,2,984.5699999999999,0,Potential Loyalists
17146,106,3,749.78,0,Potential Loyalists
17147,23,6,1679.64,0,Potential Loyalists
17148,52,1,124.88,0,Potential Loyalists
17152,195,4,1503.5,3,At Risk
17153,24,1,213.78,0,Potential Loyalists
17154,75,1,329.34,0,Potential Loyalists
17155,18,2,251.7,0,Potential Loyalists
17157,8,3,306.55,0,Potential Loyalists
17158,32,3,1266.97,0,Potential Loyalists
17159,22,4,1534.73,0,Potential Loyalists
17160,31,6,3518.03,0,Potential Loyalists
17162,29,11,1707.21,0,Potential Loyalists
17163,22,2,293.1,0,Potential Loyalists
17164,33,8,2466.4,0,Potential Loyalists
17165,284,1,158.68,3,At Risk
17166,39,3,189.49,0,Potential Loyalists
17169,50,4,816.88,0,Potential Loyalists
17171,289,1,224.91,3,At Risk
17172,75,2,313.26,0,Potential Loyalists
17173,5,9,3755.65,0,Potential Loyalists
17174,218,1,59.9,3,At Risk
17175,44,5,1430.94,0,Potential Loyalists
17176,202,1,306.13,3,At Risk
17179,178,3,711.79,3,At Risk
17180,56,6,780.38,0,Potential Loyalists
17181,57,2,239.92000000000002,0,Potential Loyalists
17183,8,8,3286.91,0,Potential Loyalists
17186,47,2,144.0,0,Potential Loyalists
17187,227,1,203.95,3,At Risk
17188,11,9,2275.58,0,Potential Loyalists
17189,106,2,384.4,0,Potential Loyalists
17190,59,3,249.74,0,Potential Loyalists
17191,28,7,2095.13,0,Potential Loyalists
17193,36,9,1674.46,0,Potential Loyalists
17194,274,2,262.62,3,At Risk
17197,30,1,1013.01,0,Potential Loyalists
17198,24,3,692.22,0,Potential Loyalists
17201,54,1,342.63,0,Potential Loyalists
17203,36,6,3563.85,0,Potential Loyalists
17204,169,9,1352.91,3,At Risk
17205,54,1,384.08,0,Potential Loyalists
17206,53,1,204.24,0,Potential Loyalists
17211,27,9,2299.67,0,Potential Loyalists
17212,253,1,226.85,3,At Risk
17213,40,11,2741.08,0,Potential Loyalists
17214,60,7,984.12,0,Potential Loyalists
17217,234,1,113.5,3,At Risk
17218,4,10,1960.72,0,Potential Loyalists
17219,32,1,114.23,0,Potential Loyalists
17220,24,14,3198.25,0,Potential Loyalists
17221,7,2,335.13,0,Potential Loyalists
17222,65,1,354.15,0,Potential Loyalists
17223,310,2,426.79,3,At Risk
17226,309,1,393.49,3,At Risk
17227,19,6,939.32,0,Potential Loyalists
17228,16,8,1906.09,0,Potential Loyalists
17229,96,2,318.76,0,Potential Loyalists
17230,264,11,3466.67,3,At Risk
17231,12,14,3127.82,0,Potential Loyalists
17232,3,2,421.52,0,Potential Loyalists
17233,35,1,190.88,0,Potential Loyalists
17234,183,1,149.89,3,At Risk
17235,25,2,550.06,0,Potential Loyalists
17236,13,6,916.13,0,Potential Loyalists
17237,11,2,314.69,0,Potential Loyalists
17238,3,17,3744.65,0,Potential Loyalists
17239,313,2,379.95,3,At Risk
17242,108,2,1135.04,0,Potential Loyalists
17243,1,30,8628.55,2,Loyal Customers
17244,53,1,954.9,0,Potential Loyalists
17245,205,1,171.45,3,At Risk
17247,15,1,282.19,0,Potential Loyalists
17248,120,1,318.65,0,Potential Loyalists
17250,4,2,384.52,0,Potential Loyalists
17251,363,1,283.28,3,At Risk
17252,117,2,353.86,0,Potential Loyalists
17253,18,1,178.26,0,Potential Loyalists
17254,5,2,272.44,0,Potential Loyalists
17255,41,2,298.41,0,Potential Loyalists
17256,107,2,240.0,0,Potential Loyalists
17259,148,2,603.37,3,At Risk
17262,52,5,1253.3600000000001,0,Potential Loyalists
17263,208,1,63.44,3,At Risk
17265,139,2,562.9,0,Potential Loyalists
17266,2,3,310.64,0,Potential Loyalists
17267,127,2,317.62,0,Potential Loyalists
17268,108,4,763.64,0,Potential Loyalists
17272,42,5,2144.53,0,Potential Loyalists
17274,35,1,111.98,0,Potential Loyalists
17277,228,2,1065.35,3,At Risk
17278,241,1,246.04,3,At Risk
17279,58,1,187.82999999999998,0,Potential Loyalists
17282,130,3,1703.41,0,Potential Loyalists
17284,60,7,1641.68,0,Potential Loyalists
17286,22,1,153.92000000000002,0,Potential Loyalists
17287,26,7,1064.11,0,Potential Loyalists
17288,9,7,1419.73,0,Potential Loyalists
17289,32,4,936.16,0,Potential Loyalists
17290,4,2,525.24,0,Potential Loyalists
17291,308,1,550.8000000000001,3,At Risk
17293,8,9,1875.11,0,Potential Loyalists
17295,29,3,556.95,0,Potential Loyalists
17297,17,1,131.78,0,Potential Loyalists
17298,101,2,498.42,0,Potential Loyalists
17299,12,4,669.11,0,Potential Loyalists
17301,21,1,197.63,0,Potential Loyalists
17302,15,6,1119.93,0,Potential Loyalists
17303,361,1,250.04,3,At Risk
17306,11,21,8600.73,2,Loyal Customers
17309,95,1,82.75,0,Potential Loyalists
17311,78,2,1384.85,0,Potential Loyalists
17312,139,3,644.3000000000001,0,Potential Loyalists
17313,18,2,2288.13,0,Potential Loyalists
17314,25,11,2514.76,0,Potential Loyalists
17315,1,43,6204.46,2,Loyal Customers
17317,46,5,2524.02,0,Potential Loyalists
17320,100,3,1200.6200000000001,0,Potential Loyalists
17321,8,2,700.86,0,Potential Loyalists
17323,15,9,908.99,0,Potential Loyalists
17324,18,4,990.23,0,Potential Loyalists
17325,280,1,96.8,3,At Risk
17329,14,2,523.11,0,Potential Loyalists
17330,23,2,363.9,0,Potential Loyalists
17331,124,1,175.2,0,Potential Loyalists
17333,86,1,494.25,0,Potential Loyalists
17334,301,3,306.6,3,At Risk
17337,151,7,1944.32,0,Potential Loyalists
17338,17,10,6612.18,0,Potential Loyalists
17339,94,2,243.36,0,Potential Loyalists
17340,9,16,11891.18,2,Loyal Customers
17341,157,3,781.36,3,At Risk
17343,355,1,193.64,3,At Risk
17344,46,1,160.57,0,Potential Loyalists
17345,15,4,537.74,0,Potential Loyalists
17346,4,16,2611.58,0,Potential Loyalists
17347,86,1,228.96,0,Potential Loyalists
17348,15,5,1159.52,0,Potential Loyalists
17349,179,1,110.75,3,At Risk
17350,8,5,1256.19,0,Potential Loyalists
17351,36,3,587.15,0,Potential Loyalists
17353,129,2,1740.0,0,Potential Loyalists
17354,51,1,1393.06,0,Potential Loyalists
17356,312,1,178.22,3,At Risk
17357,24,2,388.14,0,Potential Loyalists
17358,303,2,365.85,3,At Risk
17359,11,1,127.86,0,Potential Loyalists
17360,17,3,585.79,0,Potential Loyalists
17361,49,3,488.2,0,Potential Loyalists
17362,239,2,312.23,3,At Risk
17364,1,12,4455.73,0,Potential Loyalists
17365,13,8,4801.56,0,Potential Loyalists
17367,238,1,168.4,3,At Risk
17368,23,9,1349.52,0,Potential Loyalists
17370,73,4,446.18,0,Potential Loyalists
17371,17,3,423.89,0,Potential Loyalists
17372,41,8,1342.68,0,Potential Loyalists
17373,40,4,646.92,0,Potential Loyalists
17374,219,2,495.77,3,At Risk
17375,190,4,372.5,3,At Risk
17376,71,2,203.2,0,Potential Loyalists
17377,24,21,3925.92,2,Loyal Customers
17379,11,1,404.66,0,Potential Loyalists
17381,9,30,20272.43,2,Loyal Customers
17382,65,1,65.4,0,Potential Loyalists
17383,4,1,199.29,0,Potential Loyalists
17384,19,2,336.4,0,Potential Loyalists
17385,15,1,261.11,0,Potential Loyalists
17386,8,6,2686.42,0,Potential Loyalists
17387,20,2,784.11,0,Potential Loyalists
17388,78,4,1259.56,0,Potential Loyalists
17389,1,43,31300.079999999998,2,Loyal Customers
17391,164,2,508.8,3,At Risk
17392,307,2,457.91,3,At Risk
17394,219,1,203.86999999999998,3,At Risk
17396,39,8,7330.8,0,Potential Loyalists
17397,22,2,696.41,0,Potential Loyalists
17398,115,3,653.38,0,Potential Loyalists
17400,126,5,2129.96,0,Potential Loyalists
17402,5,13,2633.85,0,Potential Loyalists
17403,36,1,281.62,0,Potential Loyalists
17404,4,18,30300.82,2,Loyal Customers
17405,1,5,967.22,0,Potential Loyalists
17406,330,5,1928.72,3,At Risk
17408,163,1,32.65,3,At Risk
17409,185,2,771.85,3,At Risk
17410,16,5,1214.72,0,Potential Loyalists
17411,12,4,748.94,0,Potential Loyalists
17412,3,7,1258.06,0,Potential Loyalists
17414,44,2,778.0,0,Potential Loyalists
17415,80,1,507.84,0,Potential Loyalists
17416,30,9,6838.34,0,Potential Loyalists
17418,42,2,463.46000000000004,0,Potential Loyalists
17419,11,14,4200.97,0,Potential Loyalists
17420,50,3,598.83,0,Potential Loyalists
17422,16,10,1853.1299999999999,0,Potential Loyalists
17423,45,4,663.63,0,Potential Loyalists
17425,19,2,759.17,0,Potential Loyalists
17426,4,7,5022.26,0,Potential Loyalists
17427,72,1,100.8,0,Potential Loyalists
17428,1,33,17078.45,2,Loyal Customers
17429,121,4,512.12,0,Potential Loyalists
17430,33,2,265.76,0,Potential Loyalists
17431,313,1,403.3,3,At Risk
17432,18,2,365.76,0,Potential Loyalists
17433,88,1,303.16,0,Potential Loyalists
17434,2,9,2333.42,0,Potential Loyalists
17436,2,2,216.3,0,Potential Loyalists
17438,247,2,378.3,3,At Risk
17440,148,5,177.10000000000002,0,Potential Loyalists
17442,29,10,2210.2599999999998,0,Potential Loyalists
17443,220,1,534.24,3,At Risk
17444,148,3,2940.04,3,At Risk
17446,177,2,120.89999999999999,3,At Risk
17447,40,2,541.53,0,Potential Loyalists
17449,2,8,2504.86,0,Potential Loyalists
17450,8,55,187482.17,1,Champions / VIPs
17451,1,10,1648.95,0,Potential Loyalists
17453,18,2,486.71999999999997,0,Potential Loyalists
17454,192,4,517.53,3,At Risk
17455,204,1,131.7,3,At Risk
17456,365,1,249.86,3,At Risk
17457,127,5,1737.7,0,Potential Loyalists
17458,15,1,316.5,0,Potential Loyalists
17459,43,2,657.3,0,Potential Loyalists
17460,79,8,452.63,0,Potential Loyalists
17461,23,3,757.46,0,Potential Loyalists
17462,51,3,662.94,0,Potential Loyalists
17463,16,6,1881.36,0,Potential Loyalists
17464,158,1,289.96,3,At Risk
17466,10,2,763.28,0,Potential Loyalists
17468,10,2,137.0,0,Potential Loyalists
17469,16,6,1843.06,0,Potential Loyalists
17470,45,5,1125.07,0,Potential Loyalists
17472,191,3,710.29,3,At Risk
17475,79,1,194.37,0,Potential Loyalists
17480,74,2,506.51,0,Potential Loyalists
17481,4,5,1249.34,0,Potential Loyalists
17483,65,3,414.04,0,Potential Loyalists
17486,261,1,396.87,3,At Risk
17489,59,2,376.64,0,Potential Loyalists
17490,1,11,1926.8799999999999,0,Potential Loyalists
17491,1,11,3541.92,0,Potential Loyalists
17492,248,1,374.57,3,At Risk
17495,8,2,497.56,0,Potential Loyalists
17496,359,1,271.05,3,At Risk
17498,76,1,272.21999999999997,0,Potential Loyalists
17499,290,1,622.88,3,At Risk
17500,17,3,1138.0,0,Potential Loyalists
17501,221,2,288.6,3,At Risk
17502,9,4,689.1,0,Potential Loyalists
17503,3,2,558.96,0,Potential Loyalists
17504,206,10,2745.28,3,At Risk
17505,162,2,1145.84,3,At Risk
17506,70,2,294.29,0,Potential Loyalists
17507,262,2,605.58,3,At Risk
17508,281,1,387.31,3,At Risk
17509,58,11,6100.74,0,Potential Loyalists
17510,25,1,308.48,0,Potential Loyalists
17511,3,46,88125.38,1,Champions / VIPs
17512,29,11,2920.04,0,Potential Loyalists
17513,72,1,513.2,0,Potential Loyalists
17514,128,1,208.65,0,Potential Loyalists
17515,31,4,639.02,0,Potential Loyalists
17516,15,5,768.08,0,Potential Loyalists
17517,309,1,153.94,3,At Risk
17519,17,7,1839.07,0,Potential Loyalists
17520,54,1,546.81,0,Potential Loyalists
17521,24,4,721.96,0,Potential Loyalists
17522,2,5,1070.71,0,Potential Loyalists
17523,11,4,652.74,0,Potential Loyalists
17524,361,1,145.0,3,At Risk
17525,360,1,422.7,3,At Risk
17526,1,8,706.7,0,Potential Loyalists
17527,54,6,888.86,0,Potential Loyalists
17528,1,11,3540.1,0,Potential Loyalists
17530,1,10,2385.0,0,Potential Loyalists
17531,121,2,293.45,0,Potential Loyalists
17534,54,1,223.36,0,Potential Loyalists
17535,280,1,164.4,3,At Risk
17536,177,1,76.5,3,At Risk
17537,30,2,897.62,0,Potential Loyalists
17538,26,1,98.42,0,Potential Loyalists
17540,9,3,570.4,0,Potential Loyalists
17542,270,1,170.75,3,At Risk
17545,43,3,645.96,0,Potential Loyalists
17549,24,2,148.86,0,Potential Loyalists
17550,197,3,267.16,3,At Risk
17551,359,1,306.84,3,At Risk
17552,43,6,909.9599999999999,0,Potential Loyalists
17553,130,1,1487.6,0,Potential Loyalists
17554,1,5,1952.45,0,Potential Loyalists
17555,20,2,483.26,0,Potential Loyalists
17556,206,1,157.9,3,At Risk
17557,14,3,541.46,0,Potential Loyalists
17560,95,4,854.95,0,Potential Loyalists
17561,19,1,167.62,0,Potential Loyalists
17562,14,8,1107.38,0,Potential Loyalists
17564,24,3,454.01,0,Potential Loyalists
17566,8,2,901.21,0,Potential Loyalists
17567,7,10,4012.56,0,Potential Loyalists
17569,332,1,344.14,3,At Risk
17571,50,4,1498.51,0,Potential Loyalists
17572,71,4,226.75000000000003,0,Potential Loyalists
17573,29,4,362.9,0,Potential Loyalists
17574,243,1,185.65,3,At Risk
17576,8,22,3457.78,2,Loyal Customers
17578,191,2,124.74,3,At Risk
17579,5,4,440.2,0,Potential Loyalists
17580,253,3,215.72,3,At Risk
17581,1,31,10736.11,2,Loyal Customers
17582,236,1,175.27,3,At Risk
17584,7,3,1227.3,0,Potential Loyalists
17585,109,4,1133.07,0,Potential Loyalists
17588,100,3,1240.2,0,Potential Loyalists
17589,60,4,2404.17,0,Potential Loyalists
17590,2,3,1479.22,0,Potential Loyalists
17591,73,8,2215.02,0,Potential Loyalists
17593,4,6,3911.56,0,Potential Loyalists
17594,85,2,993.18,0,Potential Loyalists
17595,12,2,388.79,0,Potential Loyalists
17596,23,7,2827.93,0,Potential Loyalists
17597,214,1,2044.37,3,At Risk
17600,18,1,161.67000000000002,0,Potential Loyalists
17601,239,1,116.00999999999999,3,At Risk
17602,2,8,5050.77,0,Potential Loyalists
17604,217,2,309.36,3,At Risk
17608,33,2,193.42,0,Potential Loyalists
17609,41,6,1103.92,0,Potential Loyalists
17611,4,19,3947.87,2,Loyal Customers
17612,53,10,1992.76,0,Potential Loyalists
17613,23,17,4509.37,0,Potential Loyalists
17614,57,1,390.07,0,Potential Loyalists
17615,130,3,329.6,0,Potential Loyalists
17616,174,3,571.1999999999999,3,At Risk
17618,6,3,971.58,0,Potential Loyalists
17619,312,1,218.52,3,At Risk
17620,60,1,81.44,0,Potential Loyalists
17621,21,4,1336.1000000000001,0,Potential Loyalists
17623,33,1,527.0500000000001,0,Potential Loyalists
17624,15,2,843.48,0,Potential Loyalists
17625,18,4,2047.0,0,Potential Loyalists
17628,81,1,75.75,0,Potential Loyalists
17629,6,9,1784.12,0,Potential Loyalists
17630,170,2,503.59999999999997,3,At Risk
17631,2,3,528.33,0,Potential Loyalists
17633,31,6,1242.34,0,Potential Loyalists
17634,36,9,2361.9700000000003,0,Potential Loyalists
17636,9,2,265.93,0,Potential Loyalists
17637,31,2,547.0600000000001,0,Potential Loyalists
17639,276,1,108.5,3,At Risk
17640,87,1,621.66,0,Potential Loyalists
17642,120,2,712.29,0,Potential Loyalists
17643,373,1,101.55,3,At Risk
17644,1,17,2768.98,0,Potential Loyalists
17646,219,4,995.6600000000001,3,At Risk
17647,65,1,133.06,0,Potential Loyalists
17648,61,5,1789.55,0,Potential Loyalists
17649,135,2,861.74,0,Potential Loyalists
17650,21,1,166.07999999999998,0,Potential Loyalists
17651,12,14,3886.67,0,Potential Loyalists
17652,25,18,4737.13,2,Loyal Customers
17653,29,5,1175.8799999999999,0,Potential Loyalists
17654,277,1,117.55,3,At Risk
17655,11,8,2571.7400000000002,0,Potential Loyalists
17656,73,5,1674.69,0,Potential Loyalists
17658,11,3,485.88,0,Potential Loyalists
17659,4,14,2954.75,0,Potential Loyalists
17660,141,1,196.0,0,Potential Loyalists
17663,26,9,1788.27,0,Potential Loyalists
17664,19,2,604.64,0,Potential Loyalists
17666,4,2,728.16,0,Potential Loyalists
17667,66,5,2055.51,0,Potential Loyalists
17668,1,2,347.75,0,Potential Loyalists
17669,43,7,3406.72,0,Potential Loyalists
17670,228,1,205.7,3,At Risk
17671,16,6,1284.08,0,Potential Loyalists
17672,44,4,3106.62,0,Potential Loyalists
17673,1,7,1622.22,0,Potential Loyalists
17674,74,2,551.04,0,Potential Loyalists
17675,1,41,20098.1,2,Loyal Customers
17676,4,7,1383.27,0,Potential Loyalists
17677,2,43,16219.22,2,Loyal Customers
17678,264,1,298.11,3,At Risk
17679,53,2,1992.1100000000001,0,Potential Loyalists
17680,24,1,184.4,0,Potential Loyalists
17682,10,7,2459.33,0,Potential Loyalists
17684,44,1,239.41,0,Potential Loyalists
17685,17,7,3191.53,0,Potential Loyalists
17686,7,7,5739.46,0,Potential Loyalists
17690,30,16,4748.45,0,Potential Loyalists
17691,358,2,290.40000000000003,3,At Risk
17692,127,5,733.44,0,Potential Loyalists
17693,136,3,187.02,0,Potential Loyalists
17694,142,1,283.12,0,Potential Loyalists
17695,132,2,765.34,0,Potential Loyalists
17696,38,14,2201.05,0,Potential Loyalists
17697,236,1,338.95,3,At Risk
17698,261,1,154.95,3,At Risk
17700,17,6,2508.89,0,Potential Loyalists
17701,253,1,417.95,3,At Risk
17702,30,6,1719.72,0,Potential Loyalists
17703,35,3,798.74,0,Potential Loyalists
17704,169,2,885.19,3,At Risk
17705,3,10,1781.12,0,Potential Loyalists
17706,4,22,10097.37,2,Loyal Customers
17707,185,2,152.4,3,At Risk
17708,188,2,267.08,3,At Risk
17709,170,1,137.45,3,At Risk
17711,11,2,385.1,0,Potential Loyalists
17712,45,1,522.91,0,Potential Loyalists
17714,321,1,153.0,3,At Risk
17715,201,1,326.4,3,At Risk
17716,23,12,5505.79,0,Potential Loyalists
17718,232,1,139.35,3,At Risk
17719,38,18,5367.8,2,Loyal Customers
17720,26,4,1195.94,0,Potential Loyalists
17722,96,6,2380.64,0,Potential Loyalists
17723,127,6,3276.4,0,Potential Loyalists
17724,58,4,995.6500000000001,0,Potential Loyalists
17725,16,14,3371.13,0,Potential Loyalists
17727,9,2,1042.55,0,Potential Loyalists
17728,4,5,2515.68,0,Potential Loyalists
17730,3,15,5288.83,0,Potential Loyalists
17731,79,5,878.2,0,Potential Loyalists
17732,373,1,303.97,3,At Risk
17733,39,2,692.1899999999999,0,Potential Loyalists
17734,54,3,700.63,0,Potential Loyalists
17735,2,19,13110.02,2,Loyal Customers
17736,9,4,337.49,0,Potential Loyalists
17737,9,2,168.24,0,Potential Loyalists
17738,19,5,1863.35,0,Potential Loyalists
17739,12,8,2786.05,0,Potential Loyalists
17742,113,2,355.11,0,Potential Loyalists
17744,4,7,2291.08,0,Potential Loyalists
17746,235,2,98.8,3,At Risk
17747,100,2,64.65,0,Potential Loyalists
17749,178,2,674.52,3,At Risk
17750,5,9,1797.57,0,Potential Loyalists
17752,359,1,80.64,3,At Risk
17754,1,6,1739.92,0,Potential Loyalists
17757,1,31,5585.49,2,Loyal Customers
17758,19,9,3456.7,0,Potential Loyalists
17759,17,3,834.99,0,Potential Loyalists
17760,22,2,287.59,0,Potential Loyalists
17761,33,1,712.78,0,Potential Loyalists
17763,263,1,15.0,3,At Risk
17764,51,2,818.82,0,Potential Loyalists
17765,159,3,371.88,3,At Risk
17767,15,1,271.2,0,Potential Loyalists
17768,8,3,2273.18,0,Potential Loyalists
17769,13,12,3960.63,0,Potential Loyalists
17770,199,5,1143.27,3,At Risk
17771,57,2,245.81,0,Potential Loyalists
17772,11,2,182.77,0,Potential Loyalists
17774,97,5,1215.46,0,Potential Loyalists
17775,255,1,56.4,3,At Risk
17777,25,3,665.86,0,Potential Loyalists
17779,21,5,642.17,0,Potential Loyalists
17781,159,2,188.01999999999998,3,At Risk
17783,72,2,283.47,0,Potential Loyalists
17785,53,1,131.94,0,Potential Loyalists
17786,85,2,278.74,0,Potential Loyalists
17787,153,4,1865.19,3,At Risk
17788,74,2,1117.9,0,Potential Loyalists
17789,281,1,225.9,3,At Risk
17790,27,14,1965.55,0,Potential Loyalists
17791,30,1,106.1,0,Potential Loyalists
17793,25,1,323.04,0,Potential Loyalists
17795,180,2,350.39,3,At Risk
17796,40,4,697.9,0,Potential Loyalists
17797,22,3,780.4300000000001,0,Potential Loyalists
17799,22,11,3026.08,0,Potential Loyalists
17800,37,9,1199.01,0,Potential Loyalists
17802,82,4,1251.84,0,Potential Loyalists
17805,74,1,512.31,0,Potential Loyalists
17806,11,1,546.04,0,Potential Loyalists
17809,16,15,4627.62,0,Potential Loyalists
17811,4,51,7677.71,2,Loyal Customers
17812,13,4,732.16,0,Potential Loyalists
17813,14,7,1714.6,0,Potential Loyalists
17816,37,4,36.56,0,Potential Loyalists
17817,4,3,387.68,0,Potential Loyalists
17819,72,8,3661.0699999999997,0,Potential Loyalists
17824,51,1,298.4,0,Potential Loyalists
17827,5,5,1995.46,0,Potential Loyalists
17828,9,9,1599.97,0,Potential Loyalists
17829,299,1,889.24,3,At Risk
17830,2,3,398.7,0,Potential Loyalists
17831,33,1,35.400000000000006,0,Potential Loyalists
17832,50,1,155.37,0,Potential Loyalists
17835,3,3,350.64,0,Potential Loyalists
17836,47,1,110.21000000000001,0,Potential Loyalists
17837,42,10,1560.53,0,Potential Loyalists
17838,27,6,2312.7,0,Potential Loyalists
17839,42,1,338.8,0,Potential Loyalists
17841,2,169,40340.78,1,Champions / VIPs
17843,303,1,205.48,3,At Risk
17844,107,1,51.56,0,Potential Loyalists
17846,85,1,2033.1,0,Potential Loyalists
17848,81,9,901.2,0,Potential Loyalists
17849,218,4,605.8000000000001,3,At Risk
17850,302,35,5288.63,2,Loyal Customers
17852,12,2,114.34,0,Potential Loyalists
17854,185,2,311.26,3,At Risk
17855,373,1,208.97,3,At Risk
17856,2,6,1393.79,0,Potential Loyalists
17857,3,25,26763.34,2,Loyal Customers
17858,6,12,5155.66,0,Potential Loyalists
17859,305,1,148.21,3,At Risk
17860,369,1,252.8,3,At Risk
17861,3,9,2059.2,0,Potential Loyalists
17862,324,1,330.9,3,At Risk
17863,59,6,3160.0,0,Potential Loyalists
17864,13,3,597.5,0,Potential Loyalists
17865,31,27,10158.54,2,Loyal Customers
17866,143,2,325.7,0,Potential Loyalists
17867,30,8,622.75,0,Potential Loyalists
17869,107,5,428.18,0,Potential Loyalists
17870,2,13,1889.4,0,Potential Loyalists
17871,205,1,155.9,3,At Risk
17873,80,6,1764.3600000000001,0,Potential Loyalists
17874,185,7,658.26,3,At Risk
17877,170,1,237.60999999999999,3,At Risk
17878,44,1,379.45,0,Potential Loyalists
17879,174,1,178.52,3,At Risk
17880,365,1,458.92,3,At Risk
17881,304,1,133.35,3,At Risk
17883,3,4,671.77,0,Potential Loyalists
17884,4,4,717.45,0,Potential Loyalists
17885,12,1,190.19,0,Potential Loyalists
17886,32,3,899.61,0,Potential Loyalists
17887,129,1,111.35000000000001,0,Potential Loyalists
17888,19,10,525.78,0,Potential Loyalists
17889,212,2,203.87,3,At Risk
17890,323,2,602.09,3,At Risk
17891,162,1,203.85999999999999,3,At Risk
17892,56,3,244.1,0,Potential Loyalists
17893,225,1,112.25,3,At Risk
17894,72,8,1119.81,0,Potential Loyalists
17895,44,1,98.0,0,Potential Loyalists
17896,23,1,256.32,0,Potential Loyalists
17897,173,4,541.1,3,At Risk
17898,85,2,152.06,0,Potential Loyalists
17899,159,1,155.79999999999998,3,At Risk
17900,165,4,15.0,3,At Risk
17901,29,1,110.38,0,Potential Loyalists
17904,21,2,178.92000000000002,0,Potential Loyalists
17905,71,4,800.24,0,Potential Loyalists
17906,247,1,72.9,3,At Risk
17908,374,1,243.28,3,At Risk
17911,9,1,366.23,0,Potential Loyalists
17912,310,6,295.61,3,At Risk
17913,59,2,411.6,0,Potential Loyalists
17914,4,1,336.43,0,Potential Loyalists
17917,45,3,341.28,0,Potential Loyalists
17919,88,1,1304.04,0,Potential Loyalists
17920,4,17,4204.1,0,Potential Loyalists
17921,64,4,826.52,0,Potential Loyalists
17923,282,1,207.50000000000003,3,At Risk
17924,1,13,2894.33,0,Potential Loyalists
17925,373,1,244.08,3,At Risk
17926,133,2,397.29,0,Potential Loyalists
17928,45,2,212.54000000000002,0,Potential Loyalists
17929,11,5,834.5,0,Potential Loyalists
17930,36,5,1740.48,0,Potential Loyalists
17931,134,2,408.36,0,Potential Loyalists
17932,29,3,1331.57,0,Potential Loyalists
17934,52,2,704.25,0,Potential Loyalists
17935,138,2,145.79,0,Potential Loyalists
17936,5,1,389.84,0,Potential Loyalists
17937,9,7,4301.22,0,Potential Loyalists
17939,160,1,99.14,3,At Risk
17940,49,14,1983.5800000000002,0,Potential Loyalists
17941,131,1,304.56,0,Potential Loyalists
17942,8,1,77.50000000000001,0,Potential Loyalists
17946,233,2,149.57999999999998,3,At Risk
17947,37,1,176.68,0,Potential Loyalists
17948,147,1,358.56000000000006,3,At Risk
17949,1,52,52750.840000000004,2,Loyal Customers
17950,72,4,472.12,0,Potential Loyalists
17951,40,4,990.84,0,Potential Loyalists
17954,5,16,2295.37,0,Potential Loyalists
17955,199,4,557.3,3,At Risk
17956,249,1,12.75,3,At Risk
17957,66,1,111.67999999999999,0,Potential Loyalists
17958,117,1,508.4599999999999,0,Potential Loyalists
17960,171,1,73.78,3,At Risk
17961,21,39,1296.44,2,Loyal Customers
17962,142,1,102.83,0,Potential Loyalists
17964,32,2,471.7,0,Potential Loyalists
17965,38,14,2622.57,0,Potential Loyalists
17966,38,5,1098.43,0,Potential Loyalists
17967,372,1,123.07,3,At Risk
17968,374,1,277.35,3,At Risk
17969,166,2,228.2,3,At Risk
17970,211,1,582.59,3,At Risk
17972,242,1,136.04,3,At Risk
17973,52,1,337.04,0,Potential Loyalists
17974,25,3,740.79,0,Potential Loyalists
17975,15,14,4393.61,0,Potential Loyalists
17976,372,1,353.19,3,At Risk
17977,29,1,288.14,0,Potential Loyalists
17978,365,1,300.92,3,At Risk
17979,36,5,737.8100000000001,0,Potential Loyalists
17980,166,3,811.45,3,At Risk
17984,145,1,152.68,3,At Risk
17985,22,1,634.95,0,Potential Loyalists
17986,56,1,20.8,0,Potential Loyalists
17987,185,1,198.57,3,At Risk
17988,12,8,191.17000000000002,0,Potential Loyalists
17990,237,3,630.84,3,At Risk
17991,225,2,93.35000000000001,3,At Risk
17994,122,6,629.69,0,Potential Loyalists
17995,282,1,76.1,3,At Risk
17997,74,12,1511.3,0,Potential Loyalists
17999,37,2,382.06,0,Potential Loyalists
18001,12,2,417.23,0,Potential Loyalists
18004,362,1,169.47,3,At Risk
18005,4,2,249.72,0,Potential Loyalists
18006,23,1,444.68,0,Potential Loyalists
18008,70,9,2116.19,0,Potential Loyalists
18009,235,2,252.24,3,At Risk
18010,257,1,174.8,3,At Risk
18011,373,1,102.78999999999999,3,At Risk
18013,155,2,187.29,3,At Risk
18014,28,1,166.42,0,Potential Loyalists
18015,4,1,120.03,0,Potential Loyalists
18016,32,5,1483.56,0,Potential Loyalists
18017,81,3,523.0,0,Potential Loyalists
18018,108,2,122.14,0,Potential Loyalists
18019,52,1,38.45,0,Potential Loyalists
18022,36,1,668.11,0,Potential Loyalists
18024,153,3,236.78,3,At Risk
18027,99,1,115.31,0,Potential Loyalists
18030,4,3,220.7,0,Potential Loyalists
18032,334,1,73.5,3,At Risk
18033,65,1,97.97,0,Potential Loyalists
18034,22,2,422.88,0,Potential Loyalists
18035,36,3,730.4,0,Potential Loyalists
18036,32,3,405.62,0,Potential Loyalists
18037,154,6,70.02,3,At Risk
18040,19,2,357.20000000000005,0,Potential Loyalists
18041,12,22,4161.14,2,Loyal Customers
18042,54,1,165.04999999999998,0,Potential Loyalists
18043,25,3,559.51,0,Potential Loyalists
18044,4,11,2085.65,0,Potential Loyalists
18045,45,1,189.4,0,Potential Loyalists
18048,203,2,172.29,3,At Risk
18050,359,1,74.4,3,At Risk
18053,66,2,297.07,0,Potential Loyalists
18055,7,11,6752.14,0,Potential Loyalists
18056,288,1,363.65,3,At Risk
18058,10,1,170.15999999999997,0,Potential Loyalists
18059,9,4,296.71,0,Potential Loyalists
18061,22,10,2119.41,0,Potential Loyalists
18062,173,3,720.52,3,At Risk
18064,133,2,814.0,0,Potential Loyalists
18065,6,15,2380.08,0,Potential Loyalists
18066,75,1,318.0,0,Potential Loyalists
18067,40,1,396.33,0,Potential Loyalists
18068,289,1,101.7,3,At Risk
18069,26,7,2021.82,0,Potential Loyalists
18071,258,2,453.0,3,At Risk
18072,155,2,3.552713678800501e-15,3,At Risk
18073,114,13,3864.44,0,Potential Loyalists
18074,374,1,489.6,3,At Risk
18075,23,14,2538.7200000000003,0,Potential Loyalists
18077,8,11,2633.01,0,Potential Loyalists
18078,217,2,336.13,3,At Risk
18079,45,4,3651.97,0,Potential Loyalists
18080,19,2,1231.5,0,Potential Loyalists
18081,36,3,343.45000000000005,0,Potential Loyalists
18082,26,1,703.37,0,Potential Loyalists
18084,16,2,87.53,0,Potential Loyalists
18085,330,2,689.95,3,At Risk
18086,274,1,101.34,3,At Risk
18087,98,4,3770.1199999999994,0,Potential Loyalists
18088,61,1,167.67000000000002,0,Potential Loyalists
18092,2,12,9065.76,0,Potential Loyalists
18093,93,5,2083.42,0,Potential Loyalists
18094,82,7,3017.3,0,Potential Loyalists
18095,313,2,580.0500000000001,3,At Risk
18096,12,3,911.15,0,Potential Loyalists
18097,8,7,2692.85,0,Potential Loyalists
18099,127,1,168.31,0,Potential Loyalists
18101,11,2,223.65,0,Potential Loyalists
18102,1,62,256438.49,1,Champions / VIPs
18104,37,1,754.64,0,Potential Loyalists
18105,38,1,113.48,0,Potential Loyalists
18106,330,1,430.7,3,At Risk
18108,249,2,264.65,3,At Risk
18109,2,31,7925.32,2,Loyal Customers
18110,19,2,206.05,0,Potential Loyalists
18112,12,2,352.69,0,Potential Loyalists
18113,369,1,76.32000000000001,3,At Risk
18114,290,1,220.1,3,At Risk
18116,68,8,1418.03,0,Potential Loyalists
18117,26,1,320.71999999999997,0,Potential Loyalists
18118,11,31,5595.77,2,Loyal Customers
18119,368,1,181.12,3,At Risk
18120,214,1,111.15,3,At Risk
18121,149,2,673.1,3,At Risk
18122,8,6,1826.21,0,Potential Loyalists
18123,24,2,589.4399999999999,0,Potential Loyalists
18125,30,5,1141.34,0,Potential Loyalists
18126,61,1,206.83,0,Potential Loyalists
18127,19,3,348.73,0,Potential Loyalists
18129,243,1,112.55,3,At Risk
18130,9,4,1045.74,0,Potential Loyalists
18133,211,2,715.5,3,At Risk
18135,29,5,681.9100000000001,0,Potential Loyalists
18136,63,4,761.83,0,Potential Loyalists
18138,295,1,152.65,3,At Risk
18139,17,8,8393.22,0,Potential Loyalists
18142,151,4,1014.9,3,At Risk
18143,117,2,1000.16,0,Potential Loyalists
18144,8,12,2888.75,0,Potential Loyalists
18145,13,4,2861.5499999999997,0,Potential Loyalists
18146,141,2,160.35,0,Potential Loyalists
18147,46,2,179.34,0,Potential Loyalists
18149,51,3,612.0799999999999,0,Potential Loyalists
18150,32,3,566.58,0,Potential Loyalists
18151,135,2,653.35,0,Potential Loyalists
18154,3,2,399.19,0,Potential Loyalists
18155,75,4,347.82,0,Potential Loyalists
18156,13,2,734.94,0,Potential Loyalists
18158,9,3,451.75,0,Potential Loyalists
18159,301,1,530.15,3,At Risk
18160,57,2,638.0600000000001,0,Potential Loyalists
18161,10,6,1612.79,0,Potential Loyalists
18164,31,2,394.7,0,Potential Loyalists
18165,177,1,302.46,3,At Risk
18167,4,6,1355.51,0,Potential Loyalists
18168,176,9,1133.64,3,At Risk
18169,61,1,202.65,0,Potential Loyalists
18170,33,3,980.3100000000001,0,Potential Loyalists
18171,59,7,1208.51,0,Potential Loyalists
18172,15,26,7490.17,2,Loyal Customers
18173,87,4,2106.84,0,Potential Loyalists
18174,7,1,104.0,0,Potential Loyalists
18176,354,2,448.65000000000003,3,At Risk
18177,31,7,1314.17,0,Potential Loyalists
18178,114,6,1573.41,0,Potential Loyalists
18179,9,6,1793.17,0,Potential Loyalists
18180,5,6,1843.75,0,Potential Loyalists
18181,24,1,382.8,0,Potential Loyalists
18183,218,6,600.52,3,At Risk
18184,15,1,49.8,0,Potential Loyalists
18185,249,1,304.25,3,At Risk
18188,15,4,1998.49,0,Potential Loyalists
18189,78,3,1084.34,0,Potential Loyalists
18190,192,3,274.51,3,At Risk
18191,262,1,207.8,3,At Risk
18192,72,1,957.97,0,Potential Loyalists
18193,151,3,212.96,3,At Risk
18194,64,2,896.0,0,Potential Loyalists
18196,95,2,689.13,0,Potential Loyalists
18198,4,21,5083.06,2,Loyal Customers
18200,106,1,163.8,0,Potential Loyalists
18202,200,3,1396.99,3,At Risk
18203,157,1,160.42,3,At Risk
18204,71,4,1979.3,0,Potential Loyalists
18205,36,2,517.36,0,Potential Loyalists
18209,29,1,139.10000000000002,0,Potential Loyalists
18210,2,6,2621.38,0,Potential Loyalists
18211,26,5,600.07,0,Potential Loyalists
18212,326,1,248.42,3,At Risk
18213,237,1,232.48000000000002,3,At Risk
18215,89,1,299.34000000000003,0,Potential Loyalists
18216,31,1,481.75,0,Potential Loyalists
18217,29,2,621.75,0,Potential Loyalists
18218,206,4,626.38,3,At Risk
18219,3,11,2019.77,0,Potential Loyalists
18220,220,2,297.78,3,At Risk
18221,22,6,1033.31,0,Potential Loyalists
18222,93,1,443.0,0,Potential Loyalists
18223,2,27,6315.2300000000005,2,Loyal Customers
18224,264,1,158.95000000000002,3,At Risk
18225,3,17,5361.02,2,Loyal Customers
18226,39,14,5192.1,0,Potential Loyalists
18227,218,1,93.75,3,At Risk
18228,50,3,769.2,0,Potential Loyalists
18229,12,20,7276.9,2,Loyal Customers
18230,9,10,2716.6000000000004,0,Potential Loyalists
18231,192,6,2066.17,3,At Risk
18232,82,5,582.47,0,Potential Loyalists
18233,326,1,440.0,3,At Risk
18235,72,3,1796.48,0,Potential Loyalists
18236,30,6,882.24,0,Potential Loyalists
18237,3,5,987.1,0,Potential Loyalists
18239,219,5,1561.6100000000001,3,At Risk
18240,46,1,422.58,0,Potential Loyalists
18241,10,18,2058.09,0,Potential Loyalists
18242,72,4,2232.4900000000002,0,Potential Loyalists
18245,7,8,2507.56,0,Potential Loyalists
18246,24,2,596.1,0,Potential Loyalists
18248,114,4,783.02,0,Potential Loyalists
18249,17,1,95.34,0,Potential Loyalists
18250,301,2,342.92,3,At Risk
18251,87,1,4314.72,0,Potential Loyalists
18252,51,2,526.67,0,Potential Loyalists
18255,89,1,103.30000000000001,0,Potential Loyalists
18257,39,12,2265.38,0,Potential Loyalists
18259,25,3,2338.6,0,Potential Loyalists
18260,173,8,2595.0,3,At Risk
18261,43,2,324.24,0,Potential Loyalists
18262,140,1,149.48,0,Potential Loyalists
18263,23,4,1211.08,0,Potential Loyalists
18265,72,2,801.51,0,Potential Loyalists
18269,358,2,138.9,3,At Risk
18270,38,3,238.95,0,Potential Loyalists
18272,3,7,3064.78,0,Potential Loyalists
18273,2,3,204.0,0,Potential Loyalists
18276,21,3,323.36,0,Potential Loyalists
18277,58,2,97.63,0,Potential Loyalists
18278,74,1,173.9,0,Potential Loyalists
18280,278,1,180.60000000000002,3,At Risk
18281,181,1,80.82,3,At Risk
18282,8,3,176.6,0,Potential Loyalists
18283,4,16,2094.88,0,Potential Loyalists
18287,43,3,1837.28,0,Potential Loyalists
